spearman,r2,rmse,prediction_observed_sd_ratio,calibration_slope,source,target,control,n_cells,n_participants,participant_id
0.0951393169657387,-0.43871450424194336,1.0477332397664139,0.09847264552540905,1.4582752889568544,GSE334503,CD21,cognate,84177,17.0,
0.07364665180469782,-0.018086791038513184,0.9194110658937715,0.09439776259415683,1.2958626107393527,GSE334503,CD21,noncognate,84177,17.0,
0.13825614902432784,-0.15890860557556152,1.1389294916890969,0.10458712338756848,1.7587573667534164,GSE334503,CD21,cognate,5577,,HS10
0.09241353844065689,-0.28908538818359375,0.9286177114071519,0.08809129238508653,1.370607913637266,GSE334503,CD21,cognate,5436,,HS12
0.10504459178298647,-0.9452918767929077,1.1419793540738468,0.1370898655109394,1.3540253907323416,GSE334503,CD21,cognate,4385,,HS16
0.07395864142977443,-0.5874179601669312,1.0084800579310271,0.09634690661224488,1.450227601286991,GSE334503,CD21,cognate,6170,,HS22
0.07926037664163534,-0.7412948608398438,1.132119591677184,0.06998379339188623,1.8283637086236826,GSE334503,CD21,cognate,4705,,HS24
0.11320059863403313,-0.22597801685333252,0.9540420560523757,0.11242924271013745,1.5871329594875767,GSE334503,CD21,cognate,5100,,HS28
0.10754759322688379,-0.31036150455474854,1.035770507517403,0.10357476531008765,1.7222402048094536,GSE334503,CD21,cognate,5338,,HS30
0.04606694951632836,-0.40630459785461426,0.8943896785467238,0.0963335881529958,0.7950696430479839,GSE334503,CD21,cognate,4821,,HS32
0.09644142249070817,-0.34214282035827637,1.0126961953610845,0.09926067609258267,1.3345778332609546,GSE334503,CD21,cognate,4619,,HS46
0.10577897006918666,-0.1600184440612793,1.131463240447361,0.09008399314607984,1.419098520562889,GSE334503,CD21,cognate,4185,,HS47
0.09208731297598913,-0.6322333812713623,1.059131218421822,0.10302257750759179,1.2350395989825451,GSE334503,CD21,cognate,4761,,HS6
0.09737461622403042,-0.44992804527282715,0.9887349289855915,0.09548574060249818,1.4490733685336061,GSE334503,CD21,cognate,5350,,HS68
0.07451301406152509,-0.496295690536499,1.0686119101919962,0.07533163884414396,1.4633841616675403,GSE334503,CD21,cognate,4783,,HS75
0.08434624939922272,-0.8824454545974731,1.1932395462834604,0.08210471999842643,1.5509162079385486,GSE334503,CD21,cognate,4613,,HS86
0.06999478336205374,-0.8059580326080322,0.9548829236091959,0.10965038365599941,0.8976200258910659,GSE334503,CD21,cognate,5422,,HS88
0.13618726249909655,-0.3403433561325073,1.1283911879698785,0.11558554674421058,1.4450698225144483,GSE334503,CD21,cognate,3835,,HS93
0.07146458502852956,-0.7197580337524414,1.060650393665895,0.09663185704351548,1.6369605022934886,GSE334503,CD21,cognate,5077,,HS94
0.08109697300859509,-7.521096229553223,1.8056131606408712,0.16929854150271176,0.6942578401808452,GSE334503,CD57 Recombinant,cognate,84177,17.0,
-0.007161887876135874,-3.0863771438598633,1.765763944036912,0.11988553840128038,-0.08819987161590294,GSE334503,CD57 Recombinant,noncognate,84177,17.0,
0.08868991318998734,-7.818646430969238,1.793091879878178,0.18591335826847827,0.6732583245802003,GSE334503,CD57 Recombinant,cognate,5577,,HS10
0.07645948980026039,-7.004452705383301,1.4642449948168481,0.15859233199277667,0.7992139994917848,GSE334503,CD57 Recombinant,cognate,5436,,HS12
0.0907186942662105,-8.683350563049316,1.9012423544384522,0.16058692766627305,0.8101038956206381,GSE334503,CD57 Recombinant,cognate,4385,,HS16
0.05403860713436062,-15.573112487792969,1.816113979657203,0.1355494297958499,0.6036307633263883,GSE334503,CD57 Recombinant,cognate,6170,,HS22
0.08709288733404624,-11.519441604614258,1.874608889160602,0.17880195207464042,0.6815692077220987,GSE334503,CD57 Recombinant,cognate,4705,,HS24
0.07269741643741527,-4.488173007965088,1.6021464702069097,0.15357000607905386,0.5998984466893768,GSE334503,CD57 Recombinant,cognate,5100,,HS28
0.07802293236298544,-8.008623123168945,1.6126501590098872,0.18137388404792576,0.5758377292071546,GSE334503,CD57 Recombinant,cognate,5338,,HS30
0.11396855917837137,-3.575007438659668,1.9314302922013036,0.20327487439491237,0.6528055528499709,GSE334503,CD57 Recombinant,cognate,4821,,HS32
0.028608650000190236,-11.769590377807617,1.9150614720131978,0.10310974502973877,0.35768003033393037,GSE334503,CD57 Recombinant,cognate,4619,,HS46
0.0623120779568396,-13.43515682220459,1.884834817989942,0.18858014052302227,0.4332332454978777,GSE334503,CD57 Recombinant,cognate,4185,,HS47
0.060403806248138674,-6.937489986419678,1.5993100586109683,0.16035122217304726,0.6667191832627537,GSE334503,CD57 Recombinant,cognate,4761,,HS6
0.03788906670544615,-16.30422019958496,1.8216801691325621,0.10488482974441211,0.5616898054025051,GSE334503,CD57 Recombinant,cognate,5350,,HS68
0.11279237537686648,-6.8808441162109375,1.9162367324718175,0.18101234846033915,0.8767292577282493,GSE334503,CD57 Recombinant,cognate,4783,,HS75
0.13606001305809468,-5.805438041687012,1.9640197846373701,0.23825413571800616,0.7494026880431295,GSE334503,CD57 Recombinant,cognate,4613,,HS86
0.07529231529942593,-12.553168296813965,1.9049755276086788,0.18155651945738593,0.6351538529661862,GSE334503,CD57 Recombinant,cognate,5422,,HS88
0.07568596817575635,-9.095267295837402,1.9093410257916201,0.16253433487909927,0.7092311945989341,GSE334503,CD57 Recombinant,cognate,3835,,HS93
0.06864646007819669,-6.3094658851623535,1.7975810115210267,0.11751524846130344,0.8542577788897183,GSE334503,CD57 Recombinant,cognate,5077,,HS94
0.49997051168375095,0.19704222679138184,0.9623066212483901,0.32890776296500873,1.4678532918405873,GSE334503,CD16,cognate,84177,17.0,
-0.0908027365960421,-1.703249216079712,0.9112150721403648,0.6373285470182539,-0.11893089135302151,GSE334503,CD16,noncognate,84177,17.0,
0.6455069683923719,0.22541111707687378,1.1673312281265171,0.31491286049131245,1.6520703754092614,GSE334503,CD16,cognate,5577,,HS10
0.41072852807580457,0.1368679404258728,0.9516980480246624,0.23235482093099682,1.8774617470716277,GSE334503,CD16,cognate,5436,,HS12
0.6434978064850848,0.2556339502334595,1.1733773329099906,0.4700055712103411,1.078990922154585,GSE334503,CD16,cognate,4385,,HS16
0.35845262802073496,0.07428818941116333,0.81485838835781,0.3147142800840593,1.4751645799064301,GSE334503,CD16,cognate,6170,,HS22
0.5940495334007114,0.17016279697418213,1.2006867212081829,0.24147878482783058,2.094021275784442,GSE334503,CD16,cognate,4705,,HS24
0.37820467970926663,0.14431488513946533,0.8658945565948338,0.28515335948229814,1.7080689969442102,GSE334503,CD16,cognate,5100,,HS28
0.5050803661096983,0.16622143983840942,0.9216066066759284,0.3026997429080621,1.4592258561146052,GSE334503,CD16,cognate,5338,,HS30
0.5640483049434017,0.17067021131515503,0.9924898362780366,0.2687754163807227,1.7122054058035339,GSE334503,CD16,cognate,4821,,HS32
0.4667023372570924,0.14941996335983276,0.974934036517733,0.19423741179999618,2.6364955656615554,GSE334503,CD16,cognate,4619,,HS46
0.5720557174476482,0.25528883934020996,1.0096545278206333,0.30083866616713434,1.912697134566167,GSE334503,CD16,cognate,4185,,HS47
0.48196852908655713,0.18015247583389282,0.9518989744817863,0.2568893827526711,2.030352930742096,GSE334503,CD16,cognate,4761,,HS6
0.42751662549194586,0.1334359049797058,0.8888715917838177,0.32504620048059113,1.3705285950005868,GSE334503,CD16,cognate,5350,,HS68
0.48207577264294144,0.180422842502594,0.8058212219466887,0.43516648260710833,1.2589404395242707,GSE334503,CD16,cognate,4783,,HS75
0.49603174532865013,0.18163520097732544,0.8918902127332525,0.3608457546014866,1.4002639582250134,GSE334503,CD16,cognate,4613,,HS86
0.5244759268255985,0.23151260614395142,0.9623481197168161,0.4909222304932828,1.0478915779110451,GSE334503,CD16,cognate,5422,,HS88
0.36382965223575714,0.11827129125595093,0.833877342199102,0.21823466248846476,2.2570172878886092,GSE334503,CD16,cognate,3835,,HS93
0.38030332316684395,0.14753848314285278,0.8586327902306783,0.33499611725107015,1.3049262772703996,GSE334503,CD16,cognate,5077,,HS94
0.7066010455474249,0.2668529152870178,0.8031671475880483,0.5407909818341161,0.9564237091163783,GSE334503,HLA-DR,cognate,84177,17.0,
0.20828789919392038,-0.46636807918548584,1.0173742049715973,0.603782637736774,0.15620939046155569,GSE334503,HLA-DR,noncognate,84177,17.0,
0.7902893706178465,0.2501499056816101,0.875096145524708,0.6570325257389809,0.7931870142622026,GSE334503,HLA-DR,cognate,5577,,HS10
0.7159821927399167,0.2764264941215515,0.9006349972574418,0.5067285345213306,1.0592902883593325,GSE334503,HLA-DR,cognate,5436,,HS12
0.740999557795384,0.23929494619369507,0.7657736809058157,0.5507636290318201,0.9110771458764256,GSE334503,HLA-DR,cognate,4385,,HS16
0.7210824325981875,0.2627451419830322,0.760728906948925,0.6119845680038094,0.8507876143561406,GSE334503,HLA-DR,cognate,6170,,HS22
0.6549592435102638,0.1945742964744568,0.7812929904553488,0.6493866725748797,0.7680757790860289,GSE334503,HLA-DR,cognate,4705,,HS24
0.6864409038960237,0.26387709379196167,0.7914650099726177,0.4100292298737865,1.2927996430620625,GSE334503,HLA-DR,cognate,5100,,HS28
0.6263154775731199,0.27210867404937744,0.7142486179459939,0.511699330360226,1.0399961977582017,GSE334503,HLA-DR,cognate,5338,,HS30
0.6359927074927111,0.2333773970603943,0.8128387405283968,0.5112996987389049,0.9607098734228361,GSE334503,HLA-DR,cognate,4821,,HS32
0.6507482944153741,0.1866036057472229,0.788047855785399,0.6392748084443103,0.7295638364950034,GSE334503,HLA-DR,cognate,4619,,HS46
0.7224972227844109,0.3221692442893982,0.7699444044156439,0.6417808870502473,0.908666945420747,GSE334503,HLA-DR,cognate,4185,,HS47
0.7871652125437386,0.24875593185424805,0.8756640843361934,0.4815689659342922,1.1198554070241884,GSE334503,HLA-DR,cognate,4761,,HS6
0.7182938145270643,0.2985053062438965,0.7557627298240144,0.5338251361066817,1.0268910813234082,GSE334503,HLA-DR,cognate,5350,,HS68
0.749727106933696,0.2374098300933838,0.8586461878167301,0.5272560470251163,0.9436304583425742,GSE334503,HLA-DR,cognate,4783,,HS75
0.7956776821831759,0.2681715488433838,0.8883365878915721,0.5663013961251973,0.9424739399699094,GSE334503,HLA-DR,cognate,4613,,HS86
0.6128407183140523,0.2368640899658203,0.6783212325081379,0.5220911120632997,0.9491520188744187,GSE334503,HLA-DR,cognate,5422,,HS88
0.6873631456169282,0.25079095363616943,0.8127328832367519,0.3562387950668268,1.51981778943665,GSE334503,HLA-DR,cognate,3835,,HS93
0.6639606997987815,0.29846781492233276,0.8004264603835934,0.43385898959908004,1.2930114977151137,GSE334503,HLA-DR,cognate,5077,,HS94
0.21788655117062639,0.046869099140167236,0.5203363304294206,0.19639309022800408,1.1627753772640623,GSE334503,CD185 (CXCR5),cognate,84177,17.0,
-0.12844885825205665,-0.19766533374786377,0.6598136283616982,0.17361231529733145,-0.6412792930271349,GSE334503,CD185 (CXCR5),noncognate,84177,17.0,
0.33029550571199306,0.0808795690536499,0.5674224156856784,0.24891513347760624,1.3120874129094473,GSE334503,CD185 (CXCR5),cognate,5577,,HS10
0.19897777261032007,0.04401707649230957,0.5261557301152092,0.15982804917301757,1.3672296855134287,GSE334503,CD185 (CXCR5),cognate,5436,,HS12
0.1630789807132927,0.0022942423820495605,0.4960155124997642,0.1176846543681783,1.8866296638993472,GSE334503,CD185 (CXCR5),cognate,4385,,HS16
0.20320787134555932,0.02455270290374756,0.5170998720920267,0.26826877999344717,0.7206048941662696,GSE334503,CD185 (CXCR5),cognate,6170,,HS22
0.24465448060674716,0.061606764793395996,0.5125653202019766,0.21903433047800808,1.25443761357189,GSE334503,CD185 (CXCR5),cognate,4705,,HS24
0.20322453610243407,0.04062837362289429,0.5308649968066442,0.1656685805783965,1.329577637616724,GSE334503,CD185 (CXCR5),cognate,5100,,HS28
0.1789924543946392,0.030098378658294678,0.5427171137777346,0.1613660867005095,1.1138106355229844,GSE334503,CD185 (CXCR5),cognate,5338,,HS30
0.2027684549317843,0.04358571767807007,0.5158955702214943,0.16222067092760778,1.3578270584256367,GSE334503,CD185 (CXCR5),cognate,4821,,HS32
0.22031967055925922,0.03508913516998291,0.5167827036234461,0.20024920369699403,1.1206043531390852,GSE334503,CD185 (CXCR5),cognate,4619,,HS46
0.3585579385851519,0.09476256370544434,0.5699056715881019,0.27140707625922017,1.2365269521900195,GSE334503,CD185 (CXCR5),cognate,4185,,HS47
0.19404592555386618,0.01756995916366577,0.4978118491542702,0.15581652939522675,1.3153280883929424,GSE334503,CD185 (CXCR5),cognate,4761,,HS6
0.17309470394433507,0.018232524394989014,0.5437151218058439,0.13131757571412744,1.4618171206354977,GSE334503,CD185 (CXCR5),cognate,5350,,HS68
0.16950819132789482,0.028010547161102295,0.4862731841279904,0.20727778548167966,0.8418611660970016,GSE334503,CD185 (CXCR5),cognate,4783,,HS75
0.17456714096908743,-0.012758135795593262,0.4714177670081891,0.22057929193700604,0.8234317475254063,GSE334503,CD185 (CXCR5),cognate,4613,,HS86
0.10369123919790484,-0.02840268611907959,0.5083186341594162,0.09273079036051741,1.1529447702433264,GSE334503,CD185 (CXCR5),cognate,5422,,HS88
0.2358131910712611,0.057460904121398926,0.5257788432776136,0.19315752884763965,1.3162008834704406,GSE334503,CD185 (CXCR5),cognate,3835,,HS93
0.17545632869665015,0.0005481243133544922,0.498452189955491,0.22528995450411857,0.8062046433084892,GSE334503,CD185 (CXCR5),cognate,5077,,HS94
0.17019160407448355,-0.5475171804428101,0.5069053470073691,0.41132773425640845,0.5319624829224727,GSE334503,CD279,cognate,84177,17.0,
0.016417040247194127,-0.2690175771713257,1.486376888161986,0.12702873629940356,0.17416223177661147,GSE334503,CD279,noncognate,84177,17.0,
0.1725917680312463,-0.5142061710357666,0.4799208114043418,0.42952572496839325,0.528053905418121,GSE334503,CD279,cognate,5577,,HS10
0.10796978874153623,-0.39709389209747314,0.4995574035336839,0.23424861074394682,0.5846105753856934,GSE334503,CD279,cognate,5436,,HS12
0.22930622384756547,-0.51142418384552,0.5335596031779698,0.392764903305551,0.8394699534552361,GSE334503,CD279,cognate,4385,,HS16
0.13940620565231387,-0.5429732799530029,0.46628622430802213,0.3860050714023891,0.46537456877358396,GSE334503,CD279,cognate,6170,,HS22
0.18258263782687534,-0.93379807472229,0.519920318165547,0.6108079741723237,0.3897720017348455,GSE334503,CD279,cognate,4705,,HS24
0.16855546223749207,-0.47212326526641846,0.5663891756838516,0.3107797024472342,0.6356165373900126,GSE334503,CD279,cognate,5100,,HS28
0.15515208243621056,-0.6089709997177124,0.5254981345752451,0.3235714907456498,0.6393210862179414,GSE334503,CD279,cognate,5338,,HS30
0.15021945416230503,-0.368319034576416,0.49663053592637224,0.41454585644759906,0.4575216713687866,GSE334503,CD279,cognate,4821,,HS32
0.21630648556297072,-0.45499086380004883,0.5237470252560281,0.48229174195293983,0.5132017938832277,GSE334503,CD279,cognate,4619,,HS46
0.19365775355943687,-0.9160870313644409,0.5527056090077728,0.6593162262512836,0.3506728424830362,GSE334503,CD279,cognate,4185,,HS47
0.1065257761353355,-0.49008500576019287,0.4567396586823344,0.296368687272972,0.4708756259456383,GSE334503,CD279,cognate,4761,,HS6
0.11734436044578128,-0.4112355709075928,0.4335106950549348,0.34312739393393954,0.4826099011187209,GSE334503,CD279,cognate,5350,,HS68
0.1922948202695583,-0.6685258150100708,0.552615122517218,0.3967832963046789,0.613737612770944,GSE334503,CD279,cognate,4783,,HS75
0.20384532101736735,-0.6325638294219971,0.4828215113666134,0.5430203401890566,0.5545599434934346,GSE334503,CD279,cognate,4613,,HS86
0.11953470280791582,-0.4135105609893799,0.4647223851103623,0.27666636169040715,0.6577739787760024,GSE334503,CD279,cognate,5422,,HS88
0.202322633052863,-0.867412805557251,0.5274157439643856,0.47263452858443095,0.5654302567043195,GSE334503,CD279,cognate,3835,,HS93
0.18420148377589424,-0.7675914764404297,0.5452986750995344,0.3975727663284862,0.5578049121602711,GSE334503,CD279,cognate,5077,,HS94
0.23865951259285087,-0.052770376205444336,0.6947741406664274,0.2775063421615988,1.1439834580751553,GSE334503,CD194 (CCR4),cognate,84177,17.0,
0.006690341912758205,-1.8902103900909424,0.8613654234545775,0.37087453354011424,-0.002458709264519643,GSE334503,CD194 (CCR4),noncognate,84177,17.0,
0.19521841910336044,-0.00666201114654541,0.6221045180757148,0.2709000154576919,0.9592058365949699,GSE334503,CD194 (CCR4),cognate,5577,,HS10
0.25529622791659834,-0.021776199340820312,0.6713824129833521,0.31099367931429,1.0894945608725846,GSE334503,CD194 (CCR4),cognate,5436,,HS12
0.2521827737769168,-0.17953121662139893,0.78001370839764,0.231086509721809,1.5311118044246532,GSE334503,CD194 (CCR4),cognate,4385,,HS16
0.23525899223652566,-0.07334911823272705,0.6512947785767234,0.357425884044425,0.8380642417341934,GSE334503,CD194 (CCR4),cognate,6170,,HS22
0.29680285883721336,0.022527873516082764,0.7321456184733883,0.31082181600657494,1.2931789011676382,GSE334503,CD194 (CCR4),cognate,4705,,HS24
0.2622604892662217,0.06016647815704346,0.6871058894985812,0.27418530346332753,1.1797758570398469,GSE334503,CD194 (CCR4),cognate,5100,,HS28
0.20714089554107773,-0.10517680644989014,0.7064190105322697,0.2436968109310716,1.1973864089240764,GSE334503,CD194 (CCR4),cognate,5338,,HS30
0.17243624222988863,-0.12751781940460205,0.6605818465690809,0.23741238088303207,0.8793291142790856,GSE334503,CD194 (CCR4),cognate,4821,,HS32
0.2701234696236369,0.028267621994018555,0.6665253688165222,0.32770390170172187,1.1103123895513627,GSE334503,CD194 (CCR4),cognate,4619,,HS46
0.26577292801657143,-0.07045328617095947,0.7552433312736291,0.28034874475046884,1.2612878846174849,GSE334503,CD194 (CCR4),cognate,4185,,HS47
0.14428754923089876,-0.2494264841079712,0.7047573004280534,0.17949201050405114,1.2243268139398489,GSE334503,CD194 (CCR4),cognate,4761,,HS6
0.19793491211778622,-0.16811025142669678,0.6374687972566901,0.28663861817328534,1.0304802124179056,GSE334503,CD194 (CCR4),cognate,5350,,HS68
0.2645184122126676,0.04864001274108887,0.6539823089082104,0.29332527512697143,1.0771046196356615,GSE334503,CD194 (CCR4),cognate,4783,,HS75
0.2212691294624599,-0.26164305210113525,0.7608457600086047,0.2670886024712511,1.1814317340274245,GSE334503,CD194 (CCR4),cognate,4613,,HS86
0.1935275731140836,-0.07685184478759766,0.6666256077361471,0.25560191900903034,1.046238864137283,GSE334503,CD194 (CCR4),cognate,5422,,HS88
0.29075955618942645,-0.01804482936859131,0.8017548016248848,0.24717891179134122,1.4626788672808169,GSE334503,CD194 (CCR4),cognate,3835,,HS93
0.2807704726549061,-0.006094455718994141,0.6979762497894587,0.29110521168302617,1.251022121240165,GSE334503,CD194 (CCR4),cognate,5077,,HS94
0.1159461127849981,-0.11524307727813721,0.41132401032305277,0.15002241911424605,0.7192349309229842,GSE334503,CD319 (CRACC),cognate,84177,17.0,
-0.012014467737321264,-2.2140679359436035,0.8162489013898154,0.12833950144014858,-0.08345673052033416,GSE334503,CD319 (CRACC),noncognate,84177,17.0,
0.0982555234270462,-0.21900856494903564,0.4083253047925862,0.1755455395392772,0.5255527219636053,GSE334503,CD319 (CRACC),cognate,5577,,HS10
0.11208528298770595,-0.014266133308410645,0.4255601676432171,0.13201992911737512,0.8234497301028365,GSE334503,CD319 (CRACC),cognate,5436,,HS12
0.16651624312472388,-0.29016435146331787,0.3983598521249012,0.24348863830553466,0.6397762118060102,GSE334503,CD319 (CRACC),cognate,4385,,HS16
0.07443443414619855,-0.08593392372131348,0.4089012928750787,0.13167958440841937,0.5603637618328178,GSE334503,CD319 (CRACC),cognate,6170,,HS22
0.08169652817250862,-0.18545949459075928,0.37937304658088344,0.1335662225633606,0.5476996641413876,GSE334503,CD319 (CRACC),cognate,4705,,HS24
0.10626875417621459,-0.0695871114730835,0.4514521269231571,0.14384934133661242,0.665969267279958,GSE334503,CD319 (CRACC),cognate,5100,,HS28
0.11167460578549218,-0.06392097473144531,0.39992116061737587,0.12914791184993368,0.9407392529991598,GSE334503,CD319 (CRACC),cognate,5338,,HS30
0.11396963198027607,-0.11036431789398193,0.4463405788079022,0.15314136208537482,0.5970912403053791,GSE334503,CD319 (CRACC),cognate,4821,,HS32
0.09112302937642013,-0.09061074256896973,0.4008241492915805,0.0920096890137264,0.9115804551405403,GSE334503,CD319 (CRACC),cognate,4619,,HS46
0.11194437158036395,-0.1070328950881958,0.3768298683852197,0.19218698395667727,0.4957067290830745,GSE334503,CD319 (CRACC),cognate,4185,,HS47
0.09426110182185082,-0.12188351154327393,0.4082715282895933,0.15288113232886716,0.6510467003818625,GSE334503,CD319 (CRACC),cognate,4761,,HS6
0.11836035973666059,-0.03510725498199463,0.3992193069006214,0.11295900938233018,0.9956226134770764,GSE334503,CD319 (CRACC),cognate,5350,,HS68
0.07771248730951644,-0.25483274459838867,0.4127297094176344,0.1191485223571332,0.6347173443557712,GSE334503,CD319 (CRACC),cognate,4783,,HS75
0.1524791532531978,-0.4392561912536621,0.44837058893973947,0.19523556668670028,0.7215325679183221,GSE334503,CD319 (CRACC),cognate,4613,,HS86
0.10952810322815093,-0.020125985145568848,0.4025894451863179,0.14958398256713776,0.7266110251787715,GSE334503,CD319 (CRACC),cognate,5422,,HS88
0.12952266181680694,-0.11203968524932861,0.3843360284106727,0.1240056956751089,1.0058447620354138,GSE334503,CD319 (CRACC),cognate,3835,,HS93
0.13820804130114275,-0.2611534595489502,0.4208214461501569,0.1647945079101491,0.743616925415531,GSE334503,CD319 (CRACC),cognate,5077,,HS94
0.12150445742502165,-0.016959786415100098,0.6812124574448412,0.1815492874045863,0.699067837011138,GSE334503,CD155 (PVR),cognate,84177,17.0,
-0.014998406899820167,-10.16345500946045,1.0545533836710903,0.38855814113789017,-0.023564422771543667,GSE334503,CD155 (PVR),noncognate,84177,17.0,
0.0951122959182426,-0.12785625457763672,0.6190931380198942,0.2188609285120011,0.41011153584128823,GSE334503,CD155 (PVR),cognate,5577,,HS10
0.08694512764875628,-0.01825690269470215,0.6641405845061414,0.15550198427127332,0.6175599933913973,GSE334503,CD155 (PVR),cognate,5436,,HS12
0.1757540932495242,0.031204819679260254,0.770908343471595,0.21603941130299348,0.8615993683796873,GSE334503,CD155 (PVR),cognate,4385,,HS16
0.13787764800559216,0.008059799671173096,0.7019488564320622,0.1904176880281145,0.7402393973878894,GSE334503,CD155 (PVR),cognate,6170,,HS22
0.08234597061934644,-0.03641211986541748,0.6717792708930328,0.1609978058557664,0.5257499101144846,GSE334503,CD155 (PVR),cognate,4705,,HS24
0.13511311344523355,0.00717538595199585,0.7070130193056541,0.16624793134896837,0.8691245618767511,GSE334503,CD155 (PVR),cognate,5100,,HS28
0.15304487731640876,-0.0036848783493041992,0.6985538667348601,0.18581412904624417,0.8914543150700779,GSE334503,CD155 (PVR),cognate,5338,,HS30
0.11591742935145495,-0.04725635051727295,0.6584793552589064,0.15582021599913518,0.7937039606867478,GSE334503,CD155 (PVR),cognate,4821,,HS32
0.07408393330842566,-0.06173539161682129,0.654214449572955,0.16750046798644164,0.46500020183123314,GSE334503,CD155 (PVR),cognate,4619,,HS46
0.09009992667370804,-0.1355297565460205,0.6504684951492166,0.13755435569611763,0.7512324798966844,GSE334503,CD155 (PVR),cognate,4185,,HS47
0.1480076159429001,0.01763784885406494,0.7196773268940939,0.19689155631959138,0.759766828098402,GSE334503,CD155 (PVR),cognate,4761,,HS6
0.10269076947446594,-0.05243062973022461,0.6496240720846872,0.1795305754027793,0.5574636592620686,GSE334503,CD155 (PVR),cognate,5350,,HS68
0.10278596087605918,0.0009657740592956543,0.6418555698964062,0.18334176973040223,0.5252534631292191,GSE334503,CD155 (PVR),cognate,4783,,HS75
0.13558287678678618,0.008647561073303223,0.7145453492088867,0.19318639846082994,0.6815624611083131,GSE334503,CD155 (PVR),cognate,4613,,HS86
0.12655917351876572,-0.05485224723815918,0.6652866524423195,0.19242356003603747,0.6354207735173187,GSE334503,CD155 (PVR),cognate,5422,,HS88
0.1303837933870686,-0.002545475959777832,0.7232182147745179,0.1815761449228122,0.8025754932933812,GSE334503,CD155 (PVR),cognate,3835,,HS93
0.10142670057406483,-0.06029057502746582,0.6745888437969292,0.17225227924754966,0.6113599043476685,GSE334503,CD155 (PVR),cognate,5077,,HS94
0.1987160933599691,-0.9165810346603394,0.5979904038510918,0.3812642035438467,0.7304571465753934,GSE334503,CD79b (Igβ),cognate,84177,17.0,
-0.055099157763221905,-0.18089115619659424,1.334678368846443,0.13408647523282166,-0.37953412432593675,GSE334503,CD79b (Igβ),noncognate,84177,17.0,
0.4130472201427081,-1.050208568572998,0.6607257711303326,0.6260936890282535,0.7302293337671233,GSE334503,CD79b (Igβ),cognate,5577,,HS10
0.1577211879054899,-0.5861818790435791,0.5861006191810132,0.23615347654188448,0.8884969248015402,GSE334503,CD79b (Igβ),cognate,5436,,HS12
0.14557090112827797,-1.2557401657104492,0.5761437877985864,0.4002273979137193,0.6661021433662054,GSE334503,CD79b (Igβ),cognate,4385,,HS16
0.13806831745440823,-0.856220006942749,0.5573276228906874,0.33384679720429505,0.6517534933724276,GSE334503,CD79b (Igβ),cognate,6170,,HS22
0.1419920717233913,-1.4867165088653564,0.619091958621272,0.3381753541028962,0.7351032828097784,GSE334503,CD79b (Igβ),cognate,4705,,HS24
0.2133416319042349,-0.5776107311248779,0.5883599116001663,0.4286836122455965,0.6991951648465402,GSE334503,CD79b (Igβ),cognate,5100,,HS28
0.19957354590823403,-0.7141686677932739,0.5797451874852764,0.332679600083376,0.772834557415316,GSE334503,CD79b (Igβ),cognate,5338,,HS30
0.0940136340518296,-0.5933108329772949,0.5685878176588023,0.2377754766941513,0.6646402724510188,GSE334503,CD79b (Igβ),cognate,4821,,HS32
0.226746638844265,-0.7042663097381592,0.5539546477314877,0.3373066443960754,0.9800304678139388,GSE334503,CD79b (Igβ),cognate,4619,,HS46
0.3265026929302446,-1.6284775733947754,0.7159349628138781,0.43113636104419834,0.8117948489893343,GSE334503,CD79b (Igβ),cognate,4185,,HS47
0.20158395549009217,-0.6866494417190552,0.5397294383052806,0.3901682708322024,0.7702733081014324,GSE334503,CD79b (Igβ),cognate,4761,,HS6
0.1646278186017537,-0.7671350240707397,0.579917243200031,0.2836933682844289,0.9099456460761112,GSE334503,CD79b (Igβ),cognate,5350,,HS68
0.15024831847299416,-1.6040451526641846,0.6530820586037259,0.3553736800247426,0.6499758952579406,GSE334503,CD79b (Igβ),cognate,4783,,HS75
0.13857410235289053,-1.3958287239074707,0.5828289735322111,0.5007835991948489,0.4035789876407308,GSE334503,CD79b (Igβ),cognate,4613,,HS86
0.07166227923678908,-0.7175171375274658,0.5381940951055671,0.35265993272834956,0.4355246709146929,GSE334503,CD79b (Igβ),cognate,5422,,HS88
0.24726911955765016,-1.5842170715332031,0.6386227836757093,0.37573793196678557,0.8286287162561738,GSE334503,CD79b (Igβ),cognate,3835,,HS93
0.1128516082268615,-1.5392963886260986,0.6300370138512146,0.3892408591236225,0.4782733668534951,GSE334503,CD79b (Igβ),cognate,5077,,HS94
0.024825122023110685,-0.03912198543548584,0.5623452450540801,0.022437233341458425,1.363517689368294,GSE334503,CD107a (LAMP-1),cognate,84177,17.0,
0.027879572358930994,-0.3873344659805298,0.7956485285729844,0.018323497015260277,1.9378390782398973,GSE334503,CD107a (LAMP-1),noncognate,84177,17.0,
0.009933730192360815,-0.007049441337585449,0.5766906988597411,0.022582316349976626,0.9218173858623079,GSE334503,CD107a (LAMP-1),cognate,5577,,HS10
0.05052301737334015,-0.12237095832824707,0.5495896943885646,0.022905311106188403,2.3749820550019165,GSE334503,CD107a (LAMP-1),cognate,5436,,HS12
-0.010926889055280855,-0.03305625915527344,0.5253754510780012,0.02648716092388893,-0.15571149635860979,GSE334503,CD107a (LAMP-1),cognate,4385,,HS16
0.02354124705558892,-0.04941987991333008,0.571252596742834,0.02168138414970907,1.4638761329740853,GSE334503,CD107a (LAMP-1),cognate,6170,,HS22
0.014099308038932699,-0.043532371520996094,0.5258907787856493,0.02471132416081017,0.7672193828853235,GSE334503,CD107a (LAMP-1),cognate,4705,,HS24
-0.0037164720838068896,-0.06374132633209229,0.5943367718939263,0.019477708089055468,0.34813712983419687,GSE334503,CD107a (LAMP-1),cognate,5100,,HS28
0.02525752316417275,-0.06555533409118652,0.567252953485943,0.02180869067361048,1.5345737968331266,GSE334503,CD107a (LAMP-1),cognate,5338,,HS30
0.05737969412803758,-0.07647264003753662,0.5632181087241125,0.021927371834611194,2.4183452166266557,GSE334503,CD107a (LAMP-1),cognate,4821,,HS32
-0.0013833284502401445,-0.044718027114868164,0.5808083404717181,0.020560659447996066,0.6532254873731841,GSE334503,CD107a (LAMP-1),cognate,4619,,HS46
-0.00905177924672786,-0.08645057678222656,0.5216918418322449,0.025843195823840464,-0.4608658235202159,GSE334503,CD107a (LAMP-1),cognate,4185,,HS47
0.0026613606020691825,-0.046465396881103516,0.5464852988158264,0.02171135018532486,-0.1621481747616135,GSE334503,CD107a (LAMP-1),cognate,4761,,HS6
0.07161904396294022,-0.046010494232177734,0.5795325079745094,0.02206809708007975,3.169133293917291,GSE334503,CD107a (LAMP-1),cognate,5350,,HS68
0.021151730730758166,0.0007116794586181641,0.609241373131761,0.020609525571309732,1.6001659735779181,GSE334503,CD107a (LAMP-1),cognate,4783,,HS75
0.0006947817091152512,-0.000727534294128418,0.5548075693763767,0.024298198569073705,0.36323349829284957,GSE334503,CD107a (LAMP-1),cognate,4613,,HS86
0.05099707291727743,-0.04351937770843506,0.5698752621472076,0.021918037472042906,2.416244979432158,GSE334503,CD107a (LAMP-1),cognate,5422,,HS88
0.01621626458709712,-0.10093259811401367,0.5347608233083709,0.023456794039844228,0.8005017478016323,GSE334503,CD107a (LAMP-1),cognate,3835,,HS93
0.04050764012069877,-0.022329211235046387,0.5579790053844581,0.02282743550627923,2.2486728310822275,GSE334503,CD107a (LAMP-1),cognate,5077,,HS94
0.025180357195233132,-0.22842645645141602,0.34981935471413983,0.036198697260250046,0.8394462654964562,GSE334503,CD137 (4-1BB),cognate,84177,17.0,
-0.004374720753236539,-0.14419853687286377,0.7210355576068385,0.01694947380826123,-0.3056053545310706,GSE334503,CD137 (4-1BB),noncognate,84177,17.0,
0.038241059979612135,-0.15035581588745117,0.3230364395356534,0.044648151396081984,1.2910466949379182,GSE334503,CD137 (4-1BB),cognate,5577,,HS10
0.04307049638250143,-0.07535064220428467,0.38389226870138526,0.01929157951136032,2.1787529310118816,GSE334503,CD137 (4-1BB),cognate,5436,,HS12
0.03964433866717169,-0.2835416793823242,0.3274071993823613,0.030314656454817283,1.3494342293125459,GSE334503,CD137 (4-1BB),cognate,4385,,HS16
0.023195664975160065,-0.5973156690597534,0.3794185871367792,0.03578595923235323,0.7691390865820109,GSE334503,CD137 (4-1BB),cognate,6170,,HS22
0.014909569466810524,-0.32185685634613037,0.33402259786404614,0.033830060156513825,0.5528841177336438,GSE334503,CD137 (4-1BB),cognate,4705,,HS24
0.014847521036626211,-0.08131110668182373,0.3800001183936286,0.0309289168943024,0.22994831815267736,GSE334503,CD137 (4-1BB),cognate,5100,,HS28
0.01462748630793054,-0.43642163276672363,0.3725024739765732,0.03500963729121699,0.6126354109196926,GSE334503,CD137 (4-1BB),cognate,5338,,HS30
0.012507663431541416,-0.0280914306640625,0.37716204531284453,0.025522693314824672,0.5640745096327869,GSE334503,CD137 (4-1BB),cognate,4821,,HS32
0.026125020218570678,-0.35431766510009766,0.3560322497606701,0.015140345896905666,1.5786334174673327,GSE334503,CD137 (4-1BB),cognate,4619,,HS46
0.06572332866869637,-0.21170878410339355,0.33470208311677846,0.03643348152326475,1.5986041056372022,GSE334503,CD137 (4-1BB),cognate,4185,,HS47
0.0013896657559638332,-0.2585749626159668,0.33394496529052764,0.028237390939567918,0.09777270471411442,GSE334503,CD137 (4-1BB),cognate,4761,,HS6
0.0025665746030425155,-0.31882333755493164,0.35807425989997227,0.0261599468236612,0.40416120136918526,GSE334503,CD137 (4-1BB),cognate,5350,,HS68
0.04268382672321032,-0.26217710971832275,0.3278256367686754,0.05555331500653602,0.6679408846864611,GSE334503,CD137 (4-1BB),cognate,4783,,HS75
0.03751773641792246,-0.2611199617385864,0.3109416491744429,0.05927986703112968,1.011849934998328,GSE334503,CD137 (4-1BB),cognate,4613,,HS86
0.010106797268337775,-0.3138926029205322,0.3545418696622409,0.02897787498449931,0.5978910092596496,GSE334503,CD137 (4-1BB),cognate,5422,,HS88
0.026877430480922067,-0.4201838970184326,0.3397453099762861,0.049685889970902196,1.1315406455219583,GSE334503,CD137 (4-1BB),cognate,3835,,HS93
0.035190742227056024,-0.1446375846862793,0.31890460874143567,0.05687727422337215,0.750503651387003,GSE334503,CD137 (4-1BB),cognate,5077,,HS94
0.05159687217533295,-2.942686080932617,0.5837837053080586,0.13752523137652498,0.4403522345481753,GSE334503,CD223 (LAG-3),cognate,84177,17.0,
-0.0003922652427968531,-0.12153947353363037,0.6657523924297187,0.06431803789412124,-0.15566496260832968,GSE334503,CD223 (LAG-3),noncognate,84177,17.0,
0.045686564080657584,-3.605848789215088,0.6104994449753547,0.1632085470905688,0.5115428347552341,GSE334503,CD223 (LAG-3),cognate,5577,,HS10
0.018940340511252575,-2.1985976696014404,0.5967937553994384,0.08736005278645857,0.3107632848041655,GSE334503,CD223 (LAG-3),cognate,5436,,HS12
0.08520301641604346,-4.082755088806152,0.5761589695406505,0.13785221325718788,0.6649703672241422,GSE334503,CD223 (LAG-3),cognate,4385,,HS16
0.01076253371424915,-2.726468086242676,0.57379212393117,0.09505788505716241,0.2204976705069416,GSE334503,CD223 (LAG-3),cognate,6170,,HS22
0.014691973029009885,-3.89833927154541,0.5866526499161109,0.09864633431569725,0.23962393500352278,GSE334503,CD223 (LAG-3),cognate,4705,,HS24
0.004696329679950184,-2.237229824066162,0.6020005600426055,0.09618036726777035,0.17471727586565808,GSE334503,CD223 (LAG-3),cognate,5100,,HS28
0.03356472979527211,-3.130948543548584,0.5839435984176597,0.2579119486404066,0.22010189748171824,GSE334503,CD223 (LAG-3),cognate,5338,,HS30
0.06388921137418872,-2.2515695095062256,0.6086895584477433,0.12336000964456119,0.5836774409348007,GSE334503,CD223 (LAG-3),cognate,4821,,HS32
0.09966643660946341,-2.435650110244751,0.5557228955597587,0.10059004687114971,1.0519297099585292,GSE334503,CD223 (LAG-3),cognate,4619,,HS46
0.02021233332449997,-3.8957104682922363,0.5949927424941904,0.11373049621652617,0.19115096531024375,GSE334503,CD223 (LAG-3),cognate,4185,,HS47
0.048781901837081684,-3.046098232269287,0.5703409004978386,0.11333650740529785,0.31157810004946973,GSE334503,CD223 (LAG-3),cognate,4761,,HS6
0.0058483059677576,-2.2807133197784424,0.5539713252355188,0.08287039572338,0.4836107212695187,GSE334503,CD223 (LAG-3),cognate,5350,,HS68
0.03876418456632559,-3.897428512573242,0.6208786741977064,0.14113934723572905,0.2616192258125242,GSE334503,CD223 (LAG-3),cognate,4783,,HS75
0.12384005053189978,-3.9981861114501953,0.5875553176078941,0.2272727027889469,0.6300518092813613,GSE334503,CD223 (LAG-3),cognate,4613,,HS86
0.03322119109584791,-2.383476972579956,0.5410243560417013,0.09945754225413407,0.4254309878999554,GSE334503,CD223 (LAG-3),cognate,5422,,HS88
0.038917988724302466,-4.094958305358887,0.5961064958522105,0.09710109167580554,0.4282479535275236,GSE334503,CD223 (LAG-3),cognate,3835,,HS93
0.10388871698918,-3.0988059043884277,0.5661757427645115,0.20001612642993186,0.5308236264097717,GSE334503,CD223 (LAG-3),cognate,5077,,HS94
0.48204100795518123,0.06873774528503418,0.5818211989314382,0.25398502705242104,1.6081202032286024,GSE334503,CD314 (NKG2D),cognate,84177,17.0,
-0.06194825674044029,-0.10255765914916992,0.6473549688510207,0.24838183658272814,-0.1898655872529892,GSE334503,CD314 (NKG2D),noncognate,84177,17.0,
0.4477276588523057,0.009694337844848633,0.559265373185801,0.23845846683487595,1.5573715635064191,GSE334503,CD314 (NKG2D),cognate,5577,,HS10
0.4033403483542684,0.01642709970474243,0.6058520180743133,0.22036544398304622,1.531723661754344,GSE334503,CD314 (NKG2D),cognate,5436,,HS12
0.6364294388725247,0.1385207176208496,0.5970136141973925,0.3134481653983534,1.7232196755485467,GSE334503,CD314 (NKG2D),cognate,4385,,HS16
0.4348094284908866,0.08530765771865845,0.5429117735463891,0.23845931731246778,1.5694491758474294,GSE334503,CD314 (NKG2D),cognate,6170,,HS22
0.4834983553526197,0.014147639274597168,0.6126184222512917,0.21902869405518052,1.857177941801876,GSE334503,CD314 (NKG2D),cognate,4705,,HS24
0.42050668771612715,0.09667450189590454,0.5263727361213232,0.25354007387736943,1.440798135951519,GSE334503,CD314 (NKG2D),cognate,5100,,HS28
0.47405500136182777,0.0611802339553833,0.6092391473995548,0.21141290432603488,1.9253927740978614,GSE334503,CD314 (NKG2D),cognate,5338,,HS30
0.4375746291232913,0.01120835542678833,0.5945863856090464,0.2616493085096786,1.3818742986862615,GSE334503,CD314 (NKG2D),cognate,4821,,HS32
0.39510076868696875,0.03471648693084717,0.5975909228555992,0.18204747099129992,1.8927844886459828,GSE334503,CD314 (NKG2D),cognate,4619,,HS46
0.5480876698384185,0.1108933687210083,0.6008015811491096,0.2545417365105727,1.8907030910863933,GSE334503,CD314 (NKG2D),cognate,4185,,HS47
0.5344548765485007,0.08994442224502563,0.5834479531576129,0.2894546583448998,1.5287363753780427,GSE334503,CD314 (NKG2D),cognate,4761,,HS6
0.46822759927896324,0.11161106824874878,0.5551274126735278,0.2636001287289133,1.511464272580741,GSE334503,CD314 (NKG2D),cognate,5350,,HS68
0.37420368687948324,-0.04705941677093506,0.5410362267272744,0.23250616576674316,1.4278150410697914,GSE334503,CD314 (NKG2D),cognate,4783,,HS75
0.5794871146702156,0.12425380945205688,0.5723560248830886,0.3286619619413882,1.425394035651643,GSE334503,CD314 (NKG2D),cognate,4613,,HS86
0.5074956436581061,0.11808508634567261,0.5838005261334214,0.2508127765365019,1.7204495963416955,GSE334503,CD314 (NKG2D),cognate,5422,,HS88
0.4920615253802411,0.08860814571380615,0.5963710105105319,0.23066026146541044,1.833357674634741,GSE334503,CD314 (NKG2D),cognate,3835,,HS93
0.4953896292868149,-0.03743743896484375,0.620824887604412,0.28069192483160416,1.4277324273834686,GSE334503,CD314 (NKG2D),cognate,5077,,HS94
0.6812711204321633,0.2937544584274292,1.2218577059329243,0.32191250995783355,1.9737075385715623,GSE334503,CD3,cognate,84177,17.0,
-0.09362501486592997,-7.033027648925781,2.043218943809926,0.6492400970276077,-0.21574051196157162,GSE334503,CD3,noncognate,84177,17.0,
0.6950954866006579,0.2796561121940613,1.1984702890379324,0.32064787209003515,1.981878441294341,GSE334503,CD3,cognate,5577,,HS10
0.5741544582686938,0.21459054946899414,1.2518080985923097,0.3091598761172199,1.7922554292585047,GSE334503,CD3,cognate,5436,,HS12
0.7722073098329254,0.3756364583969116,1.2651925466653817,0.33011041126894786,2.223539003948728,GSE334503,CD3,cognate,4385,,HS16
0.651306741693523,0.2536526918411255,1.2415805509432687,0.3121225660580941,2.0068206369432744,GSE334503,CD3,cognate,6170,,HS22
0.6693313074773357,0.27890533208847046,1.2304082462028259,0.29312948978848863,2.1233768261164436,GSE334503,CD3,cognate,4705,,HS24
0.6963736308213755,0.3556971549987793,1.0106475933241248,0.37629313095426775,1.7586919261955138,GSE334503,CD3,cognate,5100,,HS28
0.6596333177404137,0.28521591424942017,1.2426320845859877,0.3192031428396007,1.9782453848342862,GSE334503,CD3,cognate,5338,,HS30
0.6339923601276254,0.24032437801361084,1.2633223131214157,0.3157321142196926,1.89342137381962,GSE334503,CD3,cognate,4821,,HS32
0.6791986953383423,0.2165510654449463,1.2926055305828927,0.2737998603801604,2.312737564276779,GSE334503,CD3,cognate,4619,,HS46
0.7311255911634584,0.3402833938598633,1.0987932283058819,0.3424585870628879,1.977040519438326,GSE334503,CD3,cognate,4185,,HS47
0.7667903376458506,0.3670843839645386,1.1858740768260143,0.32334265554186237,2.2670002380507386,GSE334503,CD3,cognate,4761,,HS6
0.6417603205414106,0.22835326194763184,1.2566728345296316,0.3165048941727737,1.9524524639608327,GSE334503,CD3,cognate,5350,,HS68
0.7040762872726639,0.3199734091758728,1.121044304053047,0.33223626519712196,1.96052908484782,GSE334503,CD3,cognate,4783,,HS75
0.6890375098967052,0.3204609751701355,1.2987758539910639,0.34722053031533123,1.8307677001119422,GSE334503,CD3,cognate,4613,,HS86
0.6612667565812324,0.2387903332710266,1.254671000256961,0.3335690336532806,1.8822650017535043,GSE334503,CD3,cognate,5422,,HS88
0.6506557182018616,0.28898531198501587,1.2210532700948897,0.32649173452245506,1.9705483712336853,GSE334503,CD3,cognate,3835,,HS93
0.5429965032479249,0.16970562934875488,1.2849693278351717,0.33532820389963874,1.6206961581687147,GSE334503,CD3,cognate,5077,,HS94
0.0040422203136221,-0.05428171157836914,0.7379181387736024,0.02686097809110039,0.2109823747491384,GSE334503,CD45RO,cognate,84177,17.0,
0.07599751962507231,-0.5132989883422852,0.5331604489864937,0.044540610304280914,1.7634711490941226,GSE334503,CD45RO,noncognate,84177,17.0,
0.06324779027267205,-0.03875017166137695,0.6775576446263526,0.031334483123436306,2.235089859585102,GSE334503,CD45RO,cognate,5577,,HS10
0.05986158735659622,-0.09449291229248047,0.7301447348622366,0.027601516610757014,1.2264858839551003,GSE334503,CD45RO,cognate,5436,,HS12
-0.04533919268740321,-0.013221144676208496,0.730647590490284,0.0324109029163588,-1.101250131423583,GSE334503,CD45RO,cognate,4385,,HS16
0.006367737137724794,-0.1455385684967041,0.6684354746584105,0.029131357650912536,0.19265482128618902,GSE334503,CD45RO,cognate,6170,,HS22
-0.01876441600367783,-0.02708256244659424,0.7364723610699828,0.022277445414044857,-1.1164972537128766,GSE334503,CD45RO,cognate,4705,,HS24
0.04165841981997836,-0.34536635875701904,0.9542186903340603,0.023473534857624604,0.9047543685445332,GSE334503,CD45RO,cognate,5100,,HS28
-0.001554308304442402,-0.22345304489135742,0.8177817771309634,0.02500505076807953,-0.0946061407017096,GSE334503,CD45RO,cognate,5338,,HS30
0.008747710914104909,-0.023116350173950195,0.7619165017119016,0.023176807288786704,0.7133993182757478,GSE334503,CD45RO,cognate,4821,,HS32
0.03696293874484945,-0.03712451457977295,0.6749067215576728,0.021285113950549852,2.5758614302121297,GSE334503,CD45RO,cognate,4619,,HS46
-0.0070835477043224215,-0.022426843643188477,0.785783166312238,0.024180728176681675,-1.0121606107541357,GSE334503,CD45RO,cognate,4185,,HS47
-0.010146798617408219,-0.0464404821395874,0.6905658593035237,0.028777287327925605,-0.15243228757602897,GSE334503,CD45RO,cognate,4761,,HS6
0.023095113639880493,-0.008254528045654297,0.576186642215089,0.03159114439831913,0.3888475221667458,GSE334503,CD45RO,cognate,5350,,HS68
-0.02411139459521845,-0.04343152046203613,0.7358116949477669,0.024686564999514698,-1.218484914135515,GSE334503,CD45RO,cognate,4783,,HS75
-0.030155331810842546,-0.0061261653900146484,0.6927373110415447,0.03304498949102886,1.1667854903220243,GSE334503,CD45RO,cognate,4613,,HS86
0.0018308980706833922,-0.08684587478637695,0.6601426162666219,0.02999182237195525,0.10221919959977012,GSE334503,CD45RO,cognate,5422,,HS88
0.009395450307594897,-0.1737351417541504,0.8643699788729011,0.022089920344384673,0.20448333060062474,GSE334503,CD45RO,cognate,3835,,HS93
0.013782584217633375,-0.09133148193359375,0.7622785809576952,0.027433862454932095,0.8974678241584341,GSE334503,CD45RO,cognate,5077,,HS94
0.2896239547333032,0.0981898307800293,0.8653163139173797,0.34913124595830614,1.3634624955022163,GSE334503,CD19,cognate,84177,17.0,
-0.12925502221351337,-12.654240608215332,2.285655327445262,0.5143148236889863,-0.19369748084345964,GSE334503,CD19,noncognate,84177,17.0,
0.41648937410729786,0.23450803756713867,1.0375468737572922,0.3619048511802502,1.4316802438622869,GSE334503,CD19,cognate,5577,,HS10
0.25302479283761964,0.10233861207962036,0.8503762828789752,0.25711046675449,1.800118325294157,GSE334503,CD19,cognate,5436,,HS12
0.25204687133676734,-0.11707448959350586,0.8529574316992525,0.330231902526594,1.515438176375778,GSE334503,CD19,cognate,4385,,HS16
0.23999497159873856,0.034555017948150635,0.8138422882321235,0.3363428949332228,1.277779025623009,GSE334503,CD19,cognate,6170,,HS22
0.26028414973184566,-0.009811878204345703,0.861498134728359,0.3001948460524989,1.6444290528255374,GSE334503,CD19,cognate,4705,,HS24
0.32797787450396004,0.20672470331192017,0.8339093998747117,0.39296501180847165,1.3023952759340183,GSE334503,CD19,cognate,5100,,HS28
0.3122839601654818,0.14696812629699707,0.8874739065498342,0.33952047858970813,1.4487978521327267,GSE334503,CD19,cognate,5338,,HS30
0.2329756700509182,0.04000675678253174,0.7703560605993058,0.2818211001329089,1.614266876953794,GSE334503,CD19,cognate,4821,,HS32
0.2526731201309469,0.04094982147216797,0.8320406344605374,0.2976105338555643,1.4624362533967672,GSE334503,CD19,cognate,4619,,HS46
0.42291721830944334,0.25288450717926025,1.034333272593631,0.38274549979797207,1.4091982585481988,GSE334503,CD19,cognate,4185,,HS47
0.25857240030332385,0.03505784273147583,0.7866082501206477,0.38108206119782567,1.2555684984603253,GSE334503,CD19,cognate,4761,,HS6
0.25052260493690215,0.05579245090484619,0.8418196389645208,0.2660083946860579,1.6888377324519903,GSE334503,CD19,cognate,5350,,HS68
0.24895907488399915,0.031914710998535156,0.8422161217746489,0.3016610188729039,1.4235041333840894,GSE334503,CD19,cognate,4783,,HS75
0.26035353292185337,-0.06939125061035156,0.856793288349218,0.4278236089565985,1.180039150047093,GSE334503,CD19,cognate,4613,,HS86
0.18309947888106093,-0.15843844413757324,0.7969397350271262,0.4294748471261454,0.7422725746737473,GSE334503,CD19,cognate,5422,,HS88
0.3396957528627875,0.16119742393493652,0.9615782485579751,0.38718200096328764,1.285459494446801,GSE334503,CD19,cognate,3835,,HS93
0.2475558078069318,-0.06714212894439697,0.8342228354243078,0.4149062242222158,1.1583700679473787,GSE334503,CD19,cognate,5077,,HS94
0.20075383564326302,0.14557993412017822,0.6193638829254606,0.30753924023608636,1.2778094427812865,GSE334503,CD123,cognate,84177,17.0,
-0.08187328278664519,-2.284980535507202,1.1982159226950302,0.31170375647705767,-0.18359007279500222,GSE334503,CD123,noncognate,84177,17.0,
0.1756743027858559,0.0519677996635437,0.5873789287158924,0.2650926131675512,1.1902452796991752,GSE334503,CD123,cognate,5577,,HS10
0.1737595515876993,0.09639912843704224,0.6272105701501003,0.17607406034653147,2.113010041280368,GSE334503,CD123,cognate,5436,,HS12
0.22297088591146824,0.21331334114074707,0.6082651105494093,0.44712215803164873,1.0344092345429015,GSE334503,CD123,cognate,4385,,HS16
0.2089554833407971,0.18441760540008545,0.6133514655670621,0.38830100795093914,1.1228955074210958,GSE334503,CD123,cognate,6170,,HS22
0.32994315526947504,0.20542758703231812,0.6805529510573636,0.3720366039646358,1.2476755624969331,GSE334503,CD123,cognate,4705,,HS24
0.2298312494947013,0.1394771933555603,0.655705021319493,0.2941255636237058,1.3829040888655706,GSE334503,CD123,cognate,5100,,HS28
0.22698527430704205,0.13839256763458252,0.6481656573279478,0.27939404143662444,1.4119776792368413,GSE334503,CD123,cognate,5338,,HS30
0.12348167449953558,0.04959273338317871,0.5704391025434186,0.18798056799810206,1.2261885529356642,GSE334503,CD123,cognate,4821,,HS32
0.18762750364119507,0.12643283605575562,0.613960764370668,0.21864514411455957,1.8378384551442324,GSE334503,CD123,cognate,4619,,HS46
0.1850550580990298,0.12207633256912231,0.5969063535913596,0.2639271209074899,1.3903579012313727,GSE334503,CD123,cognate,4185,,HS47
0.20034124445870735,0.1834484338760376,0.6298246371587561,0.3303744249197808,1.359217921158803,GSE334503,CD123,cognate,4761,,HS6
0.19131267729532356,0.15052372217178345,0.6253116307593333,0.3411710182426991,1.1512997752296559,GSE334503,CD123,cognate,5350,,HS68
0.1583008790722853,0.12549948692321777,0.5754685586747228,0.27609554430703426,1.4786767829675174,GSE334503,CD123,cognate,4783,,HS75
0.21136483897604702,0.1452251672744751,0.629422467590588,0.32134707034221965,1.211035372012665,GSE334503,CD123,cognate,4613,,HS86
0.16952633420824736,0.15769201517105103,0.6216544493436922,0.3290013497817989,1.229531815407504,GSE334503,CD123,cognate,5422,,HS88
0.14793034503978703,0.08608180284500122,0.6124618790888925,0.20076319003404866,1.6174098853193164,GSE334503,CD123,cognate,3835,,HS93
0.16454389341376216,0.1297767162322998,0.6187498381643373,0.3014331107879043,1.2858709711927194,GSE334503,CD123,cognate,5077,,HS94
0.30630164018892525,0.059186697006225586,0.6963096711906193,0.23944206308271773,1.2448720529272916,GSE334503,CD11b,cognate,84177,17.0,
-0.08356574282037187,-2.330641031265259,0.7883054670956049,0.3979426776052727,-0.17130937071687843,GSE334503,CD11b,noncognate,84177,17.0,
0.2561888818726194,-0.08716154098510742,0.6722980099136355,0.26428724088516464,0.9109962284031125,GSE334503,CD11b,cognate,5577,,HS10
0.31210821505086866,0.07846671342849731,0.6555346495609355,0.22932585463212704,1.3133185937730973,GSE334503,CD11b,cognate,5436,,HS12
0.3433493726119969,0.09828025102615356,0.7614470559749292,0.26222340575382186,1.2628401778019345,GSE334503,CD11b,cognate,4385,,HS16
0.34319963723239205,0.07653963565826416,0.6731653464577405,0.2337186762953198,1.3613086251443882,GSE334503,CD11b,cognate,6170,,HS22
0.33470302309793265,0.05525171756744385,0.7006924193354784,0.2400646878834634,1.290427663664672,GSE334503,CD11b,cognate,4705,,HS24
0.2908133907038034,0.06862032413482666,0.6924143408738067,0.23233192408150788,1.280253091097079,GSE334503,CD11b,cognate,5100,,HS28
0.3245870754341004,0.07531857490539551,0.6799429051888927,0.2601616591284129,1.2334746581092753,GSE334503,CD11b,cognate,5338,,HS30
0.26613721937514173,0.06468158960342407,0.6566154053047146,0.24759387487411902,1.1004261761882823,GSE334503,CD11b,cognate,4821,,HS32
0.24530852058606736,0.029984891414642334,0.6742896227313462,0.21459581568174735,1.0604844549499697,GSE334503,CD11b,cognate,4619,,HS46
0.2969141229880783,-0.062221407890319824,0.6961565787820647,0.23352587534498637,1.2751917440301466,GSE334503,CD11b,cognate,4185,,HS47
0.31388858831799005,0.0812075138092041,0.7184293280390193,0.23504262272189141,1.2386647607276764,GSE334503,CD11b,cognate,4761,,HS6
0.34961160283934506,0.08568328619003296,0.6843757951636028,0.23798705216584082,1.4314052166920537,GSE334503,CD11b,cognate,5350,,HS68
0.2644583402084904,-0.009918451309204102,0.6738330785596909,0.23240320611076526,1.1064329368396637,GSE334503,CD11b,cognate,4783,,HS75
0.3085239434753979,0.08152234554290771,0.7622474205171124,0.23712162662341482,1.2427605823265098,GSE334503,CD11b,cognate,4613,,HS86
0.3363440684891578,0.08255600929260254,0.6892294372269642,0.25373241579207595,1.2567387769371103,GSE334503,CD11b,cognate,5422,,HS88
0.3177891919912708,0.04792732000350952,0.7485365895595377,0.20256598132810405,1.5858703500563562,GSE334503,CD11b,cognate,3835,,HS93
0.2763382769843684,0.01093381643295288,0.7222646528601616,0.24709170771374245,1.1641404104921709,GSE334503,CD11b,cognate,5077,,HS94
-0.010601411500761132,-0.16618704795837402,0.6313663724764106,0.03565084297507012,0.291567114203262,GSE334503,CD103 (Integrin αE),cognate,84177,17.0,
-0.09579899394880884,-3.246983051300049,1.4025064443076414,0.030626866813150702,-2.9186192304424843,GSE334503,CD103 (Integrin αE),noncognate,84177,17.0,
-0.0161504476505625,-0.2281341552734375,0.5939432130956505,0.04105572490614124,0.3091316947943287,GSE334503,CD103 (Integrin αE),cognate,5577,,HS10
0.0041529367746003494,-0.1411045789718628,0.5898473878457768,0.03479384607928097,0.1987953566116755,GSE334503,CD103 (Integrin αE),cognate,5436,,HS12
-0.011323963910868222,-0.3748894929885864,0.5936188301959447,0.03895460671966635,-0.26995051449278173,GSE334503,CD103 (Integrin αE),cognate,4385,,HS16
-0.026613593077094228,-0.13816606998443604,0.6076498063938345,0.037178535455936794,0.4736747486442881,GSE334503,CD103 (Integrin αE),cognate,6170,,HS22
-0.015572539700316421,-0.10042035579681396,0.7202419883655837,0.03346493291193515,1.015229242215487,GSE334503,CD103 (Integrin αE),cognate,4705,,HS24
-0.012075865278832025,-0.11095738410949707,0.6160515338734022,0.034894141859028394,-0.06459580575481136,GSE334503,CD103 (Integrin αE),cognate,5100,,HS28
-0.012486544792386976,-0.17547118663787842,0.6390007875300346,0.0363331999245562,-0.10039722735788657,GSE334503,CD103 (Integrin αE),cognate,5338,,HS30
0.016802910364512178,-0.11631655693054199,0.579617121246606,0.03422585482308676,1.0237781530990724,GSE334503,CD103 (Integrin αE),cognate,4821,,HS32
-0.009290115634322249,-0.2007904052734375,0.5926659123593276,0.03839431038113844,0.0606350066996471,GSE334503,CD103 (Integrin αE),cognate,4619,,HS46
0.028854565664168177,-0.02915823459625244,0.8759528489661461,0.022857488194074845,3.290436342950327,GSE334503,CD103 (Integrin αE),cognate,4185,,HS47
-0.02471234353767051,-0.3055574893951416,0.6111828079815912,0.041110613168230864,-0.40437503956890547,GSE334503,CD103 (Integrin αE),cognate,4761,,HS6
-0.02783329831416147,-0.20018434524536133,0.597728924290788,0.03787807561668007,-0.6303012457328975,GSE334503,CD103 (Integrin αE),cognate,5350,,HS68
-0.01342869179469733,-0.13363802433013916,0.6341871002111794,0.03804843358370283,0.3739992070601943,GSE334503,CD103 (Integrin αE),cognate,4783,,HS75
0.005270253608908527,-0.25338149070739746,0.613989184518857,0.03783658198170802,0.6913767239077895,GSE334503,CD103 (Integrin αE),cognate,4613,,HS86
-0.017264590322767958,-0.1452493667602539,0.6280019430825976,0.03355892158861301,0.019776777710471757,GSE334503,CD103 (Integrin αE),cognate,5422,,HS88
-0.011175662749263833,-0.2862337827682495,0.6242306742764582,0.03539479491349826,-0.10448702473639247,GSE334503,CD103 (Integrin αE),cognate,3835,,HS93
-0.011442703487046745,-0.2983841896057129,0.6082660169675875,0.04041737308692889,-0.01975959227891432,GSE334503,CD103 (Integrin αE),cognate,5077,,HS94
0.10775688695233737,-0.17503249645233154,0.5778185831413024,0.12161988163568493,1.9854157114443687,GSE334503,CD303 (BDCA-2),cognate,84177,17.0,
-0.026514708870073803,-0.19363737106323242,0.7397977401783449,0.09574021080095207,-0.28713877568348917,GSE334503,CD303 (BDCA-2),noncognate,84177,17.0,
0.08524925887303304,-0.2456876039505005,0.5837707639183001,0.08763087858949976,2.4198125726236555,GSE334503,CD303 (BDCA-2),cognate,5577,,HS10
0.09904730547298848,-0.05847334861755371,0.5526569972789523,0.10174550078731298,2.1046188092988847,GSE334503,CD303 (BDCA-2),cognate,5436,,HS12
0.11113387342465537,-0.2898242473602295,0.6058351208119563,0.22736994471219357,1.3505207926581428,GSE334503,CD303 (BDCA-2),cognate,4385,,HS16
0.14435499654619732,-0.13379883766174316,0.5722848413775807,0.14139830818151805,1.8189467886050827,GSE334503,CD303 (BDCA-2),cognate,6170,,HS22
0.07491552927836752,-0.2857694625854492,0.6014107847253387,0.07686498599571988,2.781464548690866,GSE334503,CD303 (BDCA-2),cognate,4705,,HS24
0.12631972519753787,-0.04339289665222168,0.5367727993732289,0.1327624382649324,1.947328312813896,GSE334503,CD303 (BDCA-2),cognate,5100,,HS28
0.09300399258825029,-0.2329854965209961,0.5801659462979184,0.06137125660176923,3.3323201294329854,GSE334503,CD303 (BDCA-2),cognate,5338,,HS30
0.06947423456832719,-0.10448217391967773,0.5374563864822944,0.07722028155004976,1.7412070589013418,GSE334503,CD303 (BDCA-2),cognate,4821,,HS32
0.09924498345434635,-0.1915990114212036,0.5834255287564571,0.06976701814247735,3.29798318634276,GSE334503,CD303 (BDCA-2),cognate,4619,,HS46
0.07646278321924566,-0.30288243293762207,0.5931845281171001,0.08739227885279731,2.434511314766237,GSE334503,CD303 (BDCA-2),cognate,4185,,HS47
0.14632871221486032,-0.13582313060760498,0.5815088885079813,0.16938780080422014,1.975830176930967,GSE334503,CD303 (BDCA-2),cognate,4761,,HS6
0.13408141591293954,-0.06317305564880371,0.555741450547298,0.15419614674893553,1.9668268193647478,GSE334503,CD303 (BDCA-2),cognate,5350,,HS68
0.12798954445324462,-0.16749787330627441,0.5690450301361324,0.10695140362637764,2.477486333864393,GSE334503,CD303 (BDCA-2),cognate,4783,,HS75
0.10503510779086603,-0.34764277935028076,0.6006725465927416,0.1129024445312239,2.247266713657767,GSE334503,CD303 (BDCA-2),cognate,4613,,HS86
0.11575196695002227,-0.12253451347351074,0.5743050542837177,0.15461787788890036,1.7036312938717435,GSE334503,CD303 (BDCA-2),cognate,5422,,HS88
0.06976788873861478,-0.2979196310043335,0.5962985455645758,0.06663728421664217,3.040469666203308,GSE334503,CD303 (BDCA-2),cognate,3835,,HS93
0.10191512438132631,-0.2611809968948364,0.6086329318987151,0.09445484060062227,2.8634097894542743,GSE334503,CD303 (BDCA-2),cognate,5077,,HS94
0.17394548331810905,-0.27386999130249023,0.8136504171822936,0.2654070145754728,1.2188499347448205,GSE334503,CD1c,cognate,84177,17.0,
-0.009745298954557051,-8.893072128295898,1.2250812114343175,0.4912339732982993,-0.019276059279021155,GSE334503,CD1c,noncognate,84177,17.0,
0.20967878007738516,-0.03934121131896973,0.8677579361078184,0.230992121491547,1.2892531062849317,GSE334503,CD1c,cognate,5577,,HS10
0.15217193250185573,-0.222090482711792,0.6979404677892199,0.36470524092705864,1.0701583545035145,GSE334503,CD1c,cognate,5436,,HS12
0.12705859329337213,-0.6811193227767944,0.8517892168252365,0.22224248004365166,1.2812124049735854,GSE334503,CD1c,cognate,4385,,HS16
0.17586162509217618,-0.32273101806640625,0.7891799159550734,0.3415390424581678,0.9894964393286829,GSE334503,CD1c,cognate,6170,,HS22
0.1821737234237106,-0.2826206684112549,0.866249780310841,0.27765486794625366,1.3105535620219062,GSE334503,CD1c,cognate,4705,,HS24
0.17481224560170885,-0.19003748893737793,0.7668371531032029,0.17707388603891974,1.4642798133592447,GSE334503,CD1c,cognate,5100,,HS28
0.18228088865969844,-0.2754344940185547,0.8139451086881891,0.17908401327857382,1.7683944698617584,GSE334503,CD1c,cognate,5338,,HS30
0.166301150559074,-0.2802630662918091,0.7201461086771663,0.32596965037726083,0.9949681039366113,GSE334503,CD1c,cognate,4821,,HS32
0.1714584300018362,-0.1520380973815918,0.8077222762643917,0.26861942248777654,1.4002555287574183,GSE334503,CD1c,cognate,4619,,HS46
0.23899042972585702,-0.01624000072479248,0.9309024085287952,0.31854974908435657,1.081076616663959,GSE334503,CD1c,cognate,4185,,HS47
0.1691095259812788,-0.37906503677368164,0.8301839962929654,0.2090571452901951,1.6055310898360888,GSE334503,CD1c,cognate,4761,,HS6
0.16165043049095268,-0.2421966791152954,0.8056066134228714,0.21898895854337017,1.391664691523434,GSE334503,CD1c,cognate,5350,,HS68
0.1454636408739094,-0.4403104782104492,0.7890220102931544,0.1922136422953185,1.437743036928696,GSE334503,CD1c,cognate,4783,,HS75
0.2139369397232962,-0.407126784324646,0.8457935099943806,0.3791207619954589,1.0747609563991696,GSE334503,CD1c,cognate,4613,,HS86
0.1533524122156798,-0.46619415283203125,0.7644839054980781,0.29050466496871236,1.1659609849052068,GSE334503,CD1c,cognate,5422,,HS88
0.17168291774762698,-0.32985520362854004,0.8791004559743647,0.18539570379916337,1.583433422061698,GSE334503,CD1c,cognate,3835,,HS93
0.14101401465535035,-0.6646060943603516,0.8285850470638141,0.21181803281457634,1.3504342692415883,GSE334503,CD1c,cognate,5077,,HS94
0.22147255690694242,-0.25207245349884033,0.739747342653133,0.028014240758832746,7.611221713358268,GSE334503,CD196 (CCR6),cognate,84177,17.0,
-0.053949341498161954,-3.2126669883728027,1.1322656824428696,0.033572042294335275,-1.3273750111877192,GSE334503,CD196 (CCR6),noncognate,84177,17.0,
0.1717960469441376,-0.22414088249206543,0.7489638721400971,0.023114672207196298,6.589859265681983,GSE334503,CD196 (CCR6),cognate,5577,,HS10
0.16869840199350558,-0.10062539577484131,0.6582652212672906,0.02889164598871483,5.859953724453364,GSE334503,CD196 (CCR6),cognate,5436,,HS12
0.23912059580130604,-0.4491323232650757,0.8391306133789986,0.019023889831704856,13.427775862562884,GSE334503,CD196 (CCR6),cognate,4385,,HS16
0.2332680211881804,-0.3181588649749756,0.7045824416651424,0.0401992183504965,4.949329960381262,GSE334503,CD196 (CCR6),cognate,6170,,HS22
0.3424503704851592,-0.1664900779724121,0.795107358245328,0.03534384800251573,9.057570074111325,GSE334503,CD196 (CCR6),cognate,4705,,HS24
0.19874713997720173,-0.05656278133392334,0.6649526576349266,0.02629254351360767,6.8774169834036725,GSE334503,CD196 (CCR6),cognate,5100,,HS28
0.20773660881604575,-0.2487199306488037,0.7194200792282132,0.025557144481308837,8.066445767957104,GSE334503,CD196 (CCR6),cognate,5338,,HS30
0.19850411278390595,-0.11292374134063721,0.6677903723542837,0.02175244223931125,9.233930925566886,GSE334503,CD196 (CCR6),cognate,4821,,HS32
0.13074163181647852,-0.3899470567703247,0.7125819543920255,0.027050685292668582,4.46905955219204,GSE334503,CD196 (CCR6),cognate,4619,,HS46
0.2999775696249018,-0.012947916984558105,0.7679060606725135,0.03351653475093046,8.544194584386906,GSE334503,CD196 (CCR6),cognate,4185,,HS47
0.19929608506601798,-0.4139111042022705,0.7484591470984476,0.022067384731443193,9.417220915983506,GSE334503,CD196 (CCR6),cognate,4761,,HS6
0.20209670695018186,-0.29278695583343506,0.7195577229321614,0.028067481130669817,6.64439161742603,GSE334503,CD196 (CCR6),cognate,5350,,HS68
0.17609398832251305,-0.4920682907104492,0.7432647115596772,0.026213140143566245,6.681444464029756,GSE334503,CD196 (CCR6),cognate,4783,,HS75
0.24228480851845777,-0.5617492198944092,0.8594576362413099,0.027877298188507097,9.032699085373917,GSE334503,CD196 (CCR6),cognate,4613,,HS86
0.13111018174771544,-0.5103869438171387,0.7062385499076687,0.02239128564396189,6.058937936840925,GSE334503,CD196 (CCR6),cognate,5422,,HS88
0.24742965759946586,-0.2090514898300171,0.8070587109217044,0.025502530676422205,9.129032922422578,GSE334503,CD196 (CCR6),cognate,3835,,HS93
0.25079846846691417,-0.399713397026062,0.7406109579179606,0.033170219346997834,7.680691817749536,GSE334503,CD196 (CCR6),cognate,5077,,HS94
0.4381047470257575,0.05308634042739868,1.0858118547163078,0.2478894884667035,1.434158942138022,GSE334503,CD27,cognate,84177,17.0,
0.4381047470257575,0.05308634042739868,1.0858118547163078,0.2478894884667035,1.434158942138022,GSE334503,CD27,noncognate,84177,17.0,
0.4339779589231166,-0.21256768703460693,1.0902908665923599,0.2853965285287628,1.2005417107552374,GSE334503,CD27,cognate,5577,,HS10
0.3727458676722903,0.08595657348632812,1.0391836454283627,0.25703022806688713,1.163482602237877,GSE334503,CD27,cognate,5436,,HS12
0.5980592593833444,0.03226131200790405,1.2223854130594851,0.2767466298452046,1.812267505491416,GSE334503,CD27,cognate,4385,,HS16
0.4029567137415647,0.09156692028045654,0.9744817921643727,0.24979738568950077,1.3751324046553153,GSE334503,CD27,cognate,6170,,HS22
0.38200030848796246,-0.05613899230957031,1.128138772980789,0.19250490005878224,1.5753435323782792,GSE334503,CD27,cognate,4705,,HS24
0.48356727914274983,0.05590856075286865,1.0048882101523826,0.292315063980427,1.374889938526063,GSE334503,CD27,cognate,5100,,HS28
0.4358528328526265,0.07525348663330078,1.082144335404483,0.23927071816298212,1.5341630953691558,GSE334503,CD27,cognate,5338,,HS30
0.4070712539414734,0.054632365703582764,1.0438601224449149,0.2077735443645446,1.669563862920397,GSE334503,CD27,cognate,4821,,HS32
0.3631884936589405,0.05225294828414917,1.0048996578246718,0.2251866214388242,1.3137415170156108,GSE334503,CD27,cognate,4619,,HS46
0.45033122729929603,0.03174465894699097,1.0754671368191264,0.2401451664958075,1.6003460845148,GSE334503,CD27,cognate,4185,,HS47
0.5072794589140921,0.039908766746520996,1.172350214925494,0.21994015065905115,1.9439444279581113,GSE334503,CD27,cognate,4761,,HS6
0.365871231973575,0.09112989902496338,1.026778439087298,0.22568500019148305,1.4174248184314229,GSE334503,CD27,cognate,5350,,HS68
0.35024221728244925,-0.1015629768371582,1.0664001017522513,0.21187902531122504,1.4512621993207349,GSE334503,CD27,cognate,4783,,HS75
0.5174634692326989,-0.0148390531539917,1.3191303174827946,0.2472047804226841,1.6466160039915156,GSE334503,CD27,cognate,4613,,HS86
0.4081494127576225,0.081371009349823,1.0126959599315373,0.3056467517434114,1.0036952611026821,GSE334503,CD27,cognate,5422,,HS88
0.44478299544628835,0.1029360294342041,1.1218049986525427,0.23875894469934628,1.5911332662245934,GSE334503,CD27,cognate,3835,,HS93
0.40490410295250334,0.07538539171218872,1.1004653769856705,0.2843399312002458,1.104618327911912,GSE334503,CD27,cognate,5077,,HS94
0.14380693204669115,-1.9762613773345947,0.6390284438257473,0.20587407885442965,0.6512404900378672,GSE334503,CD183 (CXCR3),cognate,84177,17.0,
-0.024696262664238834,-0.5496853590011597,0.40246372841362815,0.23587470705777927,-0.10199751392406586,GSE334503,CD183 (CXCR3),noncognate,84177,17.0,
0.15977331730645505,-3.10518741607666,0.6763313568168451,0.25143730600442366,0.5865269186024855,GSE334503,CD183 (CXCR3),cognate,5577,,HS10
0.12703707758747523,-1.2792820930480957,0.6297818834926933,0.17886063957814405,0.6694447038301159,GSE334503,CD183 (CXCR3),cognate,5436,,HS12
0.1684590707938297,-2.3431453704833984,0.6159434274420184,0.1671319280403606,1.0596500929244899,GSE334503,CD183 (CXCR3),cognate,4385,,HS16
0.15790988140559922,-1.7521686553955078,0.605644766541082,0.19007288096381356,0.7941181630540288,GSE334503,CD183 (CXCR3),cognate,6170,,HS22
0.2500751703889478,-2.3249638080596924,0.6957864324863705,0.26206378607781605,0.8740051978927822,GSE334503,CD183 (CXCR3),cognate,4705,,HS24
0.09932668909041084,-1.688542127609253,0.6838564122887779,0.1531412626760803,0.5908605617229093,GSE334503,CD183 (CXCR3),cognate,5100,,HS28
0.2001354811809421,-2.4741175174713135,0.719925375488514,0.1458201472326916,1.4256853099806526,GSE334503,CD183 (CXCR3),cognate,5338,,HS30
0.12680904272672164,-1.3442926406860352,0.6510511143316774,0.18183770916844122,0.5345991047301929,GSE334503,CD183 (CXCR3),cognate,4821,,HS32
0.18361792952048656,-1.5435137748718262,0.5746498047008098,0.240534043358657,0.6615500923011398,GSE334503,CD183 (CXCR3),cognate,4619,,HS46
0.18118426870323018,-3.269502639770508,0.7997458113727308,0.1356269044333194,1.2930611642247598,GSE334503,CD183 (CXCR3),cognate,4185,,HS47
0.1100104929674608,-2.370148181915283,0.6162258091989472,0.2053065534137894,0.5527411412186375,GSE334503,CD183 (CXCR3),cognate,4761,,HS6
0.1503772050038963,-1.540977954864502,0.587953557799746,0.19622510149603123,0.7597788077465008,GSE334503,CD183 (CXCR3),cognate,5350,,HS68
0.07209536287850295,-2.9985485076904297,0.623516443938155,0.2438186774457125,0.3206687892888139,GSE334503,CD183 (CXCR3),cognate,4783,,HS75
0.12311224664857678,-2.536929130554199,0.576866481218022,0.27603016432688937,0.41696390253593757,GSE334503,CD183 (CXCR3),cognate,4613,,HS86
0.15433118171475776,-1.2884371280670166,0.546332744424482,0.1935868949362553,0.7637743752817109,GSE334503,CD183 (CXCR3),cognate,5422,,HS88
0.10298777699499134,-2.979184627532959,0.6467897322106312,0.14944567283069826,0.6633559627859812,GSE334503,CD183 (CXCR3),cognate,3835,,HS93
0.1181378870084331,-2.276686191558838,0.593911751247701,0.34283642310747453,0.35304364538333655,GSE334503,CD183 (CXCR3),cognate,5077,,HS94
0.03254487086308348,-0.8480829000473022,0.4395069004641139,0.026974743755351728,0.997082000467782,GSE334503,CD154,cognate,84177,17.0,
-0.04991973368617147,-2.588489055633545,0.7016821999163245,0.023543857636278778,-1.8279207711393746,GSE334503,CD154,noncognate,84177,17.0,
0.04431292051439749,-0.7329695224761963,0.42640638394072355,0.023262500123059648,2.0119819078302275,GSE334503,CD154,cognate,5577,,HS10
0.03664277053573412,-0.5124120712280273,0.4552773952107545,0.023915861917204517,0.8714798950824785,GSE334503,CD154,cognate,5436,,HS12
0.07445258408771283,-0.921137809753418,0.4073309821676481,0.03481345872003605,1.4714653246831515,GSE334503,CD154,cognate,4385,,HS16
-0.017149701425225396,-1.0513174533843994,0.4690393667342872,0.027951792242148915,-0.25368959923916756,GSE334503,CD154,cognate,6170,,HS22
0.014695647742705301,-1.154130220413208,0.4299039642246598,0.024840601903167312,0.27629176307737163,GSE334503,CD154,cognate,4705,,HS24
0.02766734168395657,-0.5169497728347778,0.4463494424855564,0.030681344858949224,0.2918152779489477,GSE334503,CD154,cognate,5100,,HS28
0.04587070269507576,-0.9621354341506958,0.4345753701590782,0.02681196953024473,1.8398482799471907,GSE334503,CD154,cognate,5338,,HS30
0.011866722093927778,-0.4325329065322876,0.4590898920070685,0.0208028728416626,0.18878205165570583,GSE334503,CD154,cognate,4821,,HS32
0.013723239420457998,-0.7672461271286011,0.4411545432475842,0.02516267272375721,0.2467496205839826,GSE334503,CD154,cognate,4619,,HS46
0.06141013652352053,-1.3431439399719238,0.448609760308307,0.034512285828121096,1.4947526253859298,GSE334503,CD154,cognate,4185,,HS47
0.03469215737452454,-0.9167237281799316,0.42593970543786497,0.022784968541530306,1.6207603743417778,GSE334503,CD154,cognate,4761,,HS6
0.033548767633458036,-0.8141828775405884,0.440360340825118,0.024538794078653992,1.4050392855954164,GSE334503,CD154,cognate,5350,,HS68
0.04367398380945965,-0.7581021785736084,0.4258254491980701,0.021862340557256294,2.1477088922088545,GSE334503,CD154,cognate,4783,,HS75
0.040179870282382284,-1.2082366943359375,0.4196111904823065,0.028572560981980896,1.5372648827235302,GSE334503,CD154,cognate,4613,,HS86
0.033000135992125396,-0.873105525970459,0.43882891934190343,0.030878231829650226,0.8097966239802935,GSE334503,CD154,cognate,5422,,HS88
0.040794071740989146,-1.5147457122802734,0.4560354257310227,0.03169861481383606,1.151869730739146,GSE334503,CD154,cognate,3835,,HS93
0.024112422126285435,-1.1669368743896484,0.4350739378957986,0.0297403369312177,0.9454083771600058,GSE334503,CD154,cognate,5077,,HS94
0.17332664712789428,-0.2969210147857666,0.5394242772724914,0.2554610020644095,0.7003686164255848,GSE334503,CD141 (Thrombomodulin),cognate,84177,17.0,
0.15410828686652694,-0.05161488056182861,0.961919546353737,0.12899947843664689,1.0131226857458961,GSE334503,CD141 (Thrombomodulin),noncognate,84177,17.0,
0.14620400696414163,-0.4809563159942627,0.5222846473533593,0.33657416473274365,0.565214109682177,GSE334503,CD141 (Thrombomodulin),cognate,5577,,HS10
0.1396036450914465,-0.14717018604278564,0.5315673104886522,0.15780629177796499,0.9542813210696415,GSE334503,CD141 (Thrombomodulin),cognate,5436,,HS12
0.1777552904350509,-0.4888160228729248,0.6171855443609616,0.2923329023609525,0.7144239740008372,GSE334503,CD141 (Thrombomodulin),cognate,4385,,HS16
0.1893772871000772,-0.23414039611816406,0.509842877727748,0.26635002999466345,0.817446024190486,GSE334503,CD141 (Thrombomodulin),cognate,6170,,HS22
0.21621232500976695,-0.3012169599533081,0.5673741193883449,0.2622391428598991,0.8507541831024852,GSE334503,CD141 (Thrombomodulin),cognate,4705,,HS24
0.13249201241224884,-0.16577935218811035,0.5269432242264352,0.15029318363542946,1.2742536536644329,GSE334503,CD141 (Thrombomodulin),cognate,5100,,HS28
0.17688941714227854,-0.30226361751556396,0.4929734721010512,0.2759355998871902,0.5433627143860745,GSE334503,CD141 (Thrombomodulin),cognate,5338,,HS30
0.18583733523637755,-0.1454402208328247,0.5239775419664172,0.33662164429264646,0.41688058585073945,GSE334503,CD141 (Thrombomodulin),cognate,4821,,HS32
0.1818447989338586,-0.20533454418182373,0.5216553939824196,0.2523968603349972,0.6988342455499413,GSE334503,CD141 (Thrombomodulin),cognate,4619,,HS46
0.13387822305670674,-0.3381446599960327,0.5142346914087045,0.14093474078242035,1.1046299944779194,GSE334503,CD141 (Thrombomodulin),cognate,4185,,HS47
0.14372028973545123,-0.42506492137908936,0.5471663924873138,0.17573287144747743,1.1804926611430784,GSE334503,CD141 (Thrombomodulin),cognate,4761,,HS6
0.18255024954359286,-0.258121132850647,0.5355832422152621,0.2144848829035201,0.8396372884217356,GSE334503,CD141 (Thrombomodulin),cognate,5350,,HS68
0.16771549901387958,-0.6402487754821777,0.5818776177532835,0.27090105237306406,0.5609517039946628,GSE334503,CD141 (Thrombomodulin),cognate,4783,,HS75
0.2234590219066384,-0.49875521659851074,0.655263659067432,0.3522693282606609,0.6586347265485413,GSE334503,CD141 (Thrombomodulin),cognate,4613,,HS86
0.14597968144087015,-0.23482322692871094,0.5126775829337734,0.20896943002222632,0.6248644857389666,GSE334503,CD141 (Thrombomodulin),cognate,5422,,HS88
0.17256844648808842,-0.44449758529663086,0.5048571936122903,0.28366619519375746,0.5475613348381846,GSE334503,CD141 (Thrombomodulin),cognate,3835,,HS93
0.19515377061588585,-0.23881936073303223,0.5029524714670004,0.25510944021300874,0.8285226840503127,GSE334503,CD141 (Thrombomodulin),cognate,5077,,HS94
0.6214074710242043,0.4242329001426697,0.5572467381795622,0.5496217619671219,1.217325751265994,GSE334503,CD161,cognate,84177,17.0,
-0.1919673895136001,-1.382793664932251,1.504737445957021,0.41406691917609245,-0.429583296581878,GSE334503,CD161,noncognate,84177,17.0,
0.6859785650055144,0.4256051778793335,0.5378366436323995,0.666249327228612,0.9964246982479538,GSE334503,CD161,cognate,5577,,HS10
0.5782446280888668,0.3759586215019226,0.5835019673965616,0.4728718048365442,1.3617789387423906,GSE334503,CD161,cognate,5436,,HS12
0.6653873064365042,0.435019850730896,0.5646124486231221,0.4915819302555844,1.4007207721405666,GSE334503,CD161,cognate,4385,,HS16
0.6031474535163418,0.48358094692230225,0.5583600442342456,0.6074506528743494,1.16457311496821,GSE334503,CD161,cognate,6170,,HS22
0.7243201640748362,0.5171604752540588,0.5778788480735753,0.5636986113846563,1.314477806163945,GSE334503,CD161,cognate,4705,,HS24
0.6141505640626167,0.39748209714889526,0.5658747316683838,0.5246930906456727,1.2322685994180702,GSE334503,CD161,cognate,5100,,HS28
0.6340098300865824,0.4179946184158325,0.5514804379200665,0.5645115302081766,1.1797478078802852,GSE334503,CD161,cognate,5338,,HS30
0.6024495296663553,0.3708224892616272,0.5845835492094498,0.49399883295813574,1.2645804663982232,GSE334503,CD161,cognate,4821,,HS32
0.5481971634191354,0.2827909588813782,0.5315625169093574,0.4378050052048524,1.2941552305385542,GSE334503,CD161,cognate,4619,,HS46
0.7030898056946049,0.4761005640029907,0.5640418326271551,0.6145857697918963,1.1388441501151272,GSE334503,CD161,cognate,4185,,HS47
0.6498183682643621,0.469477117061615,0.5560046394209469,0.5864943802063955,1.2017877172587972,GSE334503,CD161,cognate,4761,,HS6
0.5512407313229725,0.36772245168685913,0.5658875293461112,0.4953407413456284,1.305524142666091,GSE334503,CD161,cognate,5350,,HS68
0.5376939089999379,0.3418313264846802,0.5214732593966174,0.5452509373534299,1.135853466504846,GSE334503,CD161,cognate,4783,,HS75
0.5668387840948373,0.4339582920074463,0.5134920741103791,0.6127161027195794,1.1161378331218266,GSE334503,CD161,cognate,4613,,HS86
0.5948293306459805,0.34706711769104004,0.5825751406785141,0.4429386841787408,1.4107288534219913,GSE334503,CD161,cognate,5422,,HS88
0.6122372728286579,0.46588462591171265,0.5613177378840898,0.5618044276983518,1.2489493812895802,GSE334503,CD161,cognate,3835,,HS93
0.6092288692636265,0.4425576329231262,0.5419272444023786,0.5502851675665857,1.2375001051369616,GSE334503,CD161,cognate,5077,,HS94
0.19278552685761,0.0011066198348999023,0.6161712053309095,0.1030873472281063,0.8552066162778924,GSE334503,CD69,cognate,84177,17.0,
-0.1457641350751784,-0.2201223373413086,0.8668337607389703,0.08098657633909631,-2.568948873958706,GSE334503,CD69,noncognate,84177,17.0,
0.2594522335050136,-0.012766718864440918,0.6791527716457584,0.12434591169527465,1.0841585780097966,GSE334503,CD69,cognate,5577,,HS10
0.1500212316315009,-0.02452695369720459,0.5824948199291503,0.08912571317007692,0.8985488421150439,GSE334503,CD69,cognate,5436,,HS12
0.21398297328131105,-0.037134766578674316,0.5727244545989728,0.07005307980290262,1.961650013436271,GSE334503,CD69,cognate,4385,,HS16
0.3095121225183585,0.026105880737304688,0.6091233736545294,0.1303798084430267,1.3554928799265484,GSE334503,CD69,cognate,6170,,HS22
0.17840827459748493,0.011977791786193848,0.6470887277955123,0.0745980229729934,1.5888972038527924,GSE334503,CD69,cognate,4705,,HS24
0.21714288933821746,-0.01182103157043457,0.5807938447068479,0.07726212955959508,2.0733769755112705,GSE334503,CD69,cognate,5100,,HS28
0.14191629422691374,-0.025281667709350586,0.6038838963485986,0.07644861884079611,1.2197212429955917,GSE334503,CD69,cognate,5338,,HS30
0.10946610512825804,-0.03193831443786621,0.5993936007559999,0.15703710630857856,-0.04548042420734463,GSE334503,CD69,cognate,4821,,HS32
0.17630172048398093,0.003038465976715088,0.6355039557447155,0.10515231560532122,0.9639366079436598,GSE334503,CD69,cognate,4619,,HS46
0.13593031491113505,-0.03485143184661865,0.6166382289034258,0.11035663276719494,0.5255140244020626,GSE334503,CD69,cognate,4185,,HS47
0.23100722993148176,0.0082930326461792,0.612736915973189,0.09175687618407712,0.9931195062433714,GSE334503,CD69,cognate,4761,,HS6
0.15978439766071775,-0.045793890953063965,0.5870624932145254,0.07267432428321363,1.4598765676406085,GSE334503,CD69,cognate,5350,,HS68
0.20005185560837366,-0.03312551975250244,0.6433367902987337,0.08038709603601259,1.5161811556668774,GSE334503,CD69,cognate,4783,,HS75
0.24719287693213618,0.005800902843475342,0.6444965237596989,0.11622074503817977,0.7191057891058342,GSE334503,CD69,cognate,4613,,HS86
0.1967228240878446,-0.015752315521240234,0.6078982922725344,0.12461053960442514,0.38483087928974447,GSE334503,CD69,cognate,5422,,HS88
0.2035466882278196,-0.03822135925292969,0.5911451471355561,0.10906134740843479,0.9822031813863914,GSE334503,CD69,cognate,3835,,HS93
0.08722062308864352,-0.03600287437438965,0.6458980517621269,0.0692680176848263,-0.0811639101693346,GSE334503,CD69,cognate,5077,,HS94
0.7109607478131135,0.3423311114311218,0.5098108731938705,0.4188786804252581,1.4800553304756363,GSE334503,CD127 (IL-7Rα),cognate,84177,17.0,
0.07441654294255762,-10.015046119689941,1.7691299623457384,0.49400021267871524,0.07248912083048771,GSE334503,CD127 (IL-7Rα),noncognate,84177,17.0,
0.5753572050422338,0.1448637843132019,0.47808078548966426,0.39758347175012043,1.356823637699298,GSE334503,CD127 (IL-7Rα),cognate,5577,,HS10
0.6850852300072907,0.31246399879455566,0.5623041712767499,0.3957373610096918,1.4987762380192586,GSE334503,CD127 (IL-7Rα),cognate,5436,,HS12
0.7799429675733243,0.4127157926559448,0.5237329986926559,0.4438381891801329,1.5555005270433617,GSE334503,CD127 (IL-7Rα),cognate,4385,,HS16
0.6789036808319763,0.33869510889053345,0.4714480318918231,0.47181099389538755,1.261368727790919,GSE334503,CD127 (IL-7Rα),cognate,6170,,HS22
0.7603736467696474,0.39938807487487793,0.5227603232825246,0.4708914999219306,1.4127332951883045,GSE334503,CD127 (IL-7Rα),cognate,4705,,HS24
0.729824155509318,0.3578973412513733,0.5317168428497234,0.44194718268931404,1.4250417662201265,GSE334503,CD127 (IL-7Rα),cognate,5100,,HS28
0.7073856824526624,0.3220279812812805,0.5017088655717621,0.38650299861954335,1.5789032570030708,GSE334503,CD127 (IL-7Rα),cognate,5338,,HS30
0.6751304503257963,0.2790742516517639,0.5511643991159344,0.3521660912521693,1.7084306160803828,GSE334503,CD127 (IL-7Rα),cognate,4821,,HS32
0.6455799955461405,0.26533806324005127,0.4839099220232633,0.42940408011927395,1.310495532593544,GSE334503,CD127 (IL-7Rα),cognate,4619,,HS46
0.7694933651031731,0.4392477869987488,0.47988438930104926,0.5273641500401477,1.3111592268359933,GSE334503,CD127 (IL-7Rα),cognate,4185,,HS47
0.7294178357040093,0.3256210684776306,0.5205952354431485,0.34546647819537674,1.8663488638008021,GSE334503,CD127 (IL-7Rα),cognate,4761,,HS6
0.6690391464344553,0.3131493926048279,0.4804387897361494,0.4433466007487482,1.3078521045749094,GSE334503,CD127 (IL-7Rα),cognate,5350,,HS68
0.6465484172676633,0.28218352794647217,0.46144413987226046,0.38978877832744774,1.4523634481744725,GSE334503,CD127 (IL-7Rα),cognate,4783,,HS75
0.7241018616963802,0.3928012251853943,0.49738137155915957,0.430403586631578,1.5644574045413673,GSE334503,CD127 (IL-7Rα),cognate,4613,,HS86
0.6925752036543941,0.3187636733055115,0.503240278317828,0.4115013795649209,1.4416676289344408,GSE334503,CD127 (IL-7Rα),cognate,5422,,HS88
0.744379000575694,0.30050331354141235,0.5417809702017737,0.4086217557367803,1.5668368913839448,GSE334503,CD127 (IL-7Rα),cognate,3835,,HS93
0.7298895959798151,0.31461477279663086,0.5517696683166929,0.3384225567251682,1.8784081309335416,GSE334503,CD127 (IL-7Rα),cognate,5077,,HS94
0.0025449419036275432,-0.04257047176361084,0.4648874246291415,0.0033090655452361396,0.7887573156196143,GSE334503,CD274 (B7-H1; PD-L1),cognate,84177,17.0,
-0.003982883169982185,-1.0495870113372803,1.2790587691404804,0.0016863322746402617,-2.307046896048444,GSE334503,CD274 (B7-H1; PD-L1),noncognate,84177,17.0,
-0.012346671286741042,-0.09664058685302734,0.4847915304364367,0.003086524892647388,-2.884430258305949,GSE334503,CD274 (B7-H1; PD-L1),cognate,5577,,HS10
-0.008455474844802583,-0.020633459091186523,0.4851131966817828,0.0031703161579151855,-3.1565146532188013,GSE334503,CD274 (B7-H1; PD-L1),cognate,5436,,HS12
0.0012454360286047704,-0.008785843849182129,0.43487159486332777,0.0029018684659780007,3.1573738819894746,GSE334503,CD274 (B7-H1; PD-L1),cognate,4385,,HS16
-0.002208199209863863,-0.05801975727081299,0.46418709414931647,0.0036008218424835826,1.224531763926002,GSE334503,CD274 (B7-H1; PD-L1),cognate,6170,,HS22
0.007008457925384072,-0.016712665557861328,0.44442716227978196,0.0033334033157606446,2.00270656019738,GSE334503,CD274 (B7-H1; PD-L1),cognate,4705,,HS24
-0.006786433515408264,-0.04249882698059082,0.4830506431880531,0.0031576548557094688,-1.3320647457439427,GSE334503,CD274 (B7-H1; PD-L1),cognate,5100,,HS28
-0.001157674853837824,-0.017334938049316406,0.4651005460363975,0.004052396720274585,0.5101499487642626,GSE334503,CD274 (B7-H1; PD-L1),cognate,5338,,HS30
-0.0060820145726399304,-0.05152285099029541,0.474602153707441,0.0030731876349166733,-2.3298749741293996,GSE334503,CD274 (B7-H1; PD-L1),cognate,4821,,HS32
0.0035898439414797233,-0.0330507755279541,0.4666471839851291,0.0019411182557415771,1.1080406640337523,GSE334503,CD274 (B7-H1; PD-L1),cognate,4619,,HS46
0.013053967533040984,-0.0333251953125,0.4540756710423688,0.0037530781308899126,3.627356667673263,GSE334503,CD274 (B7-H1; PD-L1),cognate,4185,,HS47
0.019887963975017558,-0.040532588958740234,0.4607545521925751,0.002148123221608013,9.864456318884693,GSE334503,CD274 (B7-H1; PD-L1),cognate,4761,,HS6
0.022091246447988936,-0.027936100959777832,0.4659887685015741,0.003173829565585836,6.124580007401001,GSE334503,CD274 (B7-H1; PD-L1),cognate,5350,,HS68
0.00039377464350883574,-0.1297072172164917,0.4831180568556407,0.0030781209092859982,-6.033759810981176,GSE334503,CD274 (B7-H1; PD-L1),cognate,4783,,HS75
-0.003886880943662758,-0.04466438293457031,0.4351687479193417,0.005388902472238926,-0.2847281290943297,GSE334503,CD274 (B7-H1; PD-L1),cognate,4613,,HS86
0.010884464812602267,-0.03826141357421875,0.4704674728411693,0.0027187356686212477,2.998245474851425,GSE334503,CD274 (B7-H1; PD-L1),cognate,5422,,HS88
0.03134193885897697,-0.04076039791107178,0.44364338655223273,0.002995482810572439,11.151392329660645,GSE334503,CD274 (B7-H1; PD-L1),cognate,3835,,HS93
0.003043636510295071,-0.0931396484375,0.46497654019930373,0.003707718169620049,0.3042888120930613,GSE334503,CD274 (B7-H1; PD-L1),cognate,5077,,HS94
0.33703238601228425,0.007460832595825195,0.971161271783777,0.19119274780863132,1.9481681342981532,GSE334503,CD33,cognate,84177,17.0,
-0.10868350932547466,-0.8489699363708496,0.9985942198206549,0.2537843282313167,-0.38722000977305543,GSE334503,CD33,noncognate,84177,17.0,
0.25893927050635535,-1.2255032062530518,0.8582629551475048,0.3722919893048173,0.6546138215102347,GSE334503,CD33,cognate,5577,,HS10
0.3729127567131525,0.06964504718780518,0.8232525771674424,0.2342842039603825,1.7438908946517813,GSE334503,CD33,cognate,5436,,HS12
0.39894962420972135,0.08381181955337524,1.174745832508502,0.17183673488219303,2.4767463592625427,GSE334503,CD33,cognate,4385,,HS16
0.17553309988467977,-1.131044864654541,0.7535993119235653,0.30752274411431024,0.535426384577417,GSE334503,CD33,cognate,6170,,HS22
0.33930336754508594,-0.013801932334899902,1.0912945023209355,0.15462034451711706,2.512966048154656,GSE334503,CD33,cognate,4705,,HS24
0.332384400387607,-0.011527299880981445,0.7859723229400803,0.2150386817985038,1.6413001412095969,GSE334503,CD33,cognate,5100,,HS28
0.36794288009639475,0.06720954179763794,1.0456155061262296,0.1820876593593068,2.2493957721231124,GSE334503,CD33,cognate,5338,,HS30
0.33842816739452564,-0.010231733322143555,0.7905767282820096,0.2262735313387699,1.7333896910874347,GSE334503,CD33,cognate,4821,,HS32
0.3018446658143096,0.055806517601013184,1.0255752833170237,0.1419574024277187,2.4983808633831894,GSE334503,CD33,cognate,4619,,HS46
0.294284764463571,-0.2943115234375,1.0349360393719123,0.16896555452103873,2.1539121249320474,GSE334503,CD33,cognate,4185,,HS47
0.38613879781155097,0.11012095212936401,1.1021082723256042,0.17226998901077598,2.38340533732034,GSE334503,CD33,cognate,4761,,HS6
0.3978040278335347,0.10024935007095337,0.9117226281038651,0.21116489652302736,2.0928055920065103,GSE334503,CD33,cognate,5350,,HS68
0.34517047404515944,0.0856437087059021,1.0108769276320975,0.1985660566673936,1.7888859135243762,GSE334503,CD33,cognate,4783,,HS75
0.3164314218987226,0.03931540250778198,1.078968602615476,0.14963540642415873,2.207589677318147,GSE334503,CD33,cognate,4613,,HS86
0.39861109106464104,0.11523866653442383,0.987915966693872,0.19770683593583738,2.30530733958258,GSE334503,CD33,cognate,5422,,HS88
0.3320902959639299,-0.236611008644104,0.996176622720635,0.17591637300204874,2.2196498624285534,GSE334503,CD33,cognate,3835,,HS93
0.3570062815045284,-0.002410292625427246,1.0422194857743305,0.17854821618793956,2.395321093337682,GSE334503,CD33,cognate,5077,,HS94
0.5283688767902234,0.18505924940109253,1.108752707442598,0.3360672671419351,1.5852410792113927,GSE334503,CD11c,cognate,84177,17.0,
0.007135943824662618,-17.844947814941406,1.2763016675901588,1.403918948602851,0.006712397980884546,GSE334503,CD11c,noncognate,84177,17.0,
0.5421266457382892,0.14655941724777222,1.0613250968252486,0.38732321402296804,1.399313856489111,GSE334503,CD11c,cognate,5577,,HS10
0.5373081275577088,0.22180956602096558,1.0138218645618469,0.35768011060606486,1.6328051397536891,GSE334503,CD11c,cognate,5436,,HS12
0.5019169684075342,0.1826578974723816,1.2518283347365777,0.2990663355993554,1.5680914057859612,GSE334503,CD11c,cognate,4385,,HS16
0.5827038204961317,0.24717658758163452,1.0841173245116391,0.39202342853173927,1.469855307590318,GSE334503,CD11c,cognate,6170,,HS22
0.5616088497106225,0.17120283842086792,1.1373900433727868,0.34629662636770425,1.6710545020603065,GSE334503,CD11c,cognate,4705,,HS24
0.44990698203411966,0.0877181887626648,1.0083695875433756,0.29110910233822745,1.6310033366747683,GSE334503,CD11c,cognate,5100,,HS28
0.5309437766544636,0.14879608154296875,1.1175049550844804,0.3198005053798099,1.7191764610289257,GSE334503,CD11c,cognate,5338,,HS30
0.5354492579967055,0.21140295267105103,0.9568836331865683,0.4306599209516251,1.306021883139934,GSE334503,CD11c,cognate,4821,,HS32
0.5004122905603688,0.15847468376159668,1.0651761740272794,0.3134175103930313,1.611091102072097,GSE334503,CD11c,cognate,4619,,HS46
0.5280786338676695,0.10598284006118774,1.167770777225734,0.34352930894060185,1.6941107711992125,GSE334503,CD11c,cognate,4185,,HS47
0.473018321920052,0.17206436395645142,1.1460626141584038,0.28037508206949235,1.620405864205549,GSE334503,CD11c,cognate,4761,,HS6
0.5195509482009423,0.21019238233566284,1.1089377817737183,0.3048860446138093,1.786748510005795,GSE334503,CD11c,cognate,5350,,HS68
0.5682239645720956,0.20380592346191406,1.1038634705674144,0.36381936315938224,1.5184313896483648,GSE334503,CD11c,cognate,4783,,HS75
0.5415056803722762,0.2146674394607544,1.2305483837698474,0.32430984010599334,1.5291224862344444,GSE334503,CD11c,cognate,4613,,HS86
0.5041643305975541,0.18983745574951172,1.100161371532038,0.3037566596165223,1.730902977483764,GSE334503,CD11c,cognate,5422,,HS88
0.5055653145816003,0.09648770093917847,1.1959391926996927,0.30240530430975404,1.7408760598969728,GSE334503,CD11c,cognate,3835,,HS93
0.5160158482759095,0.15524327754974365,1.1310480517122083,0.33906639952161105,1.6578679712014817,GSE334503,CD11c,cognate,5077,,HS94
0.0025925748286961597,-0.0019415616989135742,0.9570774923557935,0.04595693178892537,0.04068725110709891,GSE334503,CD45RA,cognate,84177,17.0,
-0.03211608084279914,-0.6549460887908936,1.8704008280740019,0.030222762762999133,-1.977548027365704,GSE334503,CD45RA,noncognate,84177,17.0,
-0.02746219552231825,-0.03660166263580322,0.8795883244767848,0.05488641831351249,-0.6506742702752518,GSE334503,CD45RA,cognate,5577,,HS10
-0.06461257330795506,-0.03290081024169922,0.9187819105562235,0.048503993870423756,-1.2925017828688137,GSE334503,CD45RA,cognate,5436,,HS12
0.038257832994386,-0.03828465938568115,1.0011482203230904,0.05450443505373485,0.9465776952654129,GSE334503,CD45RA,cognate,4385,,HS16
-0.030953138132722373,-0.019006013870239258,0.8836467143542333,0.04730971217520417,-0.6681119841029508,GSE334503,CD45RA,cognate,6170,,HS22
0.024388455224980995,-0.031864047050476074,1.071496461806372,0.03493534423085508,0.5196343145851098,GSE334503,CD45RA,cognate,4705,,HS24
0.001070110176514122,-0.22898364067077637,1.0217345534935844,0.0476942767252727,0.5061136752918525,GSE334503,CD45RA,cognate,5100,,HS28
-0.04383839242495728,-0.010349631309509277,0.928649226403719,0.04554921502347236,-1.123263845404991,GSE334503,CD45RA,cognate,5338,,HS30
0.02700599858450176,-0.0026471614837646484,0.9256686049550851,0.04298751153154673,0.324833507231066,GSE334503,CD45RA,cognate,4821,,HS32
0.022382854911913917,-0.01003730297088623,0.9220598649699869,0.034997688003409445,0.21908696726750224,GSE334503,CD45RA,cognate,4619,,HS46
0.049454333474098874,-0.007589817047119141,0.9971300008245987,0.043059729904223826,1.1795464002740816,GSE334503,CD45RA,cognate,4185,,HS47
0.007583201916576256,-0.001959681510925293,1.001710025676174,0.044188171425624,0.09690061120394054,GSE334503,CD45RA,cognate,4761,,HS6
-0.07489089860230305,-0.09628832340240479,0.9691791199277388,0.04457866022831428,-2.2032394294456905,GSE334503,CD45RA,cognate,5350,,HS68
0.03309183586140089,-0.15610134601593018,0.9040797654740593,0.04814064129754106,1.3790754148917443,GSE334503,CD45RA,cognate,4783,,HS75
0.10528578778917219,-0.012703180313110352,1.0290964934071634,0.05079934009630964,1.3773963368424502,GSE334503,CD45RA,cognate,4613,,HS86
-0.09556565126362257,-0.018426060676574707,0.8710445167758252,0.05008484280463822,-1.8909177217901172,GSE334503,CD45RA,cognate,5422,,HS88
0.0357327037399391,-0.0032273530960083008,0.9968488337033388,0.040309221912407336,0.7563203438530542,GSE334503,CD45RA,cognate,3835,,HS93
-0.02884926482319313,-0.012360811233520508,0.98432486270197,0.04657756422277763,-0.7783716991249809,GSE334503,CD45RA,cognate,5077,,HS94
0.2596058623488154,0.04472196102142334,0.873217060475868,0.2550789547404167,0.9846933982300217,GSE334503,CD244 (2B4),cognate,84177,17.0,
-0.01416502104847453,-5.567378044128418,1.498281288954547,0.3897934932307428,-0.04340452053496966,GSE334503,CD244 (2B4),noncognate,84177,17.0,
0.30618280245976864,-0.01144552230834961,0.9125014122207373,0.3114443371388957,0.9073783880145355,GSE334503,CD244 (2B4),cognate,5577,,HS10
0.25681625758814075,0.06412738561630249,0.8808939857196187,0.23358423287240643,1.0913718116967503,GSE334503,CD244 (2B4),cognate,5436,,HS12
0.30340173189438546,-0.02156209945678711,1.0045396758352296,0.3097063444162392,0.905539650460238,GSE334503,CD244 (2B4),cognate,4385,,HS16
0.2179149237442116,0.043673813343048096,0.826665131339319,0.24275914088657724,0.8840585708406524,GSE334503,CD244 (2B4),cognate,6170,,HS22
0.2654856678106158,0.0434420108795166,0.8740307685075756,0.2372346134547511,1.0668181995485504,GSE334503,CD244 (2B4),cognate,4705,,HS24
0.2708705519960232,0.06719523668289185,0.8523717062724684,0.2724313408036369,0.9718200927912056,GSE334503,CD244 (2B4),cognate,5100,,HS28
0.2429779776839754,0.045517802238464355,0.8328052914076653,0.23950333987580263,0.9717915971326153,GSE334503,CD244 (2B4),cognate,5338,,HS30
0.2106237053807516,0.02931380271911621,0.7867600870494939,0.28163952086771016,0.6990252204127828,GSE334503,CD244 (2B4),cognate,4821,,HS32
0.21267218157300638,0.0325472354888916,0.8277287164830441,0.2047822932016493,1.002457598967299,GSE334503,CD244 (2B4),cognate,4619,,HS46
0.3103829253496816,0.07472079992294312,0.8688748414060459,0.2642972346969069,1.1619833041342964,GSE334503,CD244 (2B4),cognate,4185,,HS47
0.2585123035139036,-0.014245748519897461,0.9406096701149058,0.2624243327555264,0.9538314173449586,GSE334503,CD244 (2B4),cognate,4761,,HS6
0.23720536125149394,0.05424410104751587,0.855571723209994,0.21506021504720693,1.1038980744655087,GSE334503,CD244 (2B4),cognate,5350,,HS68
0.2052436086775533,-0.053679466247558594,0.8434122963892523,0.24202395334858376,0.8041350709046877,GSE334503,CD244 (2B4),cognate,4783,,HS75
0.23652745517558124,-0.06496191024780273,0.9351397048391652,0.2896794988252978,0.7874803789991224,GSE334503,CD244 (2B4),cognate,4613,,HS86
0.2780692147604154,0.07249808311462402,0.871109077079284,0.25072568959621744,1.083540595215059,GSE334503,CD244 (2B4),cognate,5422,,HS88
0.24778222354716797,0.06148505210876465,0.8790983202132256,0.20490494460164946,1.263445379500805,GSE334503,CD244 (2B4),cognate,3835,,HS93
0.23625645474549267,0.028664231300354004,0.8570559335525365,0.24902903657686248,0.9387225922446593,GSE334503,CD244 (2B4),cognate,5077,,HS94
0.1203107535530269,-0.3979836702346802,0.796997621862963,0.09244243191046315,1.210741233429804,GSE334503,CD226 (DNAM-1),cognate,84177,17.0,
0.050344078682071025,-0.10126721858978271,0.42761753175999867,0.15292137542073345,0.3003469057388442,GSE334503,CD226 (DNAM-1),noncognate,84177,17.0,
0.08388715794265571,-0.6233841180801392,0.9953527948436187,0.08065397310507384,0.9021390160291525,GSE334503,CD226 (DNAM-1),cognate,5577,,HS10
0.15955588255838285,-0.1091771125793457,0.680531536757549,0.09172575853298587,1.5976678613076474,GSE334503,CD226 (DNAM-1),cognate,5436,,HS12
0.18106852507346952,-0.3338186740875244,0.718881346269778,0.11156155816836447,1.5635749492604014,GSE334503,CD226 (DNAM-1),cognate,4385,,HS16
0.06064147472227723,-0.5793207883834839,0.8356569835559337,0.09171550388083301,0.7020297256419258,GSE334503,CD226 (DNAM-1),cognate,6170,,HS22
0.09702557339149222,-0.4550776481628418,0.8236225738142287,0.0836529680724048,1.125060590461984,GSE334503,CD226 (DNAM-1),cognate,4705,,HS24
0.14453726068591619,-0.30819809436798096,0.7625520109979917,0.10003385654978961,1.3380106815259667,GSE334503,CD226 (DNAM-1),cognate,5100,,HS28
0.14007355163825866,-0.5191471576690674,0.8127591380107534,0.08958968301021031,1.4325163423435352,GSE334503,CD226 (DNAM-1),cognate,5338,,HS30
0.10412322397645776,-0.30663347244262695,0.764429287546117,0.10212731410425756,1.068984661093233,GSE334503,CD226 (DNAM-1),cognate,4821,,HS32
0.08018268690448563,-0.6280790567398071,0.8557429113849495,0.08309580101654034,0.9373111458566061,GSE334503,CD226 (DNAM-1),cognate,4619,,HS46
0.12159679951908005,-0.22849547863006592,0.7499738927111947,0.09905156983064047,1.1387952329750484,GSE334503,CD226 (DNAM-1),cognate,4185,,HS47
0.1008281413948277,-0.46753692626953125,0.8263073893481994,0.08321510612725903,1.199142280345364,GSE334503,CD226 (DNAM-1),cognate,4761,,HS6
0.13081909995922417,-0.32312726974487305,0.7547823702178009,0.07994812182884979,1.5460299232855088,GSE334503,CD226 (DNAM-1),cognate,5350,,HS68
0.0536022587396055,-0.9647265672683716,0.8829773267964972,0.09183358134735244,0.4809610810776381,GSE334503,CD226 (DNAM-1),cognate,4783,,HS75
0.18673968623080867,-0.34022581577301025,0.7679220113570002,0.11072197907913096,1.558453794706405,GSE334503,CD226 (DNAM-1),cognate,4613,,HS86
0.1328574819347464,-0.45646703243255615,0.8058594992596396,0.09921302462049869,1.2882265237000483,GSE334503,CD226 (DNAM-1),cognate,5422,,HS88
0.13905322667644568,-0.11415398120880127,0.6541558412599715,0.0968084184259855,1.377990644760589,GSE334503,CD226 (DNAM-1),cognate,3835,,HS93
0.1551654603492262,-0.4110754728317261,0.7299270661381886,0.10255285263633403,1.416816974226736,GSE334503,CD226 (DNAM-1),cognate,5077,,HS94
0.3553242536041074,0.09901410341262817,0.6459867284994092,0.2465883694081217,1.3442175683110598,GSE334503,CD28,cognate,84177,17.0,
-0.11654960112105676,-1.7290308475494385,1.106915285744055,0.25045344767004846,-0.4116680813239722,GSE334503,CD28,noncognate,84177,17.0,
0.36177439393989497,0.057477712631225586,0.5924099557193923,0.25344850237751965,1.360823574764226,GSE334503,CD28,cognate,5577,,HS10
0.33396376204284556,0.07758188247680664,0.651430827496322,0.25679590956708315,1.176902684369157,GSE334503,CD28,cognate,5436,,HS12
0.38427092121816026,0.11106258630752563,0.655689636040818,0.23629113078586916,1.5626392248888727,GSE334503,CD28,cognate,4385,,HS16
0.3845572289444249,0.048469603061676025,0.6605355115710528,0.2968130415658695,1.176358989275642,GSE334503,CD28,cognate,6170,,HS22
0.3709233321763835,0.10369324684143066,0.6591072099188588,0.2588474408116554,1.3111235448704854,GSE334503,CD28,cognate,4705,,HS24
0.36078318623856964,0.09840357303619385,0.658353816590973,0.26454035730745135,1.2648487731178204,GSE334503,CD28,cognate,5100,,HS28
0.34614192293809654,0.08059173822402954,0.6575692177733848,0.2284212072023713,1.4130567499546995,GSE334503,CD28,cognate,5338,,HS30
0.31015152449760075,0.07571661472320557,0.6366841125428124,0.21869584611155843,1.3210236279401057,GSE334503,CD28,cognate,4821,,HS32
0.31429966484530697,0.06010180711746216,0.6623058421451963,0.21449359507306737,1.3880169987469888,GSE334503,CD28,cognate,4619,,HS46
0.424780521851566,0.14441311359405518,0.6029382060653714,0.30872127185911846,1.2594303940578468,GSE334503,CD28,cognate,4185,,HS47
0.3318261592826164,0.08413970470428467,0.6625289712725181,0.1975114332989116,1.637186284571592,GSE334503,CD28,cognate,4761,,HS6
0.3117102657394831,0.08010458946228027,0.5973183418396187,0.27078491758004597,1.1156311690466711,GSE334503,CD28,cognate,5350,,HS68
0.29501086486501976,0.07033300399780273,0.6305111848336737,0.2106748020019925,1.3053048109628,GSE334503,CD28,cognate,4783,,HS75
0.43913239994092207,0.14374268054962158,0.6719624218509933,0.25205942771047996,1.7131814355958523,GSE334503,CD28,cognate,4613,,HS86
0.30517329567797724,0.046157658100128174,0.6480342806281527,0.23835363456736713,1.2155022746940634,GSE334503,CD28,cognate,5422,,HS88
0.3378196094907862,0.04456591606140137,0.6403216830219258,0.2551661856909786,1.223159858598263,GSE334503,CD28,cognate,3835,,HS93
0.3461768480323583,0.08452337980270386,0.6859529819348913,0.22761818478551948,1.4380703910235775,GSE334503,CD28,cognate,5077,,HS94
0.07599751962507231,-0.027017951011657715,0.4392224872203486,0.02170176439911865,3.619339511379103,GSE334503,CD45,cognate,84177,17.0,
0.0025925748286961597,-0.6502361297607422,1.2282844653473888,0.00983704581950724,0.19008079907750383,GSE334503,CD45,noncognate,84177,17.0,
0.07624632489900275,-0.13730263710021973,0.4680577730003049,0.023125479564606265,3.2521804549577746,GSE334503,CD45,cognate,5577,,HS10
0.04791710209386214,-0.031356096267700195,0.4405418811345256,0.02163671689559203,2.4085021845552372,GSE334503,CD45,cognate,5436,,HS12
0.09253040977172784,-0.21487152576446533,0.4444122751915382,0.028429238052304368,3.59656787231917,GSE334503,CD45,cognate,4385,,HS16
0.025268456922462358,-0.0011620521545410156,0.44434879829323226,0.019961007292961862,1.9268793156984676,GSE334503,CD45,cognate,6170,,HS22
0.046236587663520325,-0.07632970809936523,0.4315579365372303,0.018962322461904577,2.065214014913235,GSE334503,CD45,cognate,4705,,HS24
0.08526136731732716,0.002050459384918213,0.46341244543030635,0.020282975184619738,4.90078991928032,GSE334503,CD45,cognate,5100,,HS28
0.05455546569013386,-0.11804211139678955,0.4428082035585821,0.021509178337292215,3.4736114567918976,GSE334503,CD45,cognate,5338,,HS30
0.07810617738286933,-0.047205328941345215,0.4331190586645898,0.02009768352165546,3.273431037529336,GSE334503,CD45,cognate,4821,,HS32
0.09003941787234113,-0.02927696704864502,0.4278729358058288,0.016296492926870063,4.2621239410762435,GSE334503,CD45,cognate,4619,,HS46
0.04540184108459967,-0.06363773345947266,0.42959860835897773,0.02198005806012322,1.4876600899325962,GSE334503,CD45,cognate,4185,,HS47
0.09718886924944242,-0.030817151069641113,0.46871577773737216,0.020503021103422944,4.537849347122094,GSE334503,CD45,cognate,4761,,HS6
0.028219375274454183,-0.06785893440246582,0.39329531620591635,0.02320707594123132,1.8256658533133088,GSE334503,CD45,cognate,5350,,HS68
0.07230976496004682,-0.05673527717590332,0.45541745742747813,0.01955724183582071,3.241975910145393,GSE334503,CD45,cognate,4783,,HS75
0.1867044893628771,-0.1681298017501831,0.46654815112646913,0.025759419955662676,6.354220554645731,GSE334503,CD45,cognate,4613,,HS86
-0.005807235246086914,-0.046623945236206055,0.3898421071539685,0.024282991174193098,0.3667173735775722,GSE334503,CD45,cognate,5422,,HS88
0.1271497349430062,-0.2767704725265503,0.4195937360549189,0.023124646422143208,5.192462475981596,GSE334503,CD45,cognate,3835,,HS93
0.07954724832287532,-0.19612300395965576,0.43679998798929276,0.024421176178780035,3.873113279094767,GSE334503,CD45,cognate,5077,,HS94
0.262611704287201,0.0676606297492981,0.8112341483379293,0.18544945870849858,1.5168060326316395,GSE334503,CD38,cognate,84177,17.0,
-0.021480551081622785,-2.044564962387085,0.9299733660073292,0.29233236537641283,-0.08789136339218473,GSE334503,CD38,noncognate,84177,17.0,
0.3063273749312238,0.08684611320495605,0.7547434768293779,0.21615335283682885,1.4505557093674117,GSE334503,CD38,cognate,5577,,HS10
0.2984561949831772,0.08121722936630249,0.8301794730753805,0.16930941696814406,1.940837888818448,GSE334503,CD38,cognate,5436,,HS12
0.3191191285636239,-0.05378878116607666,0.9204380021069622,0.22668447703403904,1.376451419854001,GSE334503,CD38,cognate,4385,,HS16
0.23521130499625095,0.05967670679092407,0.7788144867772735,0.16936613177565496,1.557887713923445,GSE334503,CD38,cognate,6170,,HS22
0.28950753879864427,0.07656604051589966,0.8550001977619143,0.1669147457093234,1.8997007954580951,GSE334503,CD38,cognate,4705,,HS24
0.2610290004036126,-0.015042304992675781,0.7925258959561564,0.1550643671735106,1.9400919731601347,GSE334503,CD38,cognate,5100,,HS28
0.24662867174790573,0.05692183971405029,0.8338768061070932,0.138166181584519,1.995005347746248,GSE334503,CD38,cognate,5338,,HS30
0.18246668009829872,0.037000834941864014,0.7792712520507645,0.1433142498852719,1.4088249339650507,GSE334503,CD38,cognate,4821,,HS32
0.25478115708988536,0.052845299243927,0.8210170082068292,0.1520422864400464,1.7309194291821957,GSE334503,CD38,cognate,4619,,HS46
0.27817002757342196,0.018707990646362305,0.8196518917399096,0.16837107517089467,1.7765519495980227,GSE334503,CD38,cognate,4185,,HS47
0.28072854065637187,0.022159934043884277,0.8354750450329458,0.1764548426960561,1.660520057790591,GSE334503,CD38,cognate,4761,,HS6
0.1990575730938636,0.03848099708557129,0.7704794217331635,0.14571367143182679,1.7028394951453314,GSE334503,CD38,cognate,5350,,HS68
0.20832863221762987,-0.0435563325881958,0.7644894801302352,0.1429332991065896,1.8382011711821398,GSE334503,CD38,cognate,4783,,HS75
0.22930976304742984,0.010983824729919434,0.8326103809712918,0.2209505847757955,1.172332344562522,GSE334503,CD38,cognate,4613,,HS86
0.2671923029885607,0.006734907627105713,0.8116414963176595,0.2389893987289775,1.1147032300618824,GSE334503,CD38,cognate,5422,,HS88
0.26553902141819846,0.06962734460830688,0.8213258206627175,0.15905565335610827,1.8893994771469849,GSE334503,CD38,cognate,3835,,HS93
0.29818682551032966,0.07118898630142212,0.7886241034918197,0.3080582282200495,1.0484139016659841,GSE334503,CD38,cognate,5077,,HS94
0.32930425317364886,0.057050228118896484,1.2812662821409697,0.23432818459389587,1.0220177462725517,GSE334503,CD4,cognate,84177,17.0,
0.08378322009148682,-0.39245569705963135,0.8480482118122489,0.4302191984734217,0.09797405260627404,GSE334503,CD4,noncognate,84177,17.0,
0.38102217294967944,0.02533477544784546,1.2008805084403955,0.2531284175377391,1.0733700770744903,GSE334503,CD4,cognate,5577,,HS10
0.2898510677571732,0.04495835304260254,1.2870773751386553,0.22676799759015054,0.9414361978312528,GSE334503,CD4,cognate,5436,,HS12
0.4005471145245802,0.07488322257995605,1.3242644355567572,0.27259810829550224,1.0129270696707813,GSE334503,CD4,cognate,4385,,HS16
0.28357302774938553,0.021049797534942627,1.261509644745537,0.257106204800403,0.7508230674204461,GSE334503,CD4,cognate,6170,,HS22
0.3314414175879294,0.06117826700210571,1.3489650839068417,0.20138176179070116,1.2721695529251014,GSE334503,CD4,cognate,4705,,HS24
0.30580474191754586,0.03883999586105347,1.300944916564048,0.2166721616180491,1.0492297750542463,GSE334503,CD4,cognate,5100,,HS28
0.3401999990124272,0.06323176622390747,1.2949451657325217,0.24269502902814197,1.0368259286681711,GSE334503,CD4,cognate,5338,,HS30
0.33604477702414226,0.05418950319290161,1.2955861868889582,0.20886346695397026,1.1570451192472069,GSE334503,CD4,cognate,4821,,HS32
0.31741748350377524,0.057284533977508545,1.26633377008982,0.19124334473076704,1.3043535458284292,GSE334503,CD4,cognate,4619,,HS46
0.40304184393248244,0.08239024877548218,1.3374151791210476,0.18743908969804543,1.7777002622596971,GSE334503,CD4,cognate,4185,,HS47
0.359635379219704,0.05722302198410034,1.1960109589849692,0.23921712002126033,1.0776355781762599,GSE334503,CD4,cognate,4761,,HS6
0.2738045386532433,0.02869170904159546,1.2409704712267928,0.2694233254767176,0.7177650295224304,GSE334503,CD4,cognate,5350,,HS68
0.27758072445908466,0.03752988576889038,1.1244017811883573,0.2732597204394328,0.7679516586291344,GSE334503,CD4,cognate,4783,,HS75
0.3614663555402092,0.07010620832443237,1.2605319745412817,0.24376020590460998,1.0900799078923618,GSE334503,CD4,cognate,4613,,HS86
0.23561806952649456,-0.024705886840820312,1.3217210197496887,0.24395487908069113,0.6539431459478826,GSE334503,CD4,cognate,5422,,HS88
0.3658867486712741,0.06839710474014282,1.353087166131728,0.21467597815576767,1.3549401073412526,GSE334503,CD4,cognate,3835,,HS93
0.32728664098136917,0.052670061588287354,1.3738873488237657,0.2329049438584653,1.0515157378404025,GSE334503,CD4,cognate,5077,,HS94
0.40743711169195934,0.1594598889350891,0.7194711136099154,0.23186481154573377,2.371561170495134,GSE334503,CD20,cognate,84177,17.0,
-0.14384237548126996,-0.1508646011352539,1.152070921589019,0.1694345144203413,-0.6481678387006978,GSE334503,CD20,noncognate,84177,17.0,
0.6070068965074797,0.26933395862579346,0.8808722315355418,0.2586259939622207,2.524027076723555,GSE334503,CD20,cognate,5577,,HS10
0.36304520856622724,0.13302844762802124,0.7065106999450258,0.147198294704675,3.809137299603519,GSE334503,CD20,cognate,5436,,HS12
0.3569872118546632,0.03171569108963013,0.687961055306249,0.249134261119072,2.2620413511731137,GSE334503,CD20,cognate,4385,,HS16
0.3186467575131213,0.04780036211013794,0.6643536097904132,0.1993503872191546,2.3996628390447916,GSE334503,CD20,cognate,6170,,HS22
0.3590058122878438,0.05050867795944214,0.6958561604195259,0.19240656181083718,2.617459877895169,GSE334503,CD20,cognate,4705,,HS24
0.4424995177062819,0.25599318742752075,0.6798240480612634,0.2680340405437884,2.3152827918466587,GSE334503,CD20,cognate,5100,,HS28
0.45143143241209005,0.20339715480804443,0.7128975645798794,0.3011077740442129,1.799976211815775,GSE334503,CD20,cognate,5338,,HS30
0.3340115261391016,0.11997032165527344,0.6836710640919152,0.15099209255547516,3.6188887793001934,GSE334503,CD20,cognate,4821,,HS32
0.3703588723778112,0.10935580730438232,0.6898419631813902,0.19998798475127538,2.6614300674801554,GSE334503,CD20,cognate,4619,,HS46
0.5951462047575333,0.2329874038696289,0.8319094931475244,0.2320252670509611,2.665532536980475,GSE334503,CD20,cognate,4185,,HS47
0.35423312124865786,0.12100768089294434,0.7503143684843758,0.19352084396355004,2.678427959321477,GSE334503,CD20,cognate,4761,,HS6
0.3634507109045111,0.09659379720687866,0.7724700425644647,0.1479358079076927,3.5483263230519033,GSE334503,CD20,cognate,5350,,HS68
0.38849188256417627,0.13794004917144775,0.6800612375790911,0.20230043775042195,2.7012842461268614,GSE334503,CD20,cognate,4783,,HS75
0.3490374716370524,0.07006174325942993,0.7047603451110607,0.2935097989289499,1.9346235721104144,GSE334503,CD20,cognate,4613,,HS86
0.27337882311406303,0.0032265186309814453,0.6554824563958798,0.2918188045253022,1.4000166239800456,GSE334503,CD20,cognate,5422,,HS88
0.47053495144398166,0.21064573526382446,0.7302330983343501,0.2544988172801112,2.4492451086304845,GSE334503,CD20,cognate,3835,,HS93
0.31334773760468093,0.0807449221611023,0.671216242561184,0.27241974368313604,1.9104944160306143,GSE334503,CD20,cognate,5077,,HS94
0.2135376116580016,0.04599946737289429,0.49487670535752243,0.1937671218614798,1.114036286189639,GSE334503,TIGIT (VSTM3),cognate,84177,17.0,
-0.07725942665418546,-1.8793482780456543,0.8037496861031543,0.20726646851204528,-0.32383815047267034,GSE334503,TIGIT (VSTM3),noncognate,84177,17.0,
0.19809776920609404,0.02317643165588379,0.5000049173590135,0.256539168087559,0.750252570628825,GSE334503,TIGIT (VSTM3),cognate,5577,,HS10
0.18172689469437878,0.03587448596954346,0.49862407074500054,0.155868532959926,1.2384378586120686,GSE334503,TIGIT (VSTM3),cognate,5436,,HS12
0.29765082519841585,0.1012689471244812,0.47497856631357405,0.2465947173380285,1.3394558814253725,GSE334503,TIGIT (VSTM3),cognate,4385,,HS16
0.17110679509158733,0.017596840858459473,0.46731610330210555,0.16770780006673688,1.012754122947181,GSE334503,TIGIT (VSTM3),cognate,6170,,HS22
0.20488527969624265,0.04116159677505493,0.46735911646009987,0.18613061101646047,1.094348392962008,GSE334503,TIGIT (VSTM3),cognate,4705,,HS24
0.1947167068692389,0.03799426555633545,0.49492387176568514,0.2277930785041843,0.8705040365593286,GSE334503,TIGIT (VSTM3),cognate,5100,,HS28
0.1895616756854928,0.02998143434524536,0.48873558269514816,0.1547172406818167,1.188389516177835,GSE334503,TIGIT (VSTM3),cognate,5338,,HS30
0.19510915446016366,-0.007952332496643066,0.5603757856364787,0.15704252067807978,1.182060702166693,GSE334503,TIGIT (VSTM3),cognate,4821,,HS32
0.1515083689560974,0.020021021366119385,0.4990466834698886,0.13606731575504852,1.0890044818517146,GSE334503,TIGIT (VSTM3),cognate,4619,,HS46
0.2507314234361726,0.06084960699081421,0.48793684448045704,0.22565404632341773,1.1328033329600184,GSE334503,TIGIT (VSTM3),cognate,4185,,HS47
0.23410042796316385,0.05449765920639038,0.48177433184478957,0.1710773573065132,1.444734367959443,GSE334503,TIGIT (VSTM3),cognate,4761,,HS6
0.17327398132408872,0.01844710111618042,0.478198526376227,0.1668985792452567,1.0529124812912287,GSE334503,TIGIT (VSTM3),cognate,5350,,HS68
0.21855894710409438,0.022499382495880127,0.5633178169984023,0.15039958717667953,1.3982606578688022,GSE334503,TIGIT (VSTM3),cognate,4783,,HS75
0.3049454413083531,0.08766758441925049,0.49082764977930116,0.2555888084987726,1.206378956286174,GSE334503,TIGIT (VSTM3),cognate,4613,,HS86
0.18816205777546652,0.03281277418136597,0.4913147803296001,0.19965711901225935,1.0206096313200617,GSE334503,TIGIT (VSTM3),cognate,5422,,HS88
0.19248871054221686,0.035397112369537354,0.4614767702379211,0.17233572916343584,1.1089547711872296,GSE334503,TIGIT (VSTM3),cognate,3835,,HS93
0.24394407712846994,0.05553823709487915,0.49360546338467537,0.21890412417772567,1.0874359331048953,GSE334503,TIGIT (VSTM3),cognate,5077,,HS94
0.12944430835351803,-0.10467696189880371,0.5824994246025682,0.14647031310226866,1.1711674784489448,GSE334503,CD25,cognate,84177,17.0,
-0.061127666767588025,-0.04422330856323242,0.7335798544578249,0.11307764881356652,-0.5076753869835754,GSE334503,CD25,noncognate,84177,17.0,
0.12155261019739333,-0.06543684005737305,0.549653786367601,0.17953794644406204,0.9185984062030729,GSE334503,CD25,cognate,5577,,HS10
0.1291682965967119,-0.048870086669921875,0.5764720587365331,0.11369446579342568,1.4255378958483074,GSE334503,CD25,cognate,5436,,HS12
0.16523508533298026,-0.20253348350524902,0.6073746248861546,0.16843962071804694,1.2436974500132383,GSE334503,CD25,cognate,4385,,HS16
0.13085867417457797,-0.05652153491973877,0.5825416579924435,0.13954488007769125,1.2072053408783074,GSE334503,CD25,cognate,6170,,HS22
0.17112043837469468,-0.06369125843048096,0.5776077224534856,0.14322579340562971,1.7519261815024594,GSE334503,CD25,cognate,4705,,HS24
0.09810494359398209,-0.058342814445495605,0.556198051255676,0.14979226022790326,0.8509259328805331,GSE334503,CD25,cognate,5100,,HS28
0.13304804366230663,-0.10913980007171631,0.5957214102518316,0.12586919691526374,1.4950929964231572,GSE334503,CD25,cognate,5338,,HS30
0.10843095862356583,-0.10141289234161377,0.5754816349771456,0.16195420019835308,0.7359534832020839,GSE334503,CD25,cognate,4821,,HS32
0.11643865573118367,-0.1341266632080078,0.5821808232381704,0.12445816669646868,1.2273660137582756,GSE334503,CD25,cognate,4619,,HS46
0.13672183945177394,-0.07535576820373535,0.5768362837391484,0.14496321443477153,1.2528366937433606,GSE334503,CD25,cognate,4185,,HS47
0.07832891886045258,-0.2193894386291504,0.58081962895839,0.0897415810215585,1.2050815684147222,GSE334503,CD25,cognate,4761,,HS6
0.1029981166772638,-0.17762541770935059,0.5980634361879267,0.13515315092482258,1.0424288603543448,GSE334503,CD25,cognate,5350,,HS68
0.12137837336390574,-0.050992488861083984,0.5467915607558779,0.11577590947716714,1.1199946212739036,GSE334503,CD25,cognate,4783,,HS75
0.1834031675762176,-0.15428388118743896,0.6029056812446422,0.24607040586988202,1.0685663368280343,GSE334503,CD25,cognate,4613,,HS86
0.14177921324080453,-0.12652838230133057,0.6102015440634687,0.125897950036919,1.5418310788444458,GSE334503,CD25,cognate,5422,,HS88
0.1427818480192436,-0.11407470703125,0.5923050564963088,0.16154251042806614,1.1307813017923796,GSE334503,CD25,cognate,3835,,HS93
0.10162575028829507,-0.16436493396759033,0.5907064785336809,0.11532250179409016,1.3439403275261748,GSE334503,CD25,cognate,5077,,HS94
0.0951393169657387,-0.9869868755340576,1.2312916259700213,0.1375355469479011,1.04409525904881,GSE335494,CD21,cognate,84177,17.0,
0.07364665180469782,-0.003175497055053711,0.9126532360641696,0.13184420749308948,0.927811105633011,GSE335494,CD21,noncognate,84177,17.0,
0.13825614902432784,-0.4631296396255493,1.2797162249535252,0.146075555109352,1.2592345672190983,GSE335494,CD21,cognate,5577,,HS10
0.09241353844065689,-0.7937172651290894,1.0954009538705909,0.12303603058019065,0.9813274667103974,GSE335494,CD21,cognate,5436,,HS12
0.10504459178298647,-1.7613186836242676,1.3605801293785595,0.1914717250481462,0.9694547994973137,GSE335494,CD21,cognate,4385,,HS16
0.07395864142977443,-1.267652988433838,1.2053410816636332,0.13456653558651788,1.0383335958956763,GSE335494,CD21,cognate,6170,,HS22
0.07926037664163534,-1.425485610961914,1.3361509275330616,0.09774551682597114,1.3090709785779624,GSE335494,CD21,cognate,4705,,HS24
0.11320059863403313,-0.6677827835083008,1.1127456715246145,0.15702855803614446,1.1363548294899,GSE335494,CD21,cognate,5100,,HS28
0.10754759322688379,-0.7740495204925537,1.2051770433976152,0.14466161432879662,1.2330888457255644,GSE335494,CD21,cognate,5338,,HS30
0.04606694951632836,-1.036900281906128,1.0763957211404085,0.13454795286924226,0.5692535611139385,GSE335494,CD21,cognate,4821,,HS32
0.09644142249070817,-0.839999794960022,1.1857378584296232,0.13863617534781233,0.9555305467770873,GSE335494,CD21,cognate,4619,,HS46
0.10577897006918666,-0.4616677761077881,1.2700836857684952,0.12581920799775317,1.016045770716358,GSE335494,CD21,cognate,4185,,HS47
0.09208731297598913,-1.3070216178894043,1.25917027326295,0.1438903859410873,0.8842630801962975,GSE335494,CD21,cognate,4761,,HS6
0.09737461622403042,-1.0451042652130127,1.1742603185507723,0.1333637646423794,1.0375070923569838,GSE335494,CD21,cognate,5350,,HS68
0.07451301406152509,-1.0663177967071533,1.25576929033315,0.10521477592480785,1.0477533630197853,GSE335494,CD21,cognate,4783,,HS75
0.08434624939922272,-1.609570026397705,1.40491774287685,0.11467464149067343,1.1104246307009815,GSE335494,CD21,cognate,4613,,HS86
0.06999478336205374,-1.6964504718780518,1.1667895536189836,0.15314735952130576,0.6426776661364414,GSE335494,CD21,cognate,5422,,HS88
0.13618726249909655,-0.782097578048706,1.3011201067761116,0.16143693212308569,1.0346404967404104,GSE335494,CD21,cognate,3835,,HS93
0.07146458502852956,-1.4496769905090332,1.265881359368766,0.13496453804800412,1.1720302185876916,GSE335494,CD21,cognate,5077,,HS94
0.08109697300859509,-6.802165985107422,1.7277645569868259,0.135248854287008,0.8690412666265083,GSE335494,CD57 Recombinant,cognate,84177,17.0,
-0.007161887876135874,-3.4216604232788086,1.8367756330540292,0.09577390076980999,-0.11040470072025296,GSE335494,CD57 Recombinant,noncognate,84177,17.0,
0.08868991318998734,-7.069727897644043,1.7152642014858959,0.14852207935022527,0.8427548986248075,GSE335494,CD57 Recombinant,cognate,5577,,HS10
0.07645948980026039,-6.177636623382568,1.386559963537806,0.1266958934510812,1.0004208483597747,GSE335494,CD57 Recombinant,cognate,5436,,HS12
0.0907186942662105,-7.901068687438965,1.822828199873892,0.12828934339516324,1.0140523782770687,GSE335494,CD57 Recombinant,cognate,4385,,HS16
0.05403860713436062,-14.127660751342773,1.735109740642578,0.10828743216702695,0.7555985228444235,GSE335494,CD57 Recombinant,cognate,6170,,HS22
0.08709288733404624,-10.47831916809082,1.7949706227653355,0.14284094451638973,0.8531579398977782,GSE335494,CD57 Recombinant,cognate,4705,,HS24
0.07269741643741527,-3.9875364303588867,1.5273245495616194,0.12268367349162114,0.7509264113789657,GSE335494,CD57 Recombinant,cognate,5100,,HS28
0.07802293236298544,-7.153850555419922,1.534236564528919,0.14489559394453863,0.7208081558328678,GSE335494,CD57 Recombinant,cognate,5338,,HS30
0.11396855917837137,-3.2406511306762695,1.8595137985099102,0.16239180866375594,0.817153078125712,GSE335494,CD57 Recombinant,cognate,4821,,HS32
0.028608650000190236,-10.721134185791016,1.8347590783603198,0.08237209167438075,0.4477280509140486,GSE335494,CD57 Recombinant,cognate,4619,,HS46
0.0623120779568396,-12.22879409790039,1.8043578536273046,0.15065248324261937,0.5423023300695722,GSE335494,CD57 Recombinant,cognate,4185,,HS47
0.060403806248138674,-6.184566497802734,1.5215679728467744,0.12810105509189332,0.8345695519152927,GSE335494,CD57 Recombinant,cognate,4761,,HS6
0.03788906670544615,-14.795062065124512,1.7404308957367665,0.08379015750566107,0.7030986695511261,GSE335494,CD57 Recombinant,cognate,5350,,HS68
0.11279237537686648,-6.262504577636719,1.8395263009250626,0.14460674456548553,1.0974511219229692,GSE335494,CD57 Recombinant,cognate,4783,,HS75
0.13606001305809468,-5.295760154724121,1.8890432251103861,0.1903359742170829,0.9380690633521168,GSE335494,CD57 Recombinant,cognate,4613,,HS86
0.07529231529942593,-11.439306259155273,1.8250176520343073,0.14504152391865718,0.7950572169082518,GSE335494,CD57 Recombinant,cognate,5422,,HS88
0.07568596817575635,-8.280240058898926,1.8306452667270992,0.12984509493154547,0.8877841399140951,GSE335494,CD57 Recombinant,cognate,3835,,HS93
0.06864646007819669,-5.695343971252441,1.7204104639029143,0.09388033514610983,1.0693221311398822,GSE335494,CD57 Recombinant,cognate,5077,,HS94
0.49997051168375095,0.1425963044166565,0.9943969635902504,0.7661858776186384,0.6301190823238585,GSE335494,CD16,cognate,84177,17.0,
-0.0908027365960421,-3.586259365081787,1.1868809542072192,1.4846476341166268,-0.05105457361696627,GSE335494,CD16,noncognate,84177,17.0,
0.6455069683923719,0.22514086961746216,1.1675348911340426,0.7335849517523396,0.7091996407003752,GSE335494,CD16,cognate,5577,,HS10
0.41072852807580457,0.177141010761261,0.9292300725836871,0.5412671800390825,0.8059555393262254,GSE335494,CD16,cognate,5436,,HS12
0.6434978064850848,-0.09548592567443848,1.4234683153855643,1.0948711556807937,0.4631885082557891,GSE335494,CD16,cognate,4385,,HS16
0.35845262802073496,0.07441705465316772,0.8148016606960499,0.733122340597733,0.6332576717061417,GSE335494,CD16,cognate,6170,,HS22
0.5940495334007114,0.2364773154258728,1.1517128461935642,0.5625213502946058,0.8989200672095075,GSE335494,CD16,cognate,4705,,HS24
0.37820467970926663,0.1778969168663025,0.8487331388144235,0.664260562023815,0.7332387970549116,GSE335494,CD16,cognate,5100,,HS28
0.5050803661096983,0.1215701699256897,0.9459621309539854,0.7051346103717173,0.6264155344820224,GSE335494,CD16,cognate,5338,,HS30
0.5640483049434017,0.17979615926742554,0.9870140485546394,0.6261083450718938,0.7350145370811222,GSE335494,CD16,cognate,4821,,HS32
0.4667023372570924,0.2563475966453552,0.9115964766674071,0.4524732651226991,1.1317929575248844,GSE335494,CD16,cognate,4619,,HS46
0.5720557174476482,0.31494081020355225,0.9683735331323203,0.70079926533288,0.8210814313793527,GSE335494,CD16,cognate,4185,,HS47
0.48196852908655713,0.25553202629089355,0.907083621225821,0.5984200289922911,0.8715886072256651,GSE335494,CD16,cognate,4761,,HS6
0.42751662549194586,0.06937539577484131,0.9211406692578121,0.7571903740701773,0.5883395989320359,GSE335494,CD16,cognate,5350,,HS68
0.48207577264294144,-0.044184207916259766,0.9095621093484939,1.0137139995708997,0.5404371547967632,GSE335494,CD16,cognate,4783,,HS75
0.49603174532865013,0.08936947584152222,0.9408254137429496,0.8405850364400862,0.6011043147353935,GSE335494,CD16,cognate,4613,,HS86
0.5244759268255985,-0.1912928819656372,1.198182891895741,1.1435962173200351,0.44983825477285594,GSE335494,CD16,cognate,5422,,HS88
0.36382965223575714,0.22530311346054077,0.7816288601639519,0.5083744364437862,0.9688909308016511,GSE335494,CD16,cognate,3835,,HS93
0.38030332316684395,0.04711318016052246,0.9078011556366302,0.7803685701664903,0.5601779092542387,GSE335494,CD16,cognate,5077,,HS94
0.7066010455474249,-3.7745776176452637,2.0496412614625266,1.0416975540025857,0.496521581273371,GSE335494,HLA-DR,cognate,84177,17.0,
0.20828789919392038,-4.0724921226501465,1.8922125086246022,1.163035105996933,0.08109515900683067,GSE335494,HLA-DR,noncognate,84177,17.0,
0.7902893706178465,-3.648395538330078,2.178813581387018,1.2656076209017546,0.4117783186581123,GSE335494,HLA-DR,cognate,5577,,HS10
0.7159821927399167,-2.5329887866973877,1.9901169731994655,0.9760849411477004,0.5499241363457693,GSE335494,HLA-DR,cognate,5436,,HS12
0.740999557795384,-4.866882801055908,2.1266497771370743,1.0609074344617089,0.47298017752348304,GSE335494,HLA-DR,cognate,4385,,HS16
0.7210824325981875,-4.450972080230713,2.068512216599691,1.178834058947879,0.4416812858682889,GSE335494,HLA-DR,cognate,6170,,HS22
0.6549592435102638,-5.448361873626709,2.210680080565621,1.2508799843786556,0.3987418721511072,GSE335494,HLA-DR,cognate,4705,,HS24
0.6864409038960237,-3.399684429168701,1.9349391995717666,0.7898180947896157,0.6711490699049778,GSE335494,HLA-DR,cognate,5100,,HS28
0.6263154775731199,-5.106227397918701,2.068724285784179,0.9856599234685196,0.5399077217219282,GSE335494,HLA-DR,cognate,5338,,HS30
0.6359927074927111,-3.434805393218994,1.9550184303644238,0.9848901400521881,0.4987466591707303,GSE335494,HLA-DR,cognate,4821,,HS32
0.6507482944153741,-4.792909145355225,2.103051207836362,1.2314017289041463,0.3787487116079646,GSE335494,HLA-DR,cognate,4619,,HS46
0.7224972227844109,-4.668335914611816,2.2265196678994257,1.2362292448541872,0.47172893595200605,GSE335494,HLA-DR,cognate,4185,,HS47
0.7871652125437386,-2.4825735092163086,1.8853724634317484,0.9276213001972284,0.5813661928734872,GSE335494,HLA-DR,cognate,4761,,HS6
0.7182938145270643,-3.8847570419311523,1.994319537858124,1.028279672313503,0.5331042853550639,GSE335494,HLA-DR,cognate,5350,,HS68
0.749727106933696,-3.1495156288146973,2.0029373057205193,1.0156260381067939,0.4898799758389343,GSE335494,HLA-DR,cognate,4783,,HS75
0.7956776821831759,-2.866211175918579,2.041811671914051,1.0908369346663,0.4892796994617862,GSE335494,HLA-DR,cognate,4613,,HS86
0.6128407183140523,-5.720594882965088,2.0129747340231754,1.0056770022455923,0.49274649927954917,GSE335494,HLA-DR,cognate,5422,,HS88
0.6873631456169282,-3.70365571975708,2.036404686210604,0.6862043586832971,0.7890041995835934,GSE335494,HLA-DR,cognate,3835,,HS93
0.6639606997987815,-3.3917369842529297,2.002699579777766,0.8357201142810738,0.6712590668360854,GSE335494,HLA-DR,cognate,5077,,HS94
0.21788655117062639,-0.39203178882598877,0.628828837683055,0.09873609321463168,2.312842762604869,GSE335494,CD185 (CXCR5),cognate,84177,17.0,
-0.12844885825205665,-1.016225814819336,0.8560972996453812,0.08728312043211112,-1.2755500313114287,GSE335494,CD185 (CXCR5),noncognate,84177,17.0,
0.33029550571199306,-0.5812361240386963,0.7442496312518194,0.12514141785231575,2.6098347552487784,GSE335494,CD185 (CXCR5),cognate,5577,,HS10
0.19897777261032007,-0.4508136510848999,0.6481791751552457,0.08035313366781985,2.719515986577809,GSE335494,CD185 (CXCR5),cognate,5436,,HS12
0.1630789807132927,-0.3039371967315674,0.5670513294372231,0.05916564772073388,3.7526392145192555,GSE335494,CD185 (CXCR5),cognate,4385,,HS16
0.20320787134555932,-0.3908510208129883,0.6174656687779863,0.13487141168683706,1.4333342131193358,GSE335494,CD185 (CXCR5),cognate,6170,,HS22
0.24465448060674716,-0.3406696319580078,0.6126573876173592,0.1101189235721928,2.495165096516088,GSE335494,CD185 (CXCR5),cognate,4705,,HS24
0.20322453610243407,-0.5717208385467529,0.6794826154920075,0.0832894308522864,2.6446239119897808,GSE335494,CD185 (CXCR5),cognate,5100,,HS28
0.1789924543946392,-0.3971143960952759,0.6513668443487313,0.08112635447237905,2.2154485434658095,GSE335494,CD185 (CXCR5),cognate,5338,,HS30
0.2027684549317843,-0.4363440275192261,0.63221969624333,0.08155601174150431,2.70081395968659,GSE335494,CD185 (CXCR5),cognate,4821,,HS32
0.22031967055925922,-0.3343043327331543,0.6077036066256174,0.10067474741157621,2.228961224773065,GSE335494,CD185 (CXCR5),cognate,4619,,HS46
0.3585579385851519,-0.5290036201477051,0.7406720802376535,0.1364491771377373,2.4595396286186455,GSE335494,CD185 (CXCR5),cognate,4185,,HS47
0.19404592555386618,-0.3442469835281372,0.5823095795452847,0.07833634663537714,2.6162804231745103,GSE335494,CD185 (CXCR5),cognate,4761,,HS6
0.17309470394433507,-0.3029804229736328,0.6263773523308214,0.06601955826093757,2.907657714774858,GSE335494,CD185 (CXCR5),cognate,5350,,HS68
0.16950819132789482,-0.5226954221725464,0.6086338132861433,0.10420834704174699,1.674521360801788,GSE335494,CD185 (CXCR5),cognate,4783,,HS75
0.17456714096908743,-0.3381587266921997,0.5418847054797004,0.11089563910792365,1.6378642464548738,GSE335494,CD185 (CXCR5),cognate,4613,,HS86
0.10369123919790484,-0.2977813482284546,0.5710250635759238,0.04662015299812833,2.2932885716827838,GSE335494,CD185 (CXCR5),cognate,5422,,HS88
0.2358131910712611,-0.38339483737945557,0.6369810207794312,0.09710942903223108,2.6180166322205363,GSE335494,CD185 (CXCR5),cognate,3835,,HS93
0.17545632869665015,-0.3251535892486572,0.5739521263973121,0.11326393020721147,1.603597618191471,GSE335494,CD185 (CXCR5),cognate,5077,,HS94
0.17019160407448355,-7.70123291015625,1.201986343772736,0.05988760553853845,3.653693233579292,GSE335494,CD279,cognate,84177,17.0,
0.016417040247194127,-1.2899174690246582,1.9966641859549692,0.018494855119143182,1.1962034577714638,GSE335494,CD279,noncognate,84177,17.0,
0.1725917680312463,-8.065064430236816,1.1742552426086954,0.06253715631365049,3.6268478930186285,GSE335494,CD279,cognate,5577,,HS10
0.10796978874153623,-6.609389305114746,1.1658629759991275,0.034105623952906006,4.015297459162976,GSE335494,CD279,cognate,5436,,HS12
0.22930622384756547,-7.274866104125977,1.2484474076700298,0.057184934034900985,5.765755205401423,GSE335494,CD279,cognate,4385,,HS16
0.13940620565231387,-8.548444747924805,1.1599511373028502,0.0562007308113299,3.196344859706377,GSE335494,CD279,cognate,6170,,HS22
0.18258263782687534,-10.031516075134277,1.2417919080838316,0.08893108950266801,2.677082354635095,GSE335494,CD279,cognate,4705,,HS24
0.16855546223749207,-6.113971710205078,1.245084778607017,0.04524822914747413,4.365623102325401,GSE335494,CD279,cognate,5100,,HS28
0.15515208243621056,-7.746890068054199,1.225247790129326,0.04711066374218313,4.391066084444751,GSE335494,CD279,cognate,5338,,HS30
0.15021945416230503,-6.475323677062988,1.160792885728563,0.060356149513136836,3.1424089285458794,GSE335494,CD279,cognate,4821,,HS32
0.21630648556297072,-6.769243240356445,1.2102658778084623,0.07021966998753346,3.5248381274400282,GSE335494,CD279,cognate,4619,,HS46
0.19365775355943687,-8.975512504577637,1.2611125989915433,0.09599368952495625,2.408536171026198,GSE335494,CD279,cognate,4185,,HS47
0.1065257761353355,-8.282995223999023,1.1400063286990458,0.043150042274347974,3.2341291158468737,GSE335494,CD279,cognate,4761,,HS6
0.11734436044578128,-8.291269302368164,1.1123401076895796,0.04995791666159647,3.314723312535596,GSE335494,CD279,cognate,5350,,HS68
0.1922948202695583,-7.71430778503418,1.2629109705174906,0.05776999953117704,4.215351008069769,GSE335494,CD279,cognate,4783,,HS75
0.20384532101736735,-9.095244407653809,1.200632063980411,0.07906149475857802,3.8089002280501454,GSE335494,CD279,cognate,4613,,HS86
0.11953470280791582,-7.582840919494629,1.1451426881061795,0.040281469261252194,4.517807905043259,GSE335494,CD279,cognate,5422,,HS88
0.202322633052863,-9.61815357208252,1.2576431729090272,0.06881361826274099,3.883561225483029,GSE335494,CD279,cognate,3835,,HS93
0.18420148377589424,-8.422738075256348,1.2590183141041411,0.05788493537634311,3.831187599186277,GSE335494,CD279,cognate,5077,,HS94
0.23865951259285087,-0.7481676340103149,0.8952994899902971,0.1589633206519443,1.9970812277162064,GSE335494,CD194 (CCR4),cognate,84177,17.0,
0.006690341912758205,-0.4443955421447754,0.6089277337767294,0.2124472072874148,-0.004292229011291461,GSE335494,CD194 (CCR4),noncognate,84177,17.0,
0.19521841910336044,-0.651137113571167,0.7967335070485079,0.15517904054260342,1.674510070091861,GSE335494,CD194 (CCR4),cognate,5577,,HS10
0.25529622791659834,-0.7072024345397949,0.8678298495697531,0.17814580266642066,1.901958582389922,GSE335494,CD194 (CCR4),cognate,5436,,HS12
0.2521827737769168,-0.9853124618530273,1.01195673555313,0.1323727712166235,2.672900647625449,GSE335494,CD194 (CCR4),cognate,4385,,HS16
0.23525899223652566,-0.8223878145217896,0.8486478077712681,0.2047434458084719,1.463030298879695,GSE335494,CD194 (CCR4),cognate,6170,,HS22
0.29680285883721336,-0.5720704793930054,0.9284986700645211,0.17804736388699807,2.257535589825235,GSE335494,CD194 (CCR4),cognate,4705,,HS24
0.2622604892662217,-0.40973854064941406,0.8415259259333275,0.15706093949100294,2.0595650825157046,GSE335494,CD194 (CCR4),cognate,5100,,HS28
0.20714089554107773,-0.8581091165542603,0.9159718322046115,0.1395962864181744,2.090308492983556,GSE335494,CD194 (CCR4),cognate,5338,,HS30
0.17243624222988863,-0.9286811351776123,0.8639629658492893,0.13599640277775116,1.5350672161150427,GSE335494,CD194 (CCR4),cognate,4821,,HS32
0.2701234696236369,-0.5930631160736084,0.8534141497663508,0.18771785895565926,1.9383010706494053,GSE335494,CD194 (CCR4),cognate,4619,,HS46
0.26577292801657143,-0.7459419965744019,0.9645349108664978,0.16059155985788298,2.201862013493628,GSE335494,CD194 (CCR4),cognate,4185,,HS47
0.14428754923089876,-1.2014358043670654,0.9354858697102382,0.10281801243598278,2.1373384263033532,GSE335494,CD194 (CCR4),cognate,4761,,HS6
0.19793491211778622,-1.1518795490264893,0.8652188749625679,0.1641945449645146,1.798935636545922,GSE335494,CD194 (CCR4),cognate,5350,,HS68
0.2645184122126676,-0.4786202907562256,0.8153083025647713,0.16802485921400218,1.880328952072774,GSE335494,CD194 (CCR4),cognate,4783,,HS75
0.2212691294624599,-1.1829805374145508,1.0008138682568621,0.1529957443592059,2.062455734705631,GSE335494,CD194 (CCR4),cognate,4613,,HS86
0.1935275731140836,-0.8182014226913452,0.8662136211160163,0.14641586622904482,1.826446017775373,GSE335494,CD194 (CCR4),cognate,5422,,HS88
0.29075955618942645,-0.5686606168746948,0.9952280209319992,0.14159091357449055,2.5534367401605222,GSE335494,CD194 (CCR4),cognate,3835,,HS93
0.2807704726549061,-0.6530929803848267,0.8946845243979433,0.16675313660159707,2.1839413818518842,GSE335494,CD194 (CCR4),cognate,5077,,HS94
0.1159461127849981,-8.988492965698242,1.2309751407149152,0.041515986435288144,2.5990320951840373,GSE335494,CD319 (CRACC),cognate,84177,17.0,
-0.012014467737321264,-0.6130876541137695,0.5782612047326182,0.03551563181262483,-0.301579779916698,GSE335494,CD319 (CRACC),noncognate,84177,17.0,
0.0982555234270462,-10.623536109924316,1.2608750773392312,0.048579040478641373,1.8991408719720437,GSE335494,CD319 (CRACC),cognate,5577,,HS10
0.11208528298770595,-6.737821578979492,1.175423501170745,0.03653412179339205,2.9756234084639086,GSE335494,CD319 (CRACC),cognate,5436,,HS12
0.16651624312472388,-12.335819244384766,1.280745662889615,0.06738105696232166,2.3118999596871515,GSE335494,CD319 (CRACC),cognate,4385,,HS16
0.07443443414619855,-8.498809814453125,1.209348214022874,0.036439936583214774,2.02493409246452,GSE335494,CD319 (CRACC),cognate,6170,,HS22
0.08169652817250862,-11.422748565673828,1.228094953795522,0.03696203030490163,1.9791710924066221,GSE335494,CD319 (CRACC),cognate,4705,,HS24
0.10626875417621459,-6.9755706787109375,1.2327769594665885,0.03980770030346491,2.4065511222039753,GSE335494,CD319 (CRACC),cognate,5100,,HS28
0.11167460578549218,-8.599042892456055,1.2012507218945228,0.03573934517976453,3.3994612699298545,GSE335494,CD319 (CRACC),cognate,5338,,HS30
0.11396963198027607,-7.703365325927734,1.2496178996685823,0.04237910055402381,2.157652727148012,GSE335494,CD319 (CRACC),cognate,4821,,HS32
0.09112302937642013,-8.903016090393066,1.2078214361296962,0.025462019591870458,3.294092253171969,GSE335494,CD319 (CRACC),cognate,4619,,HS46
0.11194437158036395,-10.297987937927246,1.203831254825191,0.0531842647607165,1.7912891835057732,GSE335494,CD319 (CRACC),cognate,4185,,HS47
0.09426110182185082,-9.191536903381348,1.2305381149843344,0.04230708001666026,2.3526268004431654,GSE335494,CD319 (CRACC),cognate,4761,,HS6
0.11836035973666059,-8.031693458557129,1.1792433957498671,0.03125935616519925,3.59778917808725,GSE335494,CD319 (CRACC),cognate,5350,,HS68
0.07771248730951644,-10.858650207519531,1.2687919929207245,0.03297219480162003,2.29361871501774,GSE335494,CD319 (CRACC),cognate,4783,,HS75
0.1524791532531978,-11.859956741333008,1.3402562076543674,0.054027899925593606,2.6073350375888418,GSE335494,CD319 (CRACC),cognate,4613,,HS86
0.10952810322815093,-7.6052703857421875,1.169277873651709,0.04139465514843653,2.6256866965906025,GSE335494,CD319 (CRACC),cognate,5422,,HS88
0.12952266181680694,-10.093289375305176,1.2138950286397647,0.034316337250953226,3.634726138282257,GSE335494,CD319 (CRACC),cognate,3835,,HS93
0.13820804130114275,-10.754339218139648,1.2847333867501527,0.045603901430921,2.6871385280128837,GSE335494,CD319 (CRACC),cognate,5077,,HS94
0.12150445742502165,-0.3005995750427246,0.770375558311041,0.003982737801956014,31.866337645699996,GSE335494,CD155 (PVR),cognate,84177,17.0,
-0.014998406899820167,-5.56495475769043,0.808695653124132,0.008523994883653517,-1.074161639664347,GSE335494,CD155 (PVR),noncognate,84177,17.0,
0.0951122959182426,-0.6062959432601929,0.738825521723697,0.00480126155532759,18.6945415122698,GSE335494,CD155 (PVR),cognate,5577,,HS10
0.08694512764875628,-0.2974013090133667,0.7496671732873534,0.003411325180407439,28.150879815953562,GSE335494,CD155 (PVR),cognate,5436,,HS12
0.1757540932495242,-0.1278020143508911,0.831769875319058,0.004739364553354091,39.27518395207737,GSE335494,CD155 (PVR),cognate,4385,,HS16
0.13787764800559216,-0.2026597261428833,0.7729192211043792,0.004177287935975278,33.74310462903407,GSE335494,CD155 (PVR),cognate,6170,,HS22
0.08234597061934644,-0.33965325355529785,0.7637593641190935,0.003531889269987953,23.965805198429937,GSE335494,CD155 (PVR),cognate,4705,,HS24
0.13511311344523355,-0.223150372505188,0.7847495472819519,0.0036470642013476085,39.61821196403876,GSE335494,CD155 (PVR),cognate,5100,,HS28
0.15304487731640876,-0.2857038974761963,0.7906270897879141,0.004076297382490176,40.63609658985248,GSE335494,CD155 (PVR),cognate,5338,,HS30
0.11591742935145495,-0.4210735559463501,0.7670504476725094,0.0034183060362447766,36.180240354580185,GSE335494,CD155 (PVR),cognate,4821,,HS32
0.07408393330842566,-0.42207348346710205,0.757134438992304,0.0036745410441242216,21.196593448947954,GSE335494,CD155 (PVR),cognate,4619,,HS46
0.09009992667370804,-0.6518523693084717,0.784535556485851,0.0030175982806350914,34.244221202658764,GSE335494,CD155 (PVR),cognate,4185,,HS47
0.1480076159429001,-0.15486395359039307,0.7803104091092269,0.004319308253823871,34.63325031227825,GSE335494,CD155 (PVR),cognate,4761,,HS6
0.10269076947446594,-0.40902984142303467,0.7516669583443402,0.00393845176625754,25.41145152193817,GSE335494,CD155 (PVR),cognate,5350,,HS68
0.10278596087605918,-0.1789799928665161,0.6972689802158529,0.004022060230816482,23.94317534349922,GSE335494,CD155 (PVR),cognate,4783,,HS75
0.13558287678678618,-0.1742459535598755,0.7776699436078914,0.0042380266759300365,31.06837421896069,GSE335494,CD155 (PVR),cognate,4613,,HS86
0.12655917351876572,-0.41686105728149414,0.7710395013187337,0.004221291432058339,28.965052245417425,GSE335494,CD155 (PVR),cognate,5422,,HS88
0.1303837933870686,-0.24595379829406738,0.8062473474503287,0.003983326568357034,36.584638646670186,GSE335494,CD155 (PVR),cognate,3835,,HS93
0.10142670057406483,-0.42394280433654785,0.7817591343325617,0.0037787844648423104,27.86825832707563,GSE335494,CD155 (PVR),cognate,5077,,HS94
0.1987160933599691,-0.43248844146728516,0.5169828914877345,0.24729491873113238,1.1261741299504258,GSE335494,CD79b (Igβ),cognate,84177,17.0,
-0.055099157763221905,-0.25087428092956543,1.3736576984417928,0.0869709342955173,-0.5851424891829681,GSE335494,CD79b (Igβ),noncognate,84177,17.0,
0.4130472201427081,-0.6111360788345337,0.5857176813415961,0.4060958086895262,1.1258229773376969,GSE335494,CD79b (Igβ),cognate,5577,,HS10
0.1577211879054899,-0.2336336374282837,0.5168788865022867,0.15317345441078328,1.3698302113494685,GSE335494,CD79b (Igβ),cognate,5436,,HS12
0.14557090112827797,-0.6192015409469604,0.48813147727390627,0.25959478188989654,1.0269556193052418,GSE335494,CD79b (Igβ),cognate,4385,,HS16
0.13806831745440823,-0.3613168001174927,0.47728243370011775,0.2165391294148246,1.0048337260655136,GSE335494,CD79b (Igβ),cognate,6170,,HS22
0.1419920717233913,-0.7995810508728027,0.5266568549314612,0.21934672914797818,1.133337227882068,GSE335494,CD79b (Igβ),cognate,4705,,HS24
0.2133416319042349,-0.2244267463684082,0.5183338334345884,0.2780520307935324,1.077976342688663,GSE335494,CD79b (Igβ),cognate,5100,,HS28
0.19957354590823403,-0.30132389068603516,0.5051298736001092,0.2157820801821403,1.1915089713433034,GSE335494,CD79b (Igβ),cognate,5338,,HS30
0.0940136340518296,-0.22759747505187988,0.4990858722007958,0.15422549878534805,1.0247018160781325,GSE335494,CD79b (Igβ),cognate,4821,,HS32
0.226746638844265,-0.2790793180465698,0.4799038116617689,0.21878324022354215,1.5109511708444252,GSE335494,CD79b (Igβ),cognate,4619,,HS46
0.3265026929302446,-1.012115716934204,0.6263944804874075,0.27964289833484024,1.251575780158199,GSE335494,CD79b (Igβ),cognate,4185,,HS47
0.20158395549009217,-0.2530345916748047,0.4652059089926613,0.2530702573087782,1.1875604940426905,GSE335494,CD79b (Igβ),cognate,4761,,HS6
0.1646278186017537,-0.33265411853790283,0.5036048283365956,0.18400869191145744,1.4028986150438971,GSE335494,CD79b (Igβ),cognate,5350,,HS68
0.15024831847299416,-0.9144464731216431,0.5599704663118221,0.23050186674325102,1.0020930539350288,GSE335494,CD79b (Igβ),cognate,4783,,HS75
0.13857410235289053,-0.6750867366790771,0.4873398059123992,0.32481737916244285,0.6222134146402037,GSE335494,CD79b (Igβ),cognate,4613,,HS86
0.07166227923678908,-0.26846182346343994,0.46251635973580657,0.22874166352374767,0.6714653203961174,GSE335494,CD79b (Igβ),cognate,5422,,HS88
0.24726911955765016,-0.8940011262893677,0.5467263428410736,0.24371045992611096,1.2775294030016644,GSE335494,CD79b (Igβ),cognate,3835,,HS93
0.1128516082268615,-0.8262896537780762,0.5343110866137498,0.2524687393270418,0.7373726551580753,GSE335494,CD79b (Igβ),cognate,5077,,HS94
-0.024825122023110685,-0.4382359981536865,0.661583773415544,0.01838277320993569,-1.6642518145996557,GSE335494,CD107a (LAMP-1),cognate,84177,17.0,
-0.027879572358930994,-0.007674574851989746,0.6780954767647589,0.015012398584012264,-2.365243992193142,GSE335494,CD107a (LAMP-1),noncognate,84177,17.0,
-0.009933730192360815,-0.5518327951431274,0.7158796798422535,0.01850163724631252,-1.1251311720002675,GSE335494,CD107a (LAMP-1),cognate,5577,,HS10
-0.05052301737334015,-0.31653738021850586,0.5952329687624381,0.018766266221914654,-2.8988020128152785,GSE335494,CD107a (LAMP-1),cognate,5436,,HS12
0.010926889055280855,-0.5564264059066772,0.6448698368254014,0.021700866784407313,0.1900554870752761,GSE335494,CD107a (LAMP-1),cognate,4385,,HS16
-0.02354124705558892,-0.3937736749649048,0.6583391496143863,0.017763506386362277,-1.786745634643361,GSE335494,CD107a (LAMP-1),cognate,6170,,HS22
-0.014099308038932699,-0.5127333402633667,0.6331750278722468,0.020245928964149666,-0.9364354302670017,GSE335494,CD107a (LAMP-1),cognate,4705,,HS24
0.0037164720838068896,-0.32304084300994873,0.6628285555983481,0.01595804138508342,-0.4249205074873636,GSE335494,CD107a (LAMP-1),cognate,5100,,HS28
-0.02525752316417275,-0.3671673536300659,0.6425391652085531,0.017867809270475588,-1.8730354736739439,GSE335494,CD107a (LAMP-1),cognate,5338,,HS30
-0.05737969412803758,-0.3539952039718628,0.6316604252568124,0.017965042854655087,-2.9517301161640583,GSE335494,CD107a (LAMP-1),cognate,4821,,HS32
0.0013833284502401445,-0.3874657154083252,0.6693364023430186,0.01684529966059752,-0.7972994083834025,GSE335494,CD107a (LAMP-1),cognate,4619,,HS46
0.00905177924672786,-0.43563079833984375,0.5996950069750778,0.021173266822815943,0.5625136969951691,GSE335494,CD107a (LAMP-1),cognate,4185,,HS47
-0.0026613606020691825,-0.45209193229675293,0.6437438547896613,0.017788057215842652,0.19791117277411716,GSE335494,CD107a (LAMP-1),cognate,4761,,HS6
-0.07161904396294022,-0.3846249580383301,0.6667697250658156,0.01808033793647384,-3.868110071466549,GSE335494,CD107a (LAMP-1),cognate,5350,,HS68
-0.021151730730758166,-0.6320168972015381,0.7785855060457115,0.016885334460177755,-1.9530947030521195,GSE335494,CD107a (LAMP-1),cognate,4783,,HS75
-0.0006947817091152512,-0.7001670598983765,0.723153103321071,0.019907455185216312,-0.4433473910644529,GSE335494,CD107a (LAMP-1),cognate,4613,,HS86
-0.05099707291727743,-0.4095965623855591,0.6623338526989468,0.01795739505959283,-2.949166206739064,GSE335494,CD107a (LAMP-1),cognate,5422,,HS88
-0.01621626458709712,-0.3753368854522705,0.5977006783520974,0.019218095316507554,-0.9770584693886234,GSE335494,CD107a (LAMP-1),cognate,3835,,HS93
-0.04050764012069877,-0.5013175010681152,0.6761744022597624,0.018702462116854963,-2.7446352023476277,GSE335494,CD107a (LAMP-1),cognate,5077,,HS94
0.025180357195233132,-8.713371276855469,0.9836809042448865,0.006856746577023983,4.43167391381663,GSE335494,CD137 (4-1BB),cognate,84177,17.0,
-0.004374720753236539,-2.362673759460449,1.2360850211163068,0.0032105643383131535,-1.61337652875117,GSE335494,CD137 (4-1BB),noncognate,84177,17.0,
0.038241059979612135,-8.900617599487305,0.9476905734772063,0.008457240319993588,6.815799064684337,GSE335494,CD137 (4-1BB),cognate,5577,,HS10
0.04307049638250143,-5.684708118438721,0.9571401728712398,0.0036542058427806424,11.50224943,GSE335494,CD137 (4-1BB),cognate,5436,,HS12
0.03964433866717169,-10.45859146118164,0.9782477524241934,0.005742192998693913,7.1240424781932825,GSE335494,CD137 (4-1BB),cognate,4385,,HS16
0.023195664975160065,-11.376643180847168,1.0561477160165025,0.0067785655385492645,4.060502681771421,GSE335494,CD137 (4-1BB),cognate,6170,,HS22
0.014909569466810524,-10.58732795715332,0.9889521677390083,0.006408081806262851,2.9188297289898477,GSE335494,CD137 (4-1BB),cognate,4705,,HS24
0.014847521036626211,-5.858127593994141,0.9569983029046552,0.005858546564708694,1.2139618372124057,GSE335494,CD137 (4-1BB),cognate,5100,,HS28
0.01462748630793054,-10.062907218933105,1.0337673442266595,0.0066315168129110575,3.2342736428539145,GSE335494,CD137 (4-1BB),cognate,5338,,HS30
0.012507663431541416,-5.134980201721191,0.9213373911904418,0.004834502737701804,2.977907127113958,GSE335494,CD137 (4-1BB),cognate,4821,,HS32
0.026125020218570678,-9.89405632019043,1.009773239608771,0.0028678808330123546,8.334047960902064,GSE335494,CD137 (4-1BB),cognate,4619,,HS46
0.06572332866869637,-9.182621002197266,0.9702621164309911,0.0069012198286508486,8.439481419141078,GSE335494,CD137 (4-1BB),cognate,4185,,HS47
0.0013896657559638332,-9.792527198791504,0.9779056010509414,0.005348718369408564,0.5161706534982851,GSE335494,CD137 (4-1BB),cognate,4761,,HS6
0.0025665746030425155,-9.40776252746582,1.0059084389581086,0.004955210795532748,2.133680362262813,GSE335494,CD137 (4-1BB),cognate,5350,,HS68
0.04268382672321032,-10.179086685180664,0.9756317891600098,0.010522894063931558,3.5262481655722966,GSE335494,CD137 (4-1BB),cognate,4783,,HS75
0.03751773641792246,-11.121538162231445,0.9640056352213219,0.01122877404031926,5.341841262109748,GSE335494,CD137 (4-1BB),cognate,4613,,HS86
0.010106797268337775,-9.505671501159668,1.0025349316492373,0.005488981142896482,3.156434635843626,GSE335494,CD137 (4-1BB),cognate,5422,,HS88
0.026877430480922067,-11.48770523071289,1.0074477016042025,0.009411486588197907,5.973719832091752,GSE335494,CD137 (4-1BB),cognate,3835,,HS93
0.035190742227056024,-9.015491485595703,0.9433284462228178,0.010773676275019831,3.96212015750033,GSE335494,CD137 (4-1BB),cognate,5077,,HS94
0.05159687217533295,-30.78358268737793,1.6575142695530476,0.01766557633111635,3.4281098823094838,GSE335494,CD223 (LAG-3),cognate,84177,17.0,
-0.0003922652427968531,-4.552925109863281,1.481379648965003,0.00826186726983526,-1.2118419702895662,GSE335494,CD223 (LAG-3),noncognate,84177,17.0,
0.045686564080657584,-34.33927536010742,1.6910609361936204,0.020964687324779133,3.9823236335495826,GSE335494,CD223 (LAG-3),cognate,5577,,HS10
0.018940340511252575,-23.57158660888672,1.6540972556565876,0.011221687083491898,2.4192711668432345,GSE335494,CD223 (LAG-3),cognate,5436,,HS12
0.08520301641604346,-41.358280181884766,1.6632667035586168,0.017707574237329722,5.1767467513006515,GSE335494,CD223 (LAG-3),cognate,4385,,HS16
0.01076253371424915,-29.53644371032715,1.6425368295892202,0.0122105001429762,1.7165597961649923,GSE335494,CD223 (LAG-3),cognate,6170,,HS22
0.014691973029009885,-38.63376998901367,1.6687423734454925,0.012671447733813257,1.8654550467337363,GSE335494,CD223 (LAG-3),cognate,4705,,HS24
0.004696329679950184,-23.61063003540039,1.659860095367633,0.012354688901766685,1.3601620897674649,GSE335494,CD223 (LAG-3),cognate,5100,,HS28
0.03356472979527211,-32.27699661254883,1.6573645961914543,0.03312966739308738,1.713476631682656,GSE335494,CD223 (LAG-3),cognate,5338,,HS30
0.06388921137418872,-23.50806427001953,1.6711053948623094,0.015846005099857494,4.543886359184761,GSE335494,CD223 (LAG-3),cognate,4821,,HS32
0.09966643660946341,-28.284873962402344,1.622465651608506,0.012921123284354193,8.189198159261988,GSE335494,CD223 (LAG-3),cognate,4619,,HS46
0.02021233332449997,-37.95444869995117,1.67834923238841,0.014609055861001433,1.4880982193860768,GSE335494,CD223 (LAG-3),cognate,4185,,HS47
0.048781901837081684,-32.664241790771484,1.6451319234061919,0.014558450988940902,2.425612388714907,GSE335494,CD223 (LAG-3),cognate,4761,,HS6
0.0058483059677576,-26.88237953186035,1.6149834249962738,0.010644977228738776,3.7648778817837596,GSE335494,CD223 (LAG-3),cognate,5350,,HS68
0.03876418456632559,-35.939762115478516,1.7051780994727885,0.01812981598348836,2.036687885389134,GSE335494,CD223 (LAG-3),cognate,4783,,HS75
0.12384005053189978,-39.93887710571289,1.681552791627692,0.02919394055636056,4.904907509658594,GSE335494,CD223 (LAG-3),cognate,4613,,HS86
0.03322119109584791,-28.83883285522461,1.6066679177074916,0.01277564995048773,3.311950352197069,GSE335494,CD223 (LAG-3),cognate,5422,,HS88
0.038917988724302466,-39.474700927734375,1.6801395961120926,0.012472952281247862,3.3338817048884657,GSE335494,CD223 (LAG-3),cognate,3835,,HS93
0.10388871698918,-33.8226203918457,1.6502634936241762,0.02569273913153753,4.132422865227605,GSE335494,CD223 (LAG-3),cognate,5077,,HS94
0.48204100795518123,0.011227726936340332,0.5995172436042181,0.2601970791215101,1.5697271678780356,GSE335494,CD314 (NKG2D),cognate,84177,17.0,
-0.06194825674044029,-0.0904303789138794,0.6437849174214695,0.2544568439159337,-0.1853326448496263,GSE335494,CD314 (NKG2D),noncognate,84177,17.0,
0.4477276588523057,-0.065574049949646,0.5801297302924515,0.2442908005638087,1.5201899351663501,GSE335494,CD314 (NKG2D),cognate,5577,,HS10
0.4033403483542684,-0.04431021213531494,0.6242780091537234,0.22575524146651785,1.4951544146771383,GSE335494,CD314 (NKG2D),cognate,5436,,HS12
0.6364294388725247,0.07973259687423706,0.6170478614547513,0.32111461726629614,1.6820786749768506,GSE335494,CD314 (NKG2D),cognate,4385,,HS16
0.4348094284908866,0.03902292251586914,0.5564783227782341,0.2442916610229288,1.531979295201183,GSE335494,CD314 (NKG2D),cognate,6170,,HS22
0.4834983553526197,-0.0544353723526001,0.633569264908953,0.22438580741354142,1.8128387819809673,GSE335494,CD314 (NKG2D),cognate,4705,,HS24
0.42050668771612715,0.05591309070587158,0.538117644938714,0.2597412839147214,1.4063996779288765,GSE335494,CD314 (NKG2D),cognate,5100,,HS28
0.47405500136182777,0.009060978889465332,0.6259219046072075,0.21658371037078036,1.8794251399008628,GSE335494,CD314 (NKG2D),cognate,5338,,HS30
0.4375746291232913,-0.058110594749450684,0.615075033231698,0.268048854836126,1.3488827900704847,GSE335494,CD314 (NKG2D),cognate,4821,,HS32
0.39510076868696875,-0.017245054244995117,0.6134643767226594,0.18650006599957608,1.8475952628724388,GSE335494,CD314 (NKG2D),cognate,4619,,HS46
0.5480876698384185,0.05978614091873169,0.6178278196883072,0.2607674209387564,1.8455636071441774,GSE335494,CD314 (NKG2D),cognate,4185,,HS47
0.5344548765485007,0.031513869762420654,0.601886859986895,0.2965342577041022,1.4922384589341608,GSE335494,CD314 (NKG2D),cognate,4761,,HS6
0.46822759927896324,0.07185298204421997,0.5674132767343216,0.2700473777050023,1.4753788905742558,GSE335494,CD314 (NKG2D),cognate,5350,,HS68
0.37420368687948324,-0.13959121704101562,0.5644366516032563,0.23819291460455336,1.3937265369271066,GSE335494,CD314 (NKG2D),cognate,4783,,HS75
0.5794871146702156,0.068398118019104,0.5903265284683303,0.33670051659785877,1.3913635334981924,GSE335494,CD314 (NKG2D),cognate,4613,,HS86
0.5074956436581061,0.07815688848495483,0.5968698551295771,0.25694724028472204,1.6793749169200258,GSE335494,CD314 (NKG2D),cognate,5422,,HS88
0.4920615253802411,0.04103463888168335,0.611737951803102,0.23630185739386644,1.789587050228665,GSE335494,CD314 (NKG2D),cognate,3835,,HS93
0.4953896292868149,-0.12264561653137207,0.6458170001723113,0.2875571835976207,1.3936462495759836,GSE335494,CD314 (NKG2D),cognate,5077,,HS94
0.6812711204321633,0.31287795305252075,1.2052015739038155,0.7469721462710229,0.8505821374282919,GSE335494,CD3,cognate,84177,17.0,
-0.09362501486592997,-13.701772689819336,2.7641406197557483,1.5065095444269732,-0.0929747807371303,GSE335494,CD3,noncognate,84177,17.0,
0.6950954866006579,0.16840201616287231,1.2876981045799587,0.7440376512874438,0.8541034261090674,GSE335494,CD3,cognate,5577,,HS10
0.5741544582686938,0.22478753328323364,1.243655411080336,0.7173806980082528,0.7723841524828546,GSE335494,CD3,cognate,5436,,HS12
0.7722073098329254,0.4225093722343445,1.2167751745061595,0.7659946692873522,0.9582487073718722,GSE335494,CD3,cognate,4385,,HS16
0.651306741693523,0.34391075372695923,1.1640881529163996,0.7242553595993017,0.8648524405187328,GSE335494,CD3,cognate,6170,,HS22
0.6693313074773357,0.2637086510658264,1.2433056866808085,0.6801834521971605,0.9150830949885556,GSE335494,CD3,cognate,4705,,HS24
0.6963736308213755,0.19435256719589233,1.1301269267542258,0.8731579416778814,0.7579198586107976,GSE335494,CD3,cognate,5100,,HS28
0.6596333177404137,0.3066868185997009,1.2238265216815674,0.740685155838195,0.8525379319910394,GSE335494,CD3,cognate,5338,,HS30
0.6339923601276254,0.2953253388404846,1.2167304986817846,0.7326309656586406,0.815982300665625,GSE335494,CD3,cognate,4821,,HS32
0.6791986953383423,0.3940322995185852,1.1368035353669368,0.6353306355184252,0.9966892359171086,GSE335494,CD3,cognate,4619,,HS46
0.7311255911634584,0.22827821969985962,1.1884136700504246,0.7946476116707444,0.8520185394551574,GSE335494,CD3,cognate,4185,,HS47
0.7667903376458506,0.4442196488380432,1.1112640308743023,0.7502906625699066,0.9769785544093869,GSE335494,CD3,cognate,4761,,HS6
0.6417603205414106,0.34362757205963135,1.159012561502919,0.7344241511964654,0.8414220567304072,GSE335494,CD3,cognate,5350,,HS68
0.7040762872726639,0.3008899688720703,1.136665264326407,0.7709275782010985,0.8449028321480215,GSE335494,CD3,cognate,4783,,HS75
0.6890375098967052,0.2185375690460205,1.392775341049218,0.8056973268442799,0.7889813611786101,GSE335494,CD3,cognate,4613,,HS86
0.6612667565812324,0.34811609983444214,1.1610818375289642,0.7740201491444203,0.8111742592723196,GSE335494,CD3,cognate,5422,,HS88
0.6506557182018616,0.3228410482406616,1.1916278070280515,0.7575978272976236,0.8492205975269639,GSE335494,CD3,cognate,3835,,HS93
0.5429965032479249,0.20647919178009033,1.2561915597560136,0.7781022301353919,0.6984495142769416,GSE335494,CD3,cognate,5077,,HS94
0.0040422203136221,-3.3400754928588867,1.4971954830866927,0.08477394841229689,0.0668507267823534,GSE335494,CD45RO,cognate,84177,17.0,
0.07599751962507231,-11.305802345275879,1.5203743681909085,0.14057132943488604,0.5587630566830846,GSE335494,CD45RO,noncognate,84177,17.0,
0.06324779027267205,-2.2754547595977783,1.20316864529005,0.09889245379359007,0.7081976071851045,GSE335494,CD45RO,cognate,5577,,HS10
0.05986158735659622,-3.828861713409424,1.533645080235958,0.08711111020013632,0.3886176807051687,GSE335494,CD45RO,cognate,5436,,HS12
-0.04533919268740321,-2.737499713897705,1.4032867576288008,0.10228965049580416,-0.34893552437145553,GSE335494,CD45RO,cognate,4385,,HS16
0.006367737137724794,-4.914438724517822,1.518837817129611,0.09193933005895166,0.061044128769566414,GSE335494,CD45RO,cognate,6170,,HS22
-0.01876441600367783,-3.0543570518493652,1.4632373190179944,0.07030821182706905,-0.35376674416085735,GSE335494,CD45RO,cognate,4705,,HS24
0.04165841981997836,-3.906383514404297,1.8222516908756847,0.07408308919305032,0.2866747763968295,GSE335494,CD45RO,cognate,5100,,HS28
-0.001554308304442402,-4.099267482757568,1.6695432713405605,0.07891659855721363,-0.02997612350967611,GSE335494,CD45RO,cognate,5338,,HS30
0.008747710914104909,-2.818065643310547,1.4718601493329235,0.07314661861536412,0.2260433084014238,GSE335494,CD45RO,cognate,4821,,HS32
0.03696293874484945,-3.788227081298828,1.4501591430674663,0.06717637936813889,0.8161718637570471,GSE335494,CD45RO,cognate,4619,,HS46
-0.0070835477043224215,-2.615159273147583,1.4775777081807808,0.0763150100637635,-0.32070707692194156,GSE335494,CD45RO,cognate,4185,,HS47
-0.010146798617408219,-3.646575450897217,1.4551720096075123,0.0908218767907171,-0.04829880452798605,GSE335494,CD45RO,cognate,4761,,HS6
0.023095113639880493,-4.398061275482178,1.3332052119607851,0.0997024821974924,0.1232083651044689,GSE335494,CD45RO,cognate,5350,,HS68
-0.02411139459521845,-3.2680773735046387,1.4881642213000201,0.07791145275704929,-0.3860819114074164,GSE335494,CD45RO,cognate,4783,,HS75
-0.030155331810842546,-2.989854574203491,1.3794974121617,0.1042908582696105,0.3697006682340474,GSE335494,CD45RO,cognate,4613,,HS86
0.0018308980706833922,-4.43147611618042,1.475749765992247,0.09465498860137415,0.032388646528875104,GSE335494,CD45RO,cognate,5422,,HS88
0.009395450307594897,-3.445281982421875,1.6821481822643738,0.069716373811148,0.06479131102766376,GSE335494,CD45RO,cognate,3835,,HS93
0.013782584217633375,-3.4980087280273438,1.5475529427785386,0.086581994386249,0.2843659302498846,GSE335494,CD45RO,cognate,5077,,HS94
0.2896239547333032,0.020313918590545654,0.9019050026897514,0.34985003459683406,1.3606611377963056,GSE335494,CD19,cognate,84177,17.0,
-0.12925502221351337,-11.632763862609863,2.1984984605656694,0.515373690966475,-0.19329951153296054,GSE335494,CD19,noncognate,84177,17.0,
0.41648937410729786,0.21346795558929443,1.0517090739200512,0.3626499400973441,1.428738681758738,GSE335494,CD19,cognate,5577,,HS10
0.25302479283761964,0.03784459829330444,0.880394789831195,0.25763979421525424,1.7964200836753812,GSE335494,CD19,cognate,5436,,HS12
0.25204687133676734,-0.26279664039611816,0.9068866335164061,0.33091175957714,1.5123247990591477,GSE335494,CD19,cognate,4385,,HS16
0.23999497159873856,-0.06138896942138672,0.853323628983849,0.3370353499263468,1.2751538927300454,GSE335494,CD19,cognate,6170,,HS22
0.26028414973184566,-0.12108933925628662,0.9077248246996986,0.30081289564525154,1.6410505220309202,GSE335494,CD19,cognate,4705,,HS24
0.32797787450396004,0.15727484226226807,0.8595079145816076,0.3937739834713227,1.2997197649084062,GSE335494,CD19,cognate,5100,,HS28
0.3122839601654818,0.08655071258544922,0.918364711341947,0.3402195033171574,1.4458211967299304,GSE335494,CD19,cognate,5338,,HS30
0.2329756700509182,-0.06029772758483887,0.8096016025363381,0.282401287909594,1.6109504452934764,GSE335494,CD19,cognate,4821,,HS32
0.2526731201309469,-0.048743247985839844,0.8700785515938222,0.2982232642520852,1.4594316438402712,GSE335494,CD19,cognate,4619,,HS46
0.42291721830944334,0.22924399375915527,1.0505702150710505,0.3835334635158279,1.406303217107718,GSE335494,CD19,cognate,4185,,HS47
0.25857240030332385,-0.07691097259521484,0.8309937576927093,0.38186659717494104,1.2529890099373837,GSE335494,CD19,cognate,4761,,HS6
0.25052260493690215,-0.02667856216430664,0.877814127240518,0.26655601630060977,1.68536832865605,GSE335494,CD19,cognate,5350,,HS68
0.24895907488399915,-0.05899548530578613,0.8808740246690093,0.3022820382750165,1.4205795241196832,GSE335494,CD19,cognate,4783,,HS75
0.26035353292185337,-0.20720946788787842,0.9103303996459872,0.4287044102508911,1.1776147499911203,GSE335494,CD19,cognate,4613,,HS86
0.18309947888106093,-0.29803359508514404,0.8435910746345978,0.43035904939240477,0.7407474477137845,GSE335494,CD19,cognate,5422,,HS88
0.3396957528627875,0.1057547926902771,0.9928486941292737,0.38797912036531357,1.282818477272537,GSE335494,CD19,cognate,3835,,HS93
0.2475558078069318,-0.2038201093673706,0.8860367492304924,0.4157603785750853,1.1559902970589728,GSE335494,CD19,cognate,5077,,HS94
0.20075383564326302,-0.9213982820510864,0.9287928275377646,0.09041589757731294,4.346321435117909,GSE335494,CD123,cognate,84177,17.0,
-0.08187328278664519,-6.331465721130371,1.7900455222921152,0.09164025669848935,-0.6244604541157737,GSE335494,CD123,noncognate,84177,17.0,
0.1756743027858559,-0.8363262414932251,0.8174886509635428,0.07793667857679573,4.048481948489002,GSE335494,CD123,cognate,5577,,HS10
0.1737595515876993,-0.9627554416656494,0.9243961708889157,0.051765398152400575,7.187161467681294,GSE335494,CD123,cognate,5436,,HS12
0.22297088591146824,-0.851189136505127,0.9330768510950416,0.13145297057885372,3.518424033637002,GSE335494,CD123,cognate,4385,,HS16
0.2089554833407971,-0.8156988620758057,0.9151607664549462,0.11415968515695682,3.819399754258539,GSE335494,CD123,cognate,6170,,HS22
0.32994315526947504,-0.6145501136779785,0.9701098772621787,0.10937798008352724,4.243825138410161,GSE335494,CD123,cognate,4705,,HS24
0.2298312494947013,-0.671783447265625,0.9139392476248074,0.08647230060167084,4.703789287282604,GSE335494,CD123,cognate,5100,,HS28
0.22698527430704205,-0.789264440536499,0.9340466474181416,0.08214126961974318,4.802678745750527,GSE335494,CD123,cognate,5338,,HS30
0.12348167449953558,-1.512808084487915,0.927543026113807,0.05526589277326781,4.170739069404584,GSE335494,CD123,cognate,4821,,HS32
0.18762750364119507,-0.9941558837890625,0.9276240875543965,0.06428122017849733,6.251194730523096,GSE335494,CD123,cognate,4619,,HS46
0.1850550580990298,-1.2430217266082764,0.9541014375559668,0.07759402784292074,4.729141517573285,GSE335494,CD123,cognate,4185,,HS47
0.20034124445870735,-0.775935173034668,0.9288410532845182,0.09712940068170704,4.623222719920622,GSE335494,CD123,cognate,4761,,HS6
0.19131267729532356,-0.9050058126449585,0.9364164448422942,0.1003035691114344,3.91601336391655,GSE335494,CD123,cognate,5350,,HS68
0.1583008790722853,-0.8894537687301636,0.8458818418627193,0.08117151420141956,5.029549062677263,GSE335494,CD123,cognate,4783,,HS75
0.21136483897604702,-0.8828527927398682,0.9341671192520865,0.09447536983076116,4.11919667850444,GSE335494,CD123,cognate,4613,,HS86
0.16952633420824736,-1.009542465209961,0.9602010742848923,0.09672570557755816,4.18211108699095,GSE335494,CD123,cognate,5422,,HS88
0.14793034503978703,-1.3018128871917725,0.9719869310006706,0.05902396553098837,5.501432577873987,GSE335494,CD123,cognate,3835,,HS93
0.16454389341376216,-1.2889556884765625,1.0035024342870908,0.0886207024761268,4.373741844846185,GSE335494,CD123,cognate,5077,,HS94
0.30630164018892525,-3.184566020965576,1.4685067320303413,0.5224347052257406,0.5705492647083746,GSE335494,CD11b,cognate,84177,17.0,
-0.08356574282037187,-2.4579079151153564,0.803225216383173,0.8682645930912803,-0.07851444253062109,GSE335494,CD11b,noncognate,84177,17.0,
0.2561888818726194,-4.9291510581970215,1.5700412345136416,0.5766439686683686,0.417527420628083,GSE335494,CD11b,cognate,5577,,HS10
0.31210821505086866,-3.122769832611084,1.3865473251767622,0.5003623203269559,0.6019196889124105,GSE335494,CD11b,cognate,5436,,HS12
0.3433493726119969,-2.468271017074585,1.4933459194254683,0.5721409752143458,0.5787843428626067,GSE335494,CD11b,cognate,4385,,HS16
0.34319963723239205,-3.1685895919799805,1.4302342937842656,0.5099468958297685,0.6239144993456692,GSE335494,CD11b,cognate,6170,,HS22
0.33470302309793265,-3.258246898651123,1.487595207309003,0.5237932216834758,0.5914281964846885,GSE335494,CD11b,cognate,4705,,HS24
0.2908133907038034,-3.0240941047668457,1.4392516203462518,0.5069212984501276,0.5867649330030716,GSE335494,CD11b,cognate,5100,,HS28
0.3245870754341004,-3.274721145629883,1.4619424392912264,0.5676423967938088,0.5653256648743464,GSE335494,CD11b,cognate,5338,,HS30
0.26613721937514173,-3.327183246612549,1.4123228130778562,0.5402209833776106,0.504346893166581,GSE335494,CD11b,cognate,4821,,HS32
0.24530852058606736,-3.38407039642334,1.4334943773301088,0.4682230533630733,0.4860408227853248,GSE335494,CD11b,cognate,4619,,HS46
0.2969141229880783,-4.362450122833252,1.564159503866849,0.509526282851579,0.58444531711194,GSE335494,CD11b,cognate,4185,,HS47
0.31388858831799005,-2.5109479427337646,1.4043894009091589,0.5128356450380135,0.5677043571293744,GSE335494,CD11b,cognate,4761,,HS6
0.34961160283934506,-3.0428519248962402,1.4390975533688404,0.5192600240658695,0.6560410956742572,GSE335494,CD11b,cognate,5350,,HS68
0.2644583402084904,-4.0260772705078125,1.5032241661685233,0.5070767373848527,0.5070998956191097,GSE335494,CD11b,cognate,4783,,HS75
0.3085239434753979,-2.3431050777435303,1.4542419898665224,0.5173718060504668,0.5695815162229815,GSE335494,CD11b,cognate,4613,,HS86
0.3363440684891578,-3.0486912727355957,1.447876012583585,0.5536146099755235,0.5759879701020904,GSE335494,CD11b,cognate,5422,,HS88
0.3177891919912708,-2.8412561416625977,1.5035387258918034,0.4419753883529506,0.7268354608106078,GSE335494,CD11b,cognate,3835,,HS93
0.2763382769843684,-3.5294456481933594,1.545632450935739,0.5391253673554609,0.5335483408143749,GSE335494,CD11b,cognate,5077,,HS94
0.010601411500761132,-0.37738120555877686,0.6861584318456158,0.002425548459533557,-4.2854740017120445,GSE335494,CD103 (Integrin αE),cognate,84177,17.0,
0.09579899394880884,-2.6308646202087402,1.296789924864487,0.002083736131314606,42.898015571069294,GSE335494,CD103 (Integrin αE),noncognate,84177,17.0,
0.0161504476505625,-0.49180877208709717,0.6546039145560952,0.00279327592123271,-4.5436336404426045,GSE335494,CD103 (Integrin αE),cognate,5577,,HS10
-0.0041529367746003494,-0.3562312126159668,0.6430486098761868,0.0023672420274814324,-2.921905587759271,GSE335494,CD103 (Integrin αE),cognate,5436,,HS12
0.011323963910868222,-0.7236310243606567,0.6646544342712111,0.0026503239270849375,3.9677527867018965,GSE335494,CD103 (Integrin αE),cognate,4385,,HS16
0.026613593077094228,-0.34067797660827637,0.6594969261580783,0.002529486932122909,-6.962111486758056,GSE335494,CD103 (Integrin αE),cognate,6170,,HS22
0.015572539700316421,-0.24260902404785156,0.7653611176057433,0.00227682732602762,-14.92191574624937,GSE335494,CD103 (Integrin αE),cognate,4705,,HS24
0.012075865278832025,-0.2909892797470093,0.6640941836708566,0.002374065597746687,0.9494092144051082,GSE335494,CD103 (Integrin αE),cognate,5100,,HS28
0.012486544792386976,-0.3873460292816162,0.69420507729662,0.0024719735696396346,1.4756419562944763,GSE335494,CD103 (Integrin αE),cognate,5338,,HS30
-0.016802910364512178,-0.3207942247390747,0.630471006670651,0.0023285970449178355,-15.047551902182208,GSE335494,CD103 (Integrin αE),cognate,4821,,HS32
0.009290115634322249,-0.44884324073791504,0.6510090679908328,0.002612203067474386,-0.8912094538342737,GSE335494,CD103 (Integrin αE),cognate,4619,,HS46
-0.028854565664168177,-0.10280084609985352,0.9067513295982421,0.001555136666828888,-48.36305534975742,GSE335494,CD103 (Integrin αE),cognate,4185,,HS47
0.02471234353767051,-0.600468635559082,0.6767008263401529,0.002797010326277359,5.943520981148019,GSE335494,CD103 (Integrin αE),cognate,4761,,HS6
0.02783329831416147,-0.44285428524017334,0.6553774891772776,0.0025770808439229548,9.264209772645437,GSE335494,CD103 (Integrin αE),cognate,5350,,HS68
0.01342869179469733,-0.32040929794311523,0.6844386084273023,0.0025886711393750105,-5.497055167296844,GSE335494,CD103 (Integrin αE),cognate,4783,,HS75
-0.005270253608908527,-0.5264952182769775,0.677589708878206,0.0025742579365385576,-10.161888923433684,GSE335494,CD103 (Integrin αE),cognate,4613,,HS86
0.017264590322767958,-0.3454035520553589,0.680670980366343,0.0022832219777030624,-0.2906781241473878,GSE335494,CD103 (Integrin αE),cognate,5422,,HS88
0.011175662749263833,-0.5706557035446167,0.6898039230652648,0.0024081275621802485,1.5357497718947772,GSE335494,CD103 (Integrin αE),cognate,3835,,HS93
0.011442703487046745,-0.5947316884994507,0.6741177364985823,0.002749846073053309,0.29041232621354557,GSE335494,CD103 (Integrin αE),cognate,5077,,HS94
0.10775688695233737,-1.5188617706298828,0.8459968321179537,0.326750291594595,0.7389924658586424,GSE335494,CD303 (BDCA-2),cognate,84177,17.0,
-0.026514708870073803,-1.164595127105713,0.9962426467011486,0.25722062360041126,-0.10687605042093276,GSE335494,CD303 (BDCA-2),noncognate,84177,17.0,
0.08524925887303304,-1.6995799541473389,0.8593812422092185,0.2354336869087964,0.9006795370594897,GSE335494,CD303 (BDCA-2),cognate,5577,,HS10
0.09904730547298848,-1.1257238388061523,0.7831935739291577,0.2733547788416696,0.7833609802810616,GSE335494,CD303 (BDCA-2),cognate,5436,,HS12
0.11113387342465537,-1.9961400032043457,0.9233582735365732,0.6108638902722355,0.5026780272753003,GSE335494,CD303 (BDCA-2),cognate,4385,,HS16
0.14435499654619732,-1.4223413467407227,0.8364921939848179,0.3798880076317702,0.6770311270099566,GSE335494,CD303 (BDCA-2),cognate,6170,,HS22
0.07491552927836752,-1.7552244663238525,0.8803758668690803,0.20650948417296644,1.0352900074208067,GSE335494,CD303 (BDCA-2),cognate,4705,,HS24
0.12631972519753787,-1.1710622310638428,0.774288364517973,0.35668648260914837,0.7248159245888789,GSE335494,CD303 (BDCA-2),cognate,5100,,HS28
0.09300399258825029,-1.6417434215545654,0.849216765091725,0.16488319363181955,1.2403244891055958,GSE335494,CD303 (BDCA-2),cognate,5338,,HS30
0.06947423456832719,-1.3199045658111572,0.7789309223212283,0.20746403729820204,0.648095417385823,GSE335494,CD303 (BDCA-2),cognate,4821,,HS32
0.09924498345434635,-1.4998822212219238,0.8450455785343268,0.1874397015587513,1.227543807040546,GSE335494,CD303 (BDCA-2),cognate,4619,,HS46
0.07646278321924566,-1.8523390293121338,0.8776832039368068,0.23479260295673446,0.906150853336172,GSE335494,CD303 (BDCA-2),cognate,4185,,HS47
0.14632871221486032,-1.462463617324829,0.8562210467935777,0.45508607515012217,0.7354246811668597,GSE335494,CD303 (BDCA-2),cognate,4761,,HS6
0.13408141591293954,-1.240485429763794,0.8067554087402872,0.41427135123227465,0.7320736090589579,GSE335494,CD303 (BDCA-2),cognate,5350,,HS68
0.12798954445324462,-1.5044007301330566,0.833432624782611,0.28734120153482784,0.922146278876074,GSE335494,CD303 (BDCA-2),cognate,4783,,HS75
0.10503510779086603,-1.99466872215271,0.8954158224034106,0.30332953769204274,0.8364563457226599,GSE335494,CD303 (BDCA-2),cognate,4613,,HS86
0.11575196695002227,-1.3974614143371582,0.8393026338628435,0.4154044556721615,0.6341093133383201,GSE335494,CD303 (BDCA-2),cognate,5422,,HS88
0.06976788873861478,-1.8049571514129639,0.8766030205321443,0.17903120533487055,1.1316945443078068,GSE335494,CD303 (BDCA-2),cognate,3835,,HS93
0.10191512438132631,-1.6665925979614258,0.8850036705070286,0.25376727921808684,1.0657911164768359,GSE335494,CD303 (BDCA-2),cognate,5077,,HS94
0.17394548331810905,-0.25768494606018066,0.8084649614610502,0.37834115301063226,0.8550254450846299,GSE335494,CD1c,cognate,84177,17.0,
-0.009745298954557051,-9.288722038269043,1.2493382132583166,0.700260421349271,-0.013522190219759327,GSE335494,CD1c,noncognate,84177,17.0,
0.20967878007738516,-0.029353976249694824,0.8635786415960895,0.3292822705969482,0.9044133801137388,GSE335494,CD1c,cognate,5577,,HS10
0.15217193250185573,-0.22438061237335205,0.6985941180059922,0.5198920244217212,0.7507181129532994,GSE335494,CD1c,cognate,5436,,HS12
0.12705859329337213,-0.6473238468170166,0.8431839987187512,0.316809559159361,0.898772731134587,GSE335494,CD1c,cognate,4385,,HS16
0.17586162509217618,-0.33112025260925293,0.7916785958713085,0.4868683347623909,0.6941336115601023,GSE335494,CD1c,cognate,6170,,HS22
0.1821737234237106,-0.2619004249572754,0.859224306245727,0.39580059439342585,0.9193558840290511,GSE335494,CD1c,cognate,4705,,HS24
0.17481224560170885,-0.166701078414917,0.7592811510781753,0.25242112180438375,1.0271949618641703,GSE335494,CD1c,cognate,5100,,HS28
0.18228088865969844,-0.2422105073928833,0.8032738573631634,0.2552866397169619,1.2405316717935608,GSE335494,CD1c,cognate,5338,,HS30
0.166301150559074,-0.2813839912414551,0.7204612594873642,0.4646739883708821,0.6979719402412481,GSE335494,CD1c,cognate,4821,,HS32
0.1714584300018362,-0.12936890125274658,0.799735787093952,0.3829204691236362,0.9822817725672655,GSE335494,CD1c,cognate,4619,,HS46
0.23899042972585702,-0.024437308311462402,0.9346493295969891,0.4540968021172869,0.7583772215275436,GSE335494,CD1c,cognate,4185,,HS47
0.1691095259812788,-0.34330666065216064,0.8193502322599296,0.29801367483750646,1.126283057644957,GSE335494,CD1c,cognate,4761,,HS6
0.16165043049095268,-0.21917247772216797,0.7981056733207346,0.31217158597432043,0.9762554285181391,GSE335494,CD1c,cognate,5350,,HS68
0.1454636408739094,-0.40794360637664795,0.7801061267058157,0.2740030768427376,1.008579210324533,GSE335494,CD1c,cognate,4783,,HS75
0.2139369397232962,-0.4119054079055786,0.8472284740641185,0.5404415726267204,0.7539468453534524,GSE335494,CD1c,cognate,4613,,HS86
0.1533524122156798,-0.4446873664855957,0.7588562610381755,0.41411814597586144,0.8179237909894654,GSE335494,CD1c,cognate,5422,,HS88
0.17168291774762698,-0.3001384735107422,0.869222881410865,0.26428397291263456,1.1107814503655293,GSE335494,CD1c,cognate,3835,,HS93
0.14101401465535035,-0.626693606376648,0.819094889559642,0.3019493666680217,0.9473321271317972,GSE335494,CD1c,cognate,5077,,HS94
0.22147255690694242,-0.6982007026672363,0.8615156735053304,0.04270542512633148,4.99287018252532,GSE335494,CD196 (CCR6),cognate,84177,17.0,
-0.053949341498161954,-1.9477756023406982,0.9471460955212447,0.0511778402592163,-0.8707421202955775,GSE335494,CD196 (CCR6),noncognate,84177,17.0,
0.1717960469441376,-0.637042760848999,0.866114218557902,0.03523643534840998,4.322867319873997,GSE335494,CD196 (CCR6),cognate,5577,,HS10
0.16869840199350558,-0.4507700204849243,0.7557539361162873,0.044042956847843234,3.8440591497397967,GSE335494,CD196 (CCR6),cognate,5436,,HS12
0.23912059580130604,-0.9680070877075195,0.977887467862822,0.029000370653938807,8.80845870263692,GSE335494,CD196 (CCR6),cognate,4385,,HS16
0.2332680211881804,-0.857384204864502,0.8363707302168667,0.06128043456365458,3.2467007101077985,GSE335494,CD196 (CCR6),cognate,6170,,HS22
0.3424503704851592,-0.5075488090515137,0.9039011804278617,0.05387881478600343,5.941656705811329,GSE335494,CD196 (CCR6),cognate,4705,,HS24
0.19874713997720173,-0.3414762020111084,0.7492634414852004,0.04008084178596263,4.51150270380884,GSE335494,CD196 (CCR6),cognate,5100,,HS28
0.20773660881604575,-0.7063870429992676,0.8409860693472944,0.038959785223755844,5.291491231695935,GSE335494,CD196 (CCR6),cognate,5338,,HS30
0.19850411278390595,-0.46909213066101074,0.767241309429034,0.033159824573644484,6.057347733071286,GSE335494,CD196 (CCR6),cognate,4821,,HS32
0.13074163181647852,-0.9752579927444458,0.8494691228750334,0.04123656415538146,2.931649399436725,GSE335494,CD196 (CCR6),cognate,4619,,HS46
0.2999775696249018,-0.19132769107818604,0.832779775982151,0.05109322642113468,5.604888507638463,GSE335494,CD196 (CCR6),cognate,4185,,HS47
0.19929608506601798,-0.9827697277069092,0.8863254296575781,0.033639931807918265,6.177582820931725,GSE335494,CD196 (CCR6),cognate,4761,,HS6
0.20209670695018186,-0.7895548343658447,0.8465929877957978,0.042786591167369624,4.358640297172538,GSE335494,CD196 (CCR6),cognate,5350,,HS68
0.17609398832251305,-1.1280264854431152,0.8876416617149747,0.03995980204859263,4.382946073459399,GSE335494,CD196 (CCR6),cognate,4783,,HS75
0.24228480851845777,-1.1413819789886475,1.0063890562467699,0.042496664671268995,5.925341809265326,GSE335494,CD196 (CCR6),cognate,4613,,HS86
0.13111018174771544,-1.1992623805999756,0.8522084787022642,0.03413368841505245,3.974590773202613,GSE335494,CD196 (CCR6),cognate,5422,,HS88
0.24742965759946586,-0.5744765996932983,0.9209813457882065,0.038876532399975024,5.988535205112269,GSE335494,CD196 (CCR6),cognate,3835,,HS93
0.25079846846691417,-0.9689970016479492,0.8784015477985024,0.050565292123377736,5.038441320764514,GSE335494,CD196 (CCR6),cognate,5077,,HS94
0.4381047470257575,-0.5918511152267456,1.4078313201764057,0.2657220289114974,1.3379128306182662,GSE335494,CD27,cognate,84177,17.0,
0.4381047470257575,-0.5918511152267456,1.4078313201764057,0.2657220289114974,1.3379128306182662,GSE335494,CD27,noncognate,84177,17.0,
0.4339779589231166,-1.420931339263916,1.5405671176521616,0.30592719532642293,1.1199738525146234,GSE335494,CD27,cognate,5577,,HS10
0.3727458676722903,-0.3359938859939575,1.2563513567825892,0.2755203097000729,1.0854016712005756,GSE335494,CD27,cognate,5436,,HS12
0.5980592593833444,-0.6872749328613281,1.6140687512168697,0.29665504755492594,1.6906469758950127,GSE335494,CD27,cognate,4385,,HS16
0.4029567137415647,-0.4987581968307495,1.2516792461983899,0.2677671267536005,1.2828477839054406,GSE335494,CD27,cognate,6170,,HS22
0.38200030848796246,-0.8575458526611328,1.496138290658581,0.20635320624944414,1.4696227116441518,GSE335494,CD27,cognate,4705,,HS24
0.48356727914274983,-0.7477127313613892,1.3672431280535722,0.3133434121495842,1.2826216605912173,GSE335494,CD27,cognate,5100,,HS28
0.4358528328526265,-0.5128132104873657,1.3840968746034537,0.2564832002640728,1.431206115616709,GSE335494,CD27,cognate,5338,,HS30
0.4070712539414734,-0.5857288837432861,1.3519368617929375,0.22272022212307843,1.5575199693459423,GSE335494,CD27,cognate,4821,,HS32
0.3631884936589405,-0.5789998769760132,1.2970823099287738,0.2413859443839356,1.2255768835995928,GSE335494,CD27,cognate,4619,,HS46
0.45033122729929603,-0.7059770822525024,1.427541654550253,0.25742056738772184,1.4929472979822058,GSE335494,CD27,cognate,4185,,HS47
0.5072794589140921,-0.6107057332992554,1.5184805014786893,0.2357620810102761,1.8134868633189622,GSE335494,CD27,cognate,4761,,HS6
0.365871231973575,-0.3438992500305176,1.2485593122846526,0.24192018986264355,1.3223017639114212,GSE335494,CD27,cognate,5350,,HS68
0.35024221728244925,-1.0845143795013428,1.4669590033723074,0.2271210473136199,1.3538685625044018,GSE335494,CD27,cognate,4783,,HS75
0.5174634692326989,-0.665326714515686,1.6898137231452623,0.26498804948951554,1.5361121232086627,GSE335494,CD27,cognate,4613,,HS86
0.4081494127576225,-0.4567950963973999,1.2752878518633228,0.32763415608284435,0.9363376683304296,GSE335494,CD27,cognate,5422,,HS88
0.44478299544628835,-0.3728621006011963,1.387775158447415,0.25593459923489525,1.4843530719310372,GSE335494,CD27,cognate,3835,,HS93
0.40490410295250334,-0.4348311424255371,1.3708704579127562,0.30479460330770053,1.0304877936649308,GSE335494,CD27,cognate,5077,,HS94
-0.14380693204669115,-3.1119956970214844,0.7511228262707494,0.01802550640226896,-7.4379896019478275,GSE335494,CD183 (CXCR3),cognate,84177,17.0,
0.024696262664238834,-1.2058584690093994,0.4801686442917167,0.020652240757369312,1.1649405639637935,GSE335494,CD183 (CXCR3),noncognate,84177,17.0,
-0.15977331730645505,-4.700430870056152,0.7969789998124921,0.022014837408427124,-6.698879865778635,GSE335494,CD183 (CXCR3),cognate,5577,,HS10
-0.12703707758747523,-2.0970547199249268,0.7341175033729579,0.01566031957652944,-7.6459039912772475,GSE335494,CD183 (CXCR3),cognate,5436,,HS12
-0.1684590707938297,-3.595609188079834,0.7221621499591263,0.014633399210404067,-12.102543123490143,GSE335494,CD183 (CXCR3),cognate,4385,,HS16
-0.15790988140559922,-2.8414435386657715,0.7155296911880807,0.0166420172760652,-9.069834312441946,GSE335494,CD183 (CXCR3),cognate,6170,,HS22
-0.2500751703889478,-3.741149425506592,0.8308532327228554,0.022945251705983837,-9.982244785139086,GSE335494,CD183 (CXCR3),cognate,4705,,HS24
-0.09932668909041084,-2.591975212097168,0.7904477565350602,0.013408433291283384,-6.748374752013175,GSE335494,CD183 (CXCR3),cognate,5100,,HS28
-0.2001354811809421,-3.6330924034118652,0.8313821400754627,0.012767423862300729,-16.283130549878944,GSE335494,CD183 (CXCR3),cognate,5338,,HS30
-0.12680904272672164,-2.1766855716705322,0.7578727462259386,0.015920977580250784,-6.105797714302561,GSE335494,CD183 (CXCR3),cognate,4821,,HS32
-0.18361792952048656,-2.6994216442108154,0.6930317494205296,0.021060193130047603,-7.555738128860272,GSE335494,CD183 (CXCR3),cognate,4619,,HS46
-0.18118426870323018,-4.55155611038208,0.9119493233797483,0.011874945186123094,-14.768393719771648,GSE335494,CD183 (CXCR3),cognate,4185,,HS47
-0.1100104929674608,-3.6516013145446777,0.7239634470221591,0.017975817345553563,-6.313001311442332,GSE335494,CD183 (CXCR3),cognate,4761,,HS6
-0.1503772050038963,-2.530494213104248,0.6930432095783873,0.017180681802205593,-8.677634848238382,GSE335494,CD183 (CXCR3),cognate,5350,,HS68
-0.07209536287850295,-4.646125793457031,0.7409211850149935,0.021347784463176048,-3.66244261908505,GSE335494,CD183 (CXCR3),cognate,4783,,HS75
-0.12311224664857678,-4.060110092163086,0.6899889195976124,0.024168092390031762,-4.762254288658657,GSE335494,CD183 (CXCR3),cognate,4613,,HS86
-0.15433118171475776,-2.2190134525299072,0.6479614072686743,0.016949691614322474,-8.723268482120798,GSE335494,CD183 (CXCR3),cognate,5422,,HS88
-0.10298777699499134,-4.3992815017700195,0.7534146460251585,0.013084862315752786,-7.576363272067318,GSE335494,CD183 (CXCR3),cognate,3835,,HS93
-0.1181378870084331,-3.8330531120300293,0.7212989225935098,0.0300173792699083,-4.032204672175354,GSE335494,CD183 (CXCR3),cognate,5077,,HS94
-0.03254487086308348,-3.2936530113220215,0.669913066661526,0.019957721511239403,-1.3476503334476493,GSE335494,CD154,cognate,84177,17.0,
0.04991973368617147,-5.699484348297119,0.9587499328076117,0.01741932224701469,2.4706072388714064,GSE335494,CD154,noncognate,84177,17.0,
-0.04431292051439749,-3.0482778549194336,0.6517235325939849,0.017211154048322005,-2.7193835457508846,GSE335494,CD154,cognate,5577,,HS10
-0.03664277053573412,-2.240534782409668,0.6664220515140893,0.01769455575809078,-1.1778871027071054,GSE335494,CD154,cognate,5436,,HS12
-0.07445258408771283,-3.793543815612793,0.6434229251346556,0.025757326524546254,-1.988824135914368,GSE335494,CD154,cognate,4385,,HS16
0.017149701425225396,-3.638434410095215,0.7053076035139888,0.020680607010349808,0.34288526203382375,GSE335494,CD154,cognate,6170,,HS22
-0.014695647742705301,-4.233155250549316,0.6700655502308264,0.018378738175408593,-0.37343441107695863,GSE335494,CD154,cognate,4705,,HS24
-0.02766734168395657,-2.315016984939575,0.6598303402317872,0.022700115068387258,-0.3944157089119173,GSE335494,CD154,cognate,5100,,HS28
-0.04587070269507576,-3.658320426940918,0.6695997614844158,0.019837290387747543,-2.4867284587351572,GSE335494,CD154,cognate,5338,,HS30
-0.011866722093927778,-1.9839036464691162,0.6625792150102773,0.015391356390510794,-0.2551564415691057,GSE335494,CD154,cognate,4821,,HS32
-0.013723239420457998,-3.04689884185791,0.6675801401571057,0.018617030502066045,-0.3335051669707658,GSE335494,CD154,cognate,4619,,HS46
-0.06141013652352053,-4.618269443511963,0.6946571776601697,0.025534501134816437,-2.0202987338695713,GSE335494,CD154,cognate,4185,,HS47
-0.03469215737452454,-3.585388660430908,0.6588043500640265,0.01685784456083926,-2.190610709626295,GSE335494,CD154,cognate,4761,,HS6
-0.033548767633458036,-3.1881017684936523,0.6690772601677234,0.018155441405940925,-1.899043274670002,GSE335494,CD154,cognate,5350,,HS68
-0.04367398380945965,-3.1237287521362305,0.6521606873729586,0.016175224957259374,-2.9028308763899986,GSE335494,CD154,cognate,4783,,HS75
-0.040179870282382284,-4.500820159912109,0.6622744104185831,0.02113989310323319,-2.0777583583573245,GSE335494,CD154,cognate,4613,,HS86
-0.033000135992125396,-3.380941867828369,0.6711164228630522,0.022845783349080124,-1.0945163492992374,GSE335494,CD154,cognate,5422,,HS88
-0.040794071740989146,-5.0058488845825195,0.7047559683751016,0.02345275754772953,-1.556860498993126,GSE335494,CD154,cognate,3835,,HS93
-0.024112422126285435,-4.238027572631836,0.67643150841108,0.022003889170721987,-1.277808868712002,GSE335494,CD154,cognate,5077,,HS94
0.17332664712789428,-3.813479423522949,1.0392099146853804,0.026639793747175365,6.716150971361526,GSE335494,CD141 (Thrombomodulin),cognate,84177,17.0,
0.15410828686652694,-0.18862581253051758,1.0226640180812923,0.013452227429136201,9.715290830386278,GSE335494,CD141 (Thrombomodulin),noncognate,84177,17.0,
0.14620400696414163,-4.969602584838867,1.0485975413395303,0.03509838095575379,5.420092243753408,GSE335494,CD141 (Thrombomodulin),cognate,5577,,HS10
0.1396036450914465,-2.9784300327301025,0.9899202710134839,0.01645623483349944,9.151036361621701,GSE335494,CD141 (Thrombomodulin),cognate,5436,,HS12
0.1777552904350509,-4.083999156951904,1.140507051823216,0.03048484554872148,6.85093244393577,GSE335494,CD141 (Thrombomodulin),cognate,4385,,HS16
0.1893772871000772,-3.8429689407348633,1.0099733828823705,0.027775320522103256,7.838856730640266,GSE335494,CD141 (Thrombomodulin),cognate,6170,,HS22
0.21621232500976695,-3.6819944381713867,1.076242434201469,0.027346626753859765,8.158265307010149,GSE335494,CD141 (Thrombomodulin),cognate,4705,,HS24
0.13249201241224884,-3.172287940979004,0.9968798060286376,0.015672762601220306,12.219393161030842,GSE335494,CD141 (Thrombomodulin),cognate,5100,,HS28
0.17688941714227854,-4.319091796875,0.9963062433714355,0.02877490989770953,5.210550257784285,GSE335494,CD141 (Thrombomodulin),cognate,5338,,HS30
0.18583733523637755,-2.903482437133789,0.9672808119913646,0.03510333151648157,3.9976548414217388,GSE335494,CD141 (Thrombomodulin),cognate,4821,,HS32
0.1818447989338586,-3.475724220275879,1.0052209698503751,0.026320262649202425,6.701436082077448,GSE335494,CD141 (Thrombomodulin),cognate,4619,,HS46
0.13387822305670674,-4.249660968780518,1.0185338545778155,0.014696853450729215,10.592792954940483,GSE335494,CD141 (Thrombomodulin),cognate,4185,,HS47
0.14372028973545123,-4.42877197265625,1.0679548707742463,0.018325644726871777,11.320274857795448,GSE335494,CD141 (Thrombomodulin),cognate,4761,,HS6
0.18255024954359286,-3.652940273284912,1.029981584476913,0.022366754199658105,8.051659555417158,GSE335494,CD141 (Thrombomodulin),cognate,5350,,HS68
0.16771549901387958,-5.065187454223633,1.1189196836200237,0.02824990673975567,5.37921782219993,GSE335494,CD141 (Thrombomodulin),cognate,4783,,HS75
0.2234590219066384,-3.9098424911499023,1.1859995246519581,0.03673509086756374,6.315944541435728,GSE335494,CD141 (Thrombomodulin),cognate,4613,,HS86
0.14597968144087015,-3.6578369140625,0.9957127758828984,0.02179159638580678,5.992106669929212,GSE335494,CD141 (Thrombomodulin),cognate,5422,,HS88
0.17256844648808842,-4.975685119628906,1.0268428727346506,0.029581066516133993,5.25081248761365,GSE335494,CD141 (Thrombomodulin),cognate,3835,,HS93
0.19515377061588585,-3.9318432807922363,1.0035236386535629,0.026603135939149106,7.945075786212856,GSE335494,CD141 (Thrombomodulin),cognate,5077,,HS94
0.6214074710242043,-0.8368815183639526,0.9953244997555772,0.42266238506867776,1.5829862032891622,GSE335494,CD161,cognate,84177,17.0,
-0.1919673895136001,-0.2305525541305542,1.0813533160291409,0.3184199093766519,-0.5586215806709003,GSE335494,CD161,noncognate,84177,17.0,
0.6859785650055144,-0.8864532709121704,0.9746936769280574,0.5123496805301808,1.2957308500353986,GSE335494,CD161,cognate,5577,,HS10
0.5782446280888668,-0.8473517894744873,1.0039461476750835,0.3636412053127392,1.7708302959536657,GSE335494,CD161,cognate,5436,,HS12
0.6653873064365042,-0.9573705196380615,1.0509217462598155,0.3780293997642039,1.82146950794426,GSE335494,CD161,cognate,4385,,HS16
0.6031474535163418,-0.680368185043335,1.007199359649988,0.4671331254881321,1.514387818357413,GSE335494,CD161,cognate,6170,,HS22
0.7243201640748362,-0.7594375610351562,1.103118825144141,0.4334876127782312,1.7093206607841416,GSE335494,CD161,cognate,4705,,HS24
0.6141505640626167,-0.9334787130355835,1.0136896914641824,0.40349212357971387,1.6024174796698405,GSE335494,CD161,cognate,5100,,HS28
0.6340098300865824,-0.8235410451889038,0.9761675531933548,0.43411271919969824,1.5341205429166633,GSE335494,CD161,cognate,5338,,HS30
0.6024495296663553,-0.9776293039321899,1.0364120064099218,0.3798880189767639,1.6444353929150615,GSE335494,CD161,cognate,4821,,HS32
0.5481971634191354,-1.2680952548980713,0.9452835583000194,0.33667460926571985,1.682894016941372,GSE335494,CD161,cognate,4619,,HS46
0.7030898056946049,-0.7149868011474609,1.0205110832782514,0.47262012081723964,1.4809302699377418,GSE335494,CD161,cognate,4185,,HS47
0.6498183682643621,-0.6645337343215942,0.9848557766508822,0.4510175908187459,1.562781089565442,GSE335494,CD161,cognate,4761,,HS6
0.5512407313229725,-0.7754652500152588,0.9482706931924009,0.38091995033407244,1.697677563555935,GSE335494,CD161,cognate,5350,,HS68
0.5376939089999379,-1.0224831104278564,0.9141256196489272,0.41930122775356204,1.4770412308057645,GSE335494,CD161,cognate,4783,,HS75
0.5668387840948373,-0.823196291923523,0.9215655696555181,0.4711823304759362,1.4514034779243015,GSE335494,CD161,cognate,4613,,HS86
0.5948293306459805,-0.922683596611023,0.9997043470589057,0.3406224663383401,1.8344838146069415,GSE335494,CD161,cognate,5422,,HS88
0.6122372728286579,-0.7188032865524292,1.0069416630732098,0.43203091435900876,1.6241091404739905,GSE335494,CD161,cognate,3835,,HS93
0.6092288692636265,-0.9235122203826904,1.0066731244526395,0.42317256544549053,1.609220373307615,GSE335494,CD161,cognate,5077,,HS94
0.19278552685761,-4.697616100311279,1.4715954428027536,0.07086620505982484,1.244048128409391,GSE335494,CD69,cognate,84177,17.0,
-0.1457641350751784,-4.29103422164917,1.8051131766176212,0.055673285619040426,-3.7369872929149164,GSE335494,CD69,noncognate,84177,17.0,
0.2594522335050136,-3.000216484069824,1.3497536964372954,0.08548017032483302,1.5770986692134468,GSE335494,CD69,cognate,5577,,HS10
0.1500212316315009,-5.81087589263916,1.501868355966922,0.0612684432501239,1.3070971592752514,GSE335494,CD69,cognate,5436,,HS12
0.21398297328131105,-6.285524845123291,1.5179537942712085,0.04815717754058157,2.8535644764132053,GSE335494,CD69,cognate,4385,,HS16
0.3095121225183585,-4.591753005981445,1.4595647880442504,0.08962809415364285,1.9718023286114443,GSE335494,CD69,cognate,6170,,HS22
0.17840827459748493,-3.8482141494750977,1.433413127777632,0.05128154712228717,2.31133007669899,GSE335494,CD69,cognate,4705,,HS24
0.21714288933821746,-5.76008939743042,1.5012270359185524,0.05311295778669533,3.016090934279275,GSE335494,CD69,cognate,5100,,HS28
0.14191629422691374,-5.469738960266113,1.5169638786164619,0.05255371685496749,1.7742987571068196,GSE335494,CD69,cognate,5338,,HS30
0.10946610512825804,-5.130160331726074,1.4609021677242795,0.10795335161608167,-0.06615929121327332,GSE335494,CD69,cognate,4821,,HS32
0.17630172048398093,-4.434074878692627,1.4836855441637797,0.07228574571817802,1.4022150474928115,GSE335494,CD69,cognate,4619,,HS46
0.13593031491113505,-5.379119396209717,1.5309880869555785,0.07586339176628785,0.7644524242468321,GSE335494,CD69,cognate,4185,,HS47
0.23100722993148176,-4.353931903839111,1.4237009418130482,0.0630772050486137,1.4446666215110515,GSE335494,CD69,cognate,4761,,HS6
0.15978439766071775,-6.097021102905273,1.5293233779033328,0.049959123156502444,2.123646906739361,GSE335494,CD69,cognate,5350,,HS68
0.20005185560837366,-3.284379482269287,1.3101040451576695,0.05526118085641957,2.20555175203238,GSE335494,CD69,cognate,4783,,HS75
0.24719287693213618,-4.0134992599487305,1.447286052276556,0.07989460555383782,1.046065690543693,GSE335494,CD69,cognate,4613,,HS86
0.1967228240878446,-5.0423054695129395,1.4826491110114546,0.08566207279051727,0.5598040271113401,GSE335494,CD69,cognate,5422,,HS88
0.2035466882278196,-5.986849308013916,1.5335213300616422,0.07497295423023578,1.4287870787065216,GSE335494,CD69,cognate,3835,,HS93
0.08722062308864352,-4.840062618255615,1.5335298809601754,0.04761749612428221,-0.11806725910924934,GSE335494,CD69,cognate,5077,,HS94
0.7109607478131135,-0.58637535572052,0.7917871174448685,0.3977254766394679,1.5587726093660732,GSE335494,CD127 (IL-7Rα),cognate,84177,17.0,
0.07441654294255762,-3.9986915588378906,1.1917763057147759,0.4690534019257599,0.07634448600194656,GSE335494,CD127 (IL-7Rα),noncognate,84177,17.0,
0.5753572050422338,-0.4635763168334961,0.6254481854418482,0.3775056974067417,1.4289867950138646,GSE335494,CD127 (IL-7Rα),cognate,5577,,HS10
0.6850852300072907,-0.595240592956543,0.8565183845413075,0.3757528074047068,1.578489073185929,GSE335494,CD127 (IL-7Rα),cognate,5436,,HS12
0.7799429675733243,-0.3414880037307739,0.7915514979330182,0.4214245993793386,1.6382302936119435,GSE335494,CD127 (IL-7Rα),cognate,4385,,HS16
0.6789036808319763,-0.8848564624786377,0.7959249105906898,0.44798479727784624,1.3284550440731937,GSE335494,CD127 (IL-7Rα),cognate,6170,,HS22
0.7603736467696474,-0.3482745885848999,0.7832399202678981,0.4471117357844043,1.487869928458796,GSE335494,CD127 (IL-7Rα),cognate,4705,,HS24
0.729824155509318,-0.6651945114135742,0.856269914158821,0.4196290223395389,1.5008333837351417,GSE335494,CD127 (IL-7Rα),cognate,5100,,HS28
0.7073856824526624,-0.7124357223510742,0.7973573758057877,0.36698477721745637,1.6628778667655948,GSE335494,CD127 (IL-7Rα),cognate,5338,,HS30
0.6751304503257963,-0.3859117031097412,0.764194085583616,0.33438185791546915,1.7992943961957144,GSE335494,CD127 (IL-7Rα),cognate,4821,,HS32
0.6455799955461405,-0.5733705759048462,0.7081679590566108,0.4077193538667425,1.3801948154090338,GSE335494,CD127 (IL-7Rα),cognate,4619,,HS46
0.7694933651031731,-0.32542121410369873,0.73778206232115,0.5007324991031525,1.380893888512839,GSE335494,CD127 (IL-7Rα),cognate,4185,,HS47
0.7294178357040093,-0.7046855688095093,0.8276949791671526,0.3280205747615894,1.9656113527041927,GSE335494,CD127 (IL-7Rα),cognate,4761,,HS6
0.6690391464344553,-0.729283332824707,0.7623247132736236,0.42095779867904376,1.377410759691181,GSE335494,CD127 (IL-7Rα),cognate,5350,,HS68
0.6465484172676633,-0.8503537178039551,0.7408662378994328,0.37010465216045696,1.529607837425575,GSE335494,CD127 (IL-7Rα),cognate,4783,,HS75
0.7241018616963802,-0.5057421922683716,0.783248177086407,0.40866844313661993,1.64766372793788,GSE335494,CD127 (IL-7Rα),cognate,4613,,HS86
0.6925752036543941,-0.7786771059036255,0.8131582088271678,0.39072080311950597,1.518343132655387,GSE335494,CD127 (IL-7Rα),cognate,5422,,HS88
0.744379000575694,-1.1128716468811035,0.9416022195677254,0.3879865532207769,1.6501694557292257,GSE335494,CD127 (IL-7Rα),cognate,3835,,HS93
0.7298895959798151,-0.6434861421585083,0.85442406955053,0.3213323880442846,1.9783118972379805,GSE335494,CD127 (IL-7Rα),cognate,5077,,HS94
-0.0025449419036275432,-0.10753178596496582,0.47915186720950703,0.006753720836606448,-0.38646100537132,GSE335494,CD274 (B7-H1; PD-L1),cognate,84177,17.0,
0.003982883169982185,-1.180208683013916,1.3191869328272114,0.003441762414490688,1.1303649365753154,GSE335494,CD274 (B7-H1; PD-L1),noncognate,84177,17.0,
0.012346671286741042,-0.1849668025970459,0.5039366779455524,0.006299520401647446,1.4132607192778115,GSE335494,CD274 (B7-H1; PD-L1),cognate,5577,,HS10
0.008455474844802583,-0.06677615642547607,0.49595791917095805,0.006470535822898254,1.5465719356276788,GSE335494,CD274 (B7-H1; PD-L1),cognate,5436,,HS12
-0.0012454360286047704,-0.04918503761291504,0.4434938436928127,0.005922641019478822,-1.5469929735501093,GSE335494,CD274 (B7-H1; PD-L1),cognate,4385,,HS16
0.002208199209863863,-0.13212764263153076,0.4801687373912553,0.007349189397030744,-0.5999740518730307,GSE335494,CD274 (B7-H1; PD-L1),cognate,6170,,HS22
-0.007008457925384072,-0.06511127948760986,0.45488223988557175,0.006803393862047529,-0.981249767485443,GSE335494,CD274 (B7-H1; PD-L1),cognate,4705,,HS24
0.006786433515408264,-0.10428428649902344,0.4971590393859044,0.006444695250573036,0.6526609151537679,GSE335494,CD274 (B7-H1; PD-L1),cognate,5100,,HS28
0.001157674853837824,-0.06360960006713867,0.4755607300644083,0.00827083993907444,-0.24995409081937706,GSE335494,CD274 (B7-H1; PD-L1),cognate,5338,,HS30
0.0060820145726399304,-0.1198967695236206,0.4897893580365126,0.006272298739127142,1.1415501293547712,GSE335494,CD274 (B7-H1; PD-L1),cognate,4821,,HS32
-0.0035898439414797233,-0.09113776683807373,0.4795871959031387,0.00396177350612931,-0.5428977801981146,GSE335494,CD274 (B7-H1; PD-L1),cognate,4619,,HS46
-0.013053967533040984,-0.09441936016082764,0.46730628210004704,0.007659939274479519,-1.777266318918555,GSE335494,CD274 (B7-H1; PD-L1),cognate,4185,,HS47
-0.019887963975017558,-0.10491502285003662,0.47479512853505546,0.004384265526995864,-4.8332083322296535,GSE335494,CD274 (B7-H1; PD-L1),cognate,4761,,HS6
-0.022091246447988936,-0.08310258388519287,0.4783295405826775,0.0064777067352299374,-3.0008109338834603,GSE335494,CD274 (B7-H1; PD-L1),cognate,5350,,HS68
-0.00039377464350883574,-0.231634259223938,0.5044419450068952,0.006282368069074479,2.9563122774496358,GSE335494,CD274 (B7-H1; PD-L1),cognate,4783,,HS75
0.003886880943662758,-0.11701202392578125,0.44998521515612083,0.010998616653627351,0.1395061489141663,GSE335494,CD274 (B7-H1; PD-L1),cognate,4613,,HS86
-0.010884464812602267,-0.09953892230987549,0.48415177339057475,0.0055488718370919395,-1.4690261775485471,GSE335494,CD274 (B7-H1; PD-L1),cognate,5422,,HS88
-0.03134193885897697,-0.10894834995269775,0.4579460248771911,0.006113704812000777,-5.463758445591739,GSE335494,CD274 (B7-H1; PD-L1),cognate,3835,,HS93
-0.003043636510295071,-0.18470799922943115,0.48405964645519883,0.007567360336556374,-0.14908991637072533,GSE335494,CD274 (B7-H1; PD-L1),cognate,5077,,HS94
0.33703238601228425,-0.7624436616897583,1.2941217726817642,0.444000383992056,0.8389083096351253,GSE335494,CD33,cognate,84177,17.0,
-0.10868350932547466,-0.46346187591552734,0.8884128402631376,0.5893546720645211,-0.1667423255500576,GSE335494,CD33,noncognate,84177,17.0,
0.25893927050635535,-5.247631549835205,1.4380167985818315,0.8645608211851479,0.2818858699276546,GSE335494,CD33,cognate,5577,,HS10
0.3729127567131525,-0.8282817602157593,1.154065155679068,0.544070103996459,0.750943867253084,GSE335494,CD33,cognate,5436,,HS12
0.39894962420972135,-0.3128923177719116,1.4062616559711163,0.39905058191754167,1.0665213088108096,GSE335494,CD33,cognate,4385,,HS16
0.17553309988467977,-5.299494743347168,1.295677919461791,0.714149486625096,0.23056207011540739,GSE335494,CD33,cognate,6170,,HS22
0.33930336754508594,-0.6441396474838257,1.3897437828955606,0.35906949845764047,1.0821182642637546,GSE335494,CD33,cognate,4705,,HS24
0.332384400387607,-1.1497199535369873,1.14580150328844,0.49937693900942987,0.7067667664323498,GSE335494,CD33,cognate,5100,,HS28
0.36794288009639475,-0.46094024181365967,1.3085676959276655,0.42285592424461477,0.9686210814412985,GSE335494,CD33,cognate,5338,,HS30
0.33842816739452564,-1.1728336811065674,1.159435986254096,0.5254672546277611,0.7464217669584312,GSE335494,CD33,cognate,4821,,HS32
0.3018446658143096,-0.40124988555908203,1.249380864353357,0.3296627675252413,1.0758377343302576,GSE335494,CD33,cognate,4619,,HS46
0.294284764463571,-1.4973657131195068,1.4375903888977628,0.39238289120297415,0.9275045487263635,GSE335494,CD33,cognate,4185,,HS47
0.38613879781155097,-0.17273330688476562,1.2651977288785674,0.40005665521488165,1.026327698360577,GSE335494,CD33,cognate,4761,,HS6
0.3978040278335347,-0.5457627773284912,1.19501421828171,0.4903810103182414,0.9011913075005593,GSE335494,CD33,cognate,5350,,HS68
0.34517047404515944,-0.40465009212493896,1.2529237409585843,0.4611231743266707,0.7703191510072365,GSE335494,CD33,cognate,4783,,HS75
0.3164314218987226,-0.45020008087158203,1.3256605732922984,0.34749318092625914,0.9506188213038858,GSE335494,CD33,cognate,4613,,HS86
0.39861109106464104,-0.37041735649108887,1.2295136635429498,0.45912779462965747,0.9926975515408006,GSE335494,CD33,cognate,5422,,HS88
0.3320902959639299,-1.4326388835906982,1.397200138220028,0.40852454995840465,0.9558121845121338,GSE335494,CD33,cognate,3835,,HS93
0.3570062815045284,-0.6996434926986694,1.3571109552864482,0.4146363871229582,1.0314586146299427,GSE335494,CD33,cognate,5077,,HS94
0.5283688767902234,-0.38848936557769775,1.4472479980054258,0.1162318195274169,4.583491933012138,GSE335494,CD11c,cognate,84177,17.0,
0.007135943824662618,-4.474372863769531,0.6878963974943905,0.4855577136472794,0.019407913091875343,GSE335494,CD11c,noncognate,84177,17.0,
0.5421266457382892,-0.5621581077575684,1.4359002541245411,0.13395914671640716,4.045910789694542,GSE335494,CD11c,cognate,5577,,HS10
0.5373081275577088,-0.4429957866668701,1.3805471712126896,0.1237068238087666,4.721016636955218,GSE335494,CD11c,cognate,5436,,HS12
0.5019169684075342,-0.15498089790344238,1.4880935670752453,0.10343473367424967,4.5339051804242825,GSE335494,CD11c,cognate,4385,,HS16
0.5827038204961317,-0.28819000720977783,1.4181419245793108,0.1355847659016804,4.2498701328121555,GSE335494,CD11c,cognate,6170,,HS22
0.5616088497106225,-0.48248791694641113,1.521180971032329,0.11976974068388647,4.8316091855987935,GSE335494,CD11c,cognate,4705,,HS24
0.44990698203411966,-0.7094402313232422,1.3803276538254543,0.10068264121001523,4.715807038953452,GSE335494,CD11c,cognate,5100,,HS28
0.5309437766544636,-0.5175508260726929,1.492121829839718,0.11060581605060688,4.970746616763759,GSE335494,CD11c,cognate,5338,,HS30
0.5354492579967055,-0.5120749473571777,1.325007111152424,0.1489475299429518,3.776170399119699,GSE335494,CD11c,cognate,4821,,HS32
0.5004122905603688,-0.459417462348938,1.4027414422108155,0.1083982150258187,4.658232589358435,GSE335494,CD11c,cognate,4619,,HS46
0.5280786338676695,-0.6571415662765503,1.5898804906400426,0.11881262696236056,4.898273157846901,GSE335494,CD11c,cognate,4185,,HS47
0.473018321920052,-0.19425511360168457,1.3764442315102656,0.09697019830412273,4.685165130432703,GSE335494,CD11c,cognate,4761,,HS6
0.5195509482009423,-0.2975442409515381,1.4213715385064083,0.10544751953265691,5.166120942352301,GSE335494,CD11c,cognate,5350,,HS68
0.5682239645720956,-0.36422181129455566,1.4449352700014,0.12583013147679134,4.390321641593532,GSE335494,CD11c,cognate,4783,,HS75
0.5415056803722762,-0.08983516693115234,1.4496137795243902,0.11216542160434172,4.421233011593282,GSE335494,CD11c,cognate,4613,,HS86
0.5041643305975541,-0.3474160432815552,1.4187998792307877,0.10505690749967474,5.004652772444026,GSE335494,CD11c,cognate,5422,,HS88
0.5055653145816003,-0.5845074653625488,1.5837594094783483,0.10458953886455087,5.033486799069259,GSE335494,CD11c,cognate,3835,,HS93
0.5160158482759095,-0.517900824546814,1.516131758769247,0.11726910569727872,4.793481841106466,GSE335494,CD11c,cognate,5077,,HS94
0.0025925748286961597,-0.4123101234436035,1.1362946233600533,0.07890445923799039,0.023697785936014258,GSE335494,CD45RA,cognate,84177,17.0,
-0.03211608084279914,-0.1594841480255127,1.565579621957503,0.051890121025598646,-1.1517995519248287,GSE335494,CD45RA,noncognate,84177,17.0,
-0.02746219552231825,-0.7757967710494995,1.1512513235873587,0.09423570384013658,-0.37897706898163236,GSE335494,CD45RA,cognate,5577,,HS10
-0.06461257330795506,-0.2877693176269531,1.0258932571097323,0.08327756026408974,-0.752801904145302,GSE335494,CD45RA,cognate,5436,,HS12
0.038257832994386,-0.6484102010726929,1.2614580481497675,0.09357987191626449,0.5513222410376245,GSE335494,CD45RA,cognate,4385,,HS16
-0.030953138132722373,-0.3455692529678345,1.0154144655771757,0.08122707120263573,-0.3891334789648925,GSE335494,CD45RA,cognate,6170,,HS22
0.024388455224980995,-0.5794925689697266,1.3256787379054713,0.05998123833488068,0.3026542906122678,GSE335494,CD45RA,cognate,4705,,HS24
0.001070110176514122,-0.03461146354675293,0.9374620112033839,0.08188734964934294,0.2947801882452206,GSE335494,CD45RA,cognate,5100,,HS28
-0.04383839242495728,-0.37352561950683594,1.0827650756138731,0.07820443776493703,-0.6542314984231161,GSE335494,CD45RA,cognate,5338,,HS30
0.02700599858450176,-0.38296830654144287,1.0871452915016877,0.07380618671189276,0.18919497826807286,GSE335494,CD45RA,cognate,4821,,HS32
0.022382854911913917,-0.5977165699005127,1.1596856495362682,0.060088263535452886,0.12760427972815294,GSE335494,CD45RA,cognate,4619,,HS46
0.049454333474098874,-0.5033613443374634,1.2179840321833055,0.07393019085632134,0.68701234573828,GSE335494,CD45RA,cognate,4185,,HS47
0.007583201916576256,-0.3973407745361328,1.182954521169205,0.0758676409643144,0.056438237154531494,GSE335494,CD45RA,cognate,4761,,HS6
-0.07489089860230305,-0.9314618110656738,1.286425766423271,0.07653806950911823,-1.2832500246994711,GSE335494,CD45RA,cognate,5350,,HS68
0.03309183586140089,-0.1052098274230957,0.883957044960274,0.08265371161976708,0.8032260514235686,GSE335494,CD45RA,cognate,4783,,HS75
0.10528578778917219,-0.5099703073501587,1.2566062877494681,0.08721851305603055,0.8022470189629847,GSE335494,CD45RA,cognate,4613,,HS86
-0.09556565126362257,-0.41439104080200195,1.0265033025525867,0.08599175790064953,-1.10134143214569,GSE335494,CD45RA,cognate,5422,,HS88
0.0357327037399391,-0.4585535526275635,1.2019622435423787,0.06920778537961479,0.44050966579819345,GSE335494,CD45RA,cognate,3835,,HS93
-0.02884926482319313,-0.5056006908416748,1.2003991595634256,0.07997004466309902,-0.4533529268790721,GSE335494,CD45RA,cognate,5077,,HS94
0.2596058623488154,-0.15740728378295898,0.9611704784284875,0.12161714631449921,2.065288942209158,GSE335494,CD244 (2B4),cognate,84177,17.0,
-0.01416502104847453,-3.43222713470459,1.2308591193147742,0.1858466620538166,-0.09103633315054381,GSE335494,CD244 (2B4),noncognate,84177,17.0,
0.30618280245976864,-0.33309006690979004,1.0475916900200304,0.14849116435045878,1.9031291916610202,GSE335494,CD244 (2B4),cognate,5577,,HS10
0.25681625758814075,-0.06248128414154053,0.938589988308502,0.11136883777059976,2.2890355142769643,GSE335494,CD244 (2B4),cognate,5436,,HS12
0.30340173189438546,-0.32601892948150635,1.1444835978408006,0.14766252115197226,1.899272399116118,GSE335494,CD244 (2B4),cognate,4385,,HS16
0.2179149237442116,-0.09756076335906982,0.885606681779657,0.11574327356750089,1.8542182662235671,GSE335494,CD244 (2B4),cognate,6170,,HS22
0.2654856678106158,-0.16321122646331787,0.9638298050608451,0.11310926678655751,2.2375374051503845,GSE335494,CD244 (2B4),cognate,4705,,HS24
0.2708705519960232,-0.0878458023071289,0.9204862446790673,0.12989045785044417,2.0382885806930813,GSE335494,CD244 (2B4),cognate,5100,,HS28
0.2429779776839754,-0.1332857608795166,0.9074637407882971,0.11419095852652497,2.0382289379555925,GSE335494,CD244 (2B4),cognate,5338,,HS30
0.2106237053807516,-0.1262129545211792,0.8474481916205417,0.13428074549006233,1.4661306972053205,GSE335494,CD244 (2B4),cognate,4821,,HS32
0.21267218157300638,-0.14484786987304688,0.9004239223057852,0.09763658268906117,2.102547529410524,GSE335494,CD244 (2B4),cognate,4619,,HS46
0.3103829253496816,-0.13977980613708496,0.9643424890344854,0.12601225090763654,2.4371358251353277,GSE335494,CD244 (2B4),cognate,4185,,HS47
0.2585123035139036,-0.29550373554229736,1.0630585380470052,0.12511928356280322,2.0005594503158775,GSE335494,CD244 (2B4),cognate,4761,,HS6
0.23720536125149394,-0.0351642370223999,0.8950999422053955,0.1025369215410689,2.3153078766942246,GSE335494,CD244 (2B4),cognate,5350,,HS68
0.2052436086775533,-0.371112585067749,0.9621044609511191,0.11539273739020826,1.6865874973036517,GSE335494,CD244 (2B4),cognate,4783,,HS75
0.23652745517558124,-0.38953065872192383,1.068177704646382,0.1381140711551574,1.651655949661783,GSE335494,CD244 (2B4),cognate,4613,,HS86
0.2780692147604154,-0.06588482856750488,0.9338352736891437,0.11954157866959565,2.2726105638508773,GSE335494,CD244 (2B4),cognate,5422,,HS88
0.24778222354716797,-0.08385169506072998,0.9447171251583912,0.09769505520129687,2.649941637685431,GSE335494,CD244 (2B4),cognate,3835,,HS93
0.23625645474549267,-0.1927245855331421,0.9497177633350877,0.1187326473530897,1.9688702324968803,GSE335494,CD244 (2B4),cognate,5077,,HS94
0.1203107535530269,-0.8577930927276611,0.9187654649639608,0.10306423585090269,1.085962144064498,GSE335494,CD226 (DNAM-1),cognate,84177,17.0,
0.050344078682071025,-0.6327499151229858,0.5206776926822447,0.1704923202179736,0.269393125305915,GSE335494,CD226 (DNAM-1),noncognate,84177,17.0,
0.08388715794265571,-1.0875003337860107,1.1287030099780817,0.08992124472408206,0.8091647558088774,GSE335494,CD226 (DNAM-1),cognate,5577,,HS10
0.15955588255838285,-0.41960597038269043,0.7698953996554825,0.10226520319835174,1.4330121982584927,GSE335494,CD226 (DNAM-1),cognate,5436,,HS12
0.18106852507346952,-0.8116773366928101,0.8378171377256404,0.12438017579484677,1.402433079196836,GSE335494,CD226 (DNAM-1),cognate,4385,,HS16
0.06064147472227723,-1.1204864978790283,0.9683015769953534,0.10225376497721876,0.6296786062504591,GSE335494,CD226 (DNAM-1),cognate,6170,,HS22
0.09702557339149222,-0.9323008060455322,0.9491230794785953,0.09326483817962102,1.009111770231377,GSE335494,CD226 (DNAM-1),cognate,4705,,HS24
0.14453726068591619,-0.731508731842041,0.8772938157883187,0.11152791828797252,1.2001154413918091,GSE335494,CD226 (DNAM-1),cognate,5100,,HS28
0.14007355163825866,-1.0452561378479004,0.9430523169275729,0.0998836731814325,1.2848815445492336,GSE335494,CD226 (DNAM-1),cognate,5338,,HS30
0.10412322397645776,-0.7258005142211914,0.8785282254534547,0.11386189984452313,0.9588153504268518,GSE335494,CD226 (DNAM-1),cognate,4821,,HS32
0.08018268690448563,-1.1839673519134521,0.9911254545286043,0.09264364697841873,0.8407119316415829,GSE335494,CD226 (DNAM-1),cognate,4619,,HS46
0.12159679951908005,-0.5984243154525757,0.8554712234530987,0.1104327648962578,1.0214309651107027,GSE335494,CD226 (DNAM-1),cognate,4185,,HS47
0.1008281413948277,-0.9507579803466797,0.9526838626272848,0.09277666542522821,1.0755586025996762,GSE335494,CD226 (DNAM-1),cognate,4761,,HS6
0.13081909995922417,-0.7625583410263062,0.8711494462207715,0.08913429512569966,1.3866962112478796,GSE335494,CD226 (DNAM-1),cognate,5350,,HS68
0.0536022587396055,-1.679147481918335,1.0310905795706888,0.10238541719200316,0.4313932560255758,GSE335494,CD226 (DNAM-1),cognate,4783,,HS75
0.18673968623080867,-0.7852053642272949,0.8862825909044172,0.12344413706357348,1.3978395010014966,GSE335494,CD226 (DNAM-1),cognate,4613,,HS86
0.1328574819347464,-0.9480715990066528,0.9319904558282471,0.11061276986412398,1.1554618799619374,GSE335494,CD226 (DNAM-1),cognate,5422,,HS88
0.13905322667644568,-0.4449472427368164,0.7449628637646085,0.10793187827062108,1.2359749092385919,GSE335494,CD226 (DNAM-1),cognate,3835,,HS93
0.1551654603492262,-0.9335815906524658,0.8544479271461282,0.11433635187191846,1.2707998474977231,GSE335494,CD226 (DNAM-1),cognate,5077,,HS94
0.3553242536041074,-0.4775804281234741,0.8272564850083515,0.39705311523513964,0.8348213706111302,GSE335494,CD28,cognate,84177,17.0,
-0.11654960112105676,-0.5554413795471191,0.8356741731108984,0.403276609750348,-0.2556649449991975,GSE335494,CD28,noncognate,84177,17.0,
0.36177439393989497,-0.20736455917358398,0.6704953244449502,0.40809921993131176,0.8451345291671954,GSE335494,CD28,cognate,5577,,HS10
0.33396376204284556,-0.5773499011993408,0.8518604142415984,0.41348916989446577,0.7309109739831885,GSE335494,CD28,cognate,5436,,HS12
0.38427092121816026,-0.2314385175704956,0.7717365866664117,0.38047263072900245,0.9704712921082957,GSE335494,CD28,cognate,4385,,HS16
0.3845572289444249,-0.7900108098983765,0.905967602632654,0.4779241861256503,0.7305734298160378,GSE335494,CD28,cognate,6170,,HS22
0.3709233321763835,-0.4547576904296875,0.8396978916991727,0.416792528575669,0.8142683788645577,GSE335494,CD28,cognate,4705,,HS24
0.36078318623856964,-0.49013376235961914,0.84638097084834,0.42595914224135595,0.7855297322973374,GSE335494,CD28,cognate,5100,,HS28
0.34614192293809654,-0.5754175186157227,0.8607660306290341,0.3678006446283635,0.8775735235375718,GSE335494,CD28,cognate,5338,,HS30
0.31015152449760075,-0.38423824310302734,0.7791603752807006,0.35214097260136135,0.8204168366399917,GSE335494,CD28,cognate,4821,,HS32
0.31429966484530697,-0.6505634784698486,0.8776761411287566,0.34537453547386093,0.862022983552767,GSE335494,CD28,cognate,4619,,HS46
0.424780521851566,-0.3417569398880005,0.7550533837272598,0.49709867928596546,0.7821644582960052,GSE335494,CD28,cognate,4185,,HS47
0.3318261592826164,-0.4936157464981079,0.8460766185600626,0.3180301302876909,1.0167684846598153,GSE335494,CD28,cognate,4761,,HS6
0.3117102657394831,-0.6786686182022095,0.8068988746875382,0.4360140180055399,0.6928586674722584,GSE335494,CD28,cognate,5350,,HS68
0.29501086486501976,-0.44066357612609863,0.7848928208895569,0.33922559513338263,0.8106547572937832,GSE335494,CD28,cognate,4783,,HS75
0.43913239994092207,-0.12056410312652588,0.7687076479402697,0.4058625132446306,1.063965090821699,GSE335494,CD28,cognate,4613,,HS86
0.30517329567797724,-0.7570143938064575,0.879523302273768,0.38379366311886887,0.7548831294243511,GSE335494,CD28,cognate,5422,,HS88
0.3378196094907862,-0.8172154426574707,0.8830820532937051,0.41086498557345896,0.759638984077573,GSE335494,CD28,cognate,3835,,HS93
0.3461768480323583,-0.5074223279953003,0.8802138371643504,0.3665076256307926,0.8931082243028735,GSE335494,CD28,cognate,5077,,HS94
0.07599751962507231,-13.25877571105957,1.63657788237211,0.2565507206255119,0.30616193910026834,GSE335494,CD45,cognate,84177,17.0,
0.0025925748286961597,-0.8614249229431152,1.30451379407708,0.11629013878352003,0.016079291222152584,GSE335494,CD45,noncognate,84177,17.0,
0.07624632489900275,-17.394277572631836,1.8823605070067273,0.27338134637975403,0.27510373526621434,GSE335494,CD45,cognate,5577,,HS10
0.04791710209386214,-13.013585090637207,1.6238934343871607,0.25578174239764656,0.20373667887013924,GSE335494,CD45,cognate,5436,,HS12
0.09253040977172784,-14.115853309631348,1.567606934302417,0.3360804002791896,0.304235952628864,GSE335494,CD45,cognate,4385,,HS16
0.025268456922462358,-13.506858825683594,1.6914474799436834,0.23597208442586162,0.1629957755778148,GSE335494,CD45,cognate,6170,,HS22
0.046236587663520325,-13.36884593963623,1.576802747887782,0.22416605464236108,0.17469740124792105,GSE335494,CD45,cognate,4705,,HS24
0.08526136731732716,-13.111143112182617,1.7425871249601215,0.239778248804986,0.4145603000975657,GSE335494,CD45,cognate,5100,,HS28
0.05455546569013386,-12.902478218078613,1.5614666382728017,0.25427401656681575,0.29383462389928383,GSE335494,CD45,cognate,5338,,HS30
0.07810617738286933,-13.425680160522461,1.6075315565509147,0.23758783260912578,0.2769012161286805,GSE335494,CD45,cognate,4821,,HS32
0.09003941787234113,-13.390268325805664,1.5998642267793908,0.19265162468687666,0.36053602107702354,GSE335494,CD45,cognate,4619,,HS46
0.04540184108459967,-13.939127922058105,1.6100101884081213,0.2598406045676406,0.1258419317938711,GSE335494,CD45,cognate,4185,,HS47
0.09718886924944242,-11.58427906036377,1.6376946573819129,0.2423795795066884,0.3838593487055312,GSE335494,CD45,cognate,4761,,HS6
0.028219375274454183,-16.38084602355957,1.5867089711220854,0.2743460141142805,0.1544341693701446,GSE335494,CD45,cognate,5350,,HS68
0.07230976496004682,-15.433101654052734,1.7959173553117598,0.23119896914949115,0.274240488665877,GSE335494,CD45,cognate,4783,,HS75
0.1867044893628771,-12.064784049987793,1.5602781902371017,0.30451882403218355,0.537507248919592,GSE335494,CD45,cognate,4613,,HS86
-0.005807235246086914,-17.01610565185547,1.6174239570867026,0.2870651003073379,0.03102072845871689,GSE335494,CD45,cognate,5422,,HS88
0.1271497349430062,-15.232776641845703,1.4961288089479017,0.2733715314458673,0.43923319349192075,GSE335494,CD45,cognate,3835,,HS93
0.07954724832287532,-13.746247291564941,1.5336824676146317,0.28869861776846123,0.32762874737416847,GSE335494,CD45,cognate,5077,,HS94
0.262611704287201,0.0017267465591430664,0.8394289278614196,0.1668059668879082,1.6863356553141617,GSE335494,CD38,cognate,84177,17.0,
-0.021480551081622785,-3.576706886291504,1.1402089130816713,0.2629437864032285,-0.0977147594328802,GSE335494,CD38,noncognate,84177,17.0,
0.3063273749312238,0.008795440196990967,0.7863376137416305,0.1944231315200003,1.612680984505893,GSE335494,CD38,cognate,5577,,HS10
0.2984561949831772,0.011953234672546387,0.860903196118741,0.15228848110451113,2.1577607687768583,GSE335494,CD38,cognate,5436,,HS12
0.3191191285636239,0.07595956325531006,0.8619126047363678,0.20389555724211567,1.530294238823553,GSE335494,CD38,cognate,4385,,HS16
0.23521130499625095,-0.06399023532867432,0.828446092075384,0.1523395102468106,1.7320090660022833,GSE335494,CD38,cognate,6170,,HS22
0.28950753879864427,0.01227635145187378,0.8842621101065663,0.15013457498127936,2.1120256429192215,GSE335494,CD38,cognate,4705,,HS24
0.2610290004036126,-0.31111085414886475,0.9007226493149387,0.13947551988681484,2.1569315663003166,GSE335494,CD38,cognate,5100,,HS28
0.24662867174790573,-0.027117609977722168,0.8702382218666027,0.12427614253106191,2.2179820496107667,GSE335494,CD38,cognate,5338,,HS30
0.18246668009829872,-0.055544257164001465,0.8158567486663835,0.12890665754846464,1.5662860663143274,GSE335494,CD38,cognate,4821,,HS32
0.25478115708988536,-0.0027103424072265625,0.8447523873852278,0.13675725050599055,1.924380446015746,GSE335494,CD38,cognate,4619,,HS46
0.27817002757342196,-0.2219245433807373,0.9146448872098377,0.15144448089467596,1.9751130383776394,GSE335494,CD38,cognate,4185,,HS47
0.28072854065637187,0.06205183267593384,0.8182556159400469,0.1587156133846043,1.8461119656379814,GSE335494,CD38,cognate,4761,,HS6
0.1990575730938636,0.0032752156257629395,0.7844580587355975,0.13106486620118538,1.8931619579441439,GSE335494,CD38,cognate,5350,,HS68
0.20832863221762987,-0.37542879581451416,0.8776727455277322,0.12856400040014387,2.043652879714827,GSE335494,CD38,cognate,4783,,HS75
0.22930976304742984,0.05883389711380005,0.8122192044324544,0.19873812475625147,1.3033607827843068,GSE335494,CD38,cognate,4613,,HS86
0.2671923029885607,0.06490027904510498,0.7875182649219981,0.21496344589942615,1.2392908959124849,GSE335494,CD38,cognate,5422,,HS88
0.26553902141819846,-0.008495926856994629,0.8551141012473357,0.14306556923316643,2.100572947433802,GSE335494,CD38,cognate,3835,,HS93
0.29818682551032966,0.08654069900512695,0.782079637613915,0.2770887033573195,1.165592513975119,GSE335494,CD38,cognate,5077,,HS94
0.32930425317364886,-0.03132188320159912,1.3399612775588166,0.1969126310430455,1.2162122720279935,GSE335494,CD4,cognate,84177,17.0,
0.08378322009148682,-0.10632288455963135,0.7559112609876341,0.361525415491306,0.116590198388698,GSE335494,CD4,noncognate,84177,17.0,
0.38102217294967944,-0.24104321002960205,1.3550818163111387,0.21271097897734384,1.2773223883176847,GSE335494,CD4,cognate,5577,,HS10
0.2898510677571732,-0.04028594493865967,1.3432902059581524,0.19055958851530772,1.1203194231770228,GSE335494,CD4,cognate,5436,,HS12
0.4005471145245802,-0.03391313552856445,1.3999691040172133,0.22907193020978073,1.2053944525091231,GSE335494,CD4,cognate,4385,,HS16
0.28357302774938553,-0.007132291793823242,1.2795390358530883,0.21605364117935086,0.8934877230104288,GSE335494,CD4,cognate,6170,,HS22
0.3314414175879294,-0.009114265441894531,1.398554280269314,0.1692268064364711,1.5138956928439955,GSE335494,CD4,cognate,4705,,HS24
0.30580474191754586,0.010827481746673584,1.319766456505738,0.18207576429982492,1.2485950970724256,GSE335494,CD4,cognate,5100,,HS28
0.3401999990124272,-0.030977487564086914,1.3585007147058792,0.20394353538792412,1.2338342100344022,GSE335494,CD4,cognate,5338,,HS30
0.33604477702414226,-0.08151078224182129,1.3854143482083685,0.17551391835649927,1.3768961377975644,GSE335494,CD4,cognate,4821,,HS32
0.31741748350377524,-0.024285197257995605,1.3199829502883054,0.16070722006967153,1.5521950688286241,GSE335494,CD4,cognate,4619,,HS46
0.40304184393248244,-0.06676852703094482,1.4420234991955074,0.1575103907190417,2.115482835328316,GSE335494,CD4,cognate,4185,,HS47
0.359635379219704,-0.12104368209838867,1.3041932774633018,0.20102094666714282,1.2823981976440058,GSE335494,CD4,cognate,4761,,HS6
0.2738045386532433,-0.036837220191955566,1.282148092967347,0.22640407026722845,0.854148294224542,GSE335494,CD4,cognate,5350,,HS68
0.27758072445908466,-0.12277698516845703,1.2144360609502975,0.2296279043837083,0.913870998059406,GSE335494,CD4,cognate,4783,,HS75
0.3614663555402092,-0.033762216567993164,1.3290690040384388,0.20483860421435807,1.2972071563056322,GSE335494,CD4,cognate,4613,,HS86
0.23561806952649456,0.012249231338500977,1.2976687656375487,0.20500222132464355,0.7781995728275,GSE335494,CD4,cognate,5422,,HS88
0.3658867486712741,0.035906195640563965,1.3764803027272425,0.18039831684341132,1.6123936797290932,GSE335494,CD4,cognate,3835,,HS93
0.32728664098136917,0.015335440635681152,1.4006984484103677,0.19571664011357096,1.2513152192996473,GSE335494,CD4,cognate,5077,,HS94
0.40743711169195934,-0.45773303508758545,0.9474867415192504,0.7577437683075642,0.7256827594297922,GSE335494,CD20,cognate,84177,17.0,
-0.14384237548126996,-0.4598804712295532,1.2975549868506775,0.5537189821186302,-0.19833527026850287,GSE335494,CD20,noncognate,84177,17.0,
0.6070068965074797,0.07074236869812012,0.9933940129873254,0.8452002638882286,0.7723364350249771,GSE335494,CD20,cognate,5577,,HS10
0.36304520856622724,-0.2175835371017456,0.8372703692924801,0.48105002667273306,1.1655722504106758,GSE335494,CD20,cognate,5436,,HS12
0.3569872118546632,-1.035902738571167,0.9975642999083466,0.8141810070543044,0.692170400430313,GSE335494,CD20,cognate,4385,,HS16
0.3186467575131213,-0.8315221071243286,0.9213855219814532,0.6514852075445466,0.7342818517771381,GSE335494,CD20,cognate,6170,,HS22
0.3590058122878438,-0.7494704723358154,0.9445550579544446,0.6287924769689931,0.8009263833391489,GSE335494,CD20,cognate,4705,,HS24
0.4424995177062819,-0.2474273443222046,0.8802695657472714,0.8759461777707799,0.7084619602241764,GSE335494,CD20,cognate,5100,,HS28
0.45143143241209005,-0.6137841939926147,1.014679571413879,0.9840324993020865,0.5507814583319796,GSE335494,CD20,cognate,5338,,HS30
0.3340115261391016,-0.31994128227233887,0.837289910511973,0.4934483300385648,1.1073572533543175,GSE335494,CD20,cognate,4821,,HS32
0.3703588723778112,-0.5726397037506104,0.9166680718902452,0.6535688631943862,0.8143808704938955,GSE335494,CD20,cognate,4619,,HS46
0.5951462047575333,-0.02969181537628174,0.9638922010768546,0.7582681085917825,0.8156361935023699,GSE335494,CD20,cognate,4185,,HS47
0.35423312124865786,-0.3837125301361084,0.9413988421769941,0.6324339614505113,0.8195822644229825,GSE335494,CD20,cognate,4761,,HS6
0.3634507109045111,-0.3228909969329834,0.9347643675678116,0.48346028827105936,1.085765459885148,GSE335494,CD20,cognate,5350,,HS68
0.38849188256417627,-0.4843611717224121,0.8923784696290042,0.6611261382483424,0.8265759441337435,GSE335494,CD20,cognate,4783,,HS75
0.3490374716370524,-1.0666415691375732,1.0506232047079838,0.9592019990151076,0.5919827574586102,GSE335494,CD20,cognate,4613,,HS86
0.27337882311406303,-1.3667583465576172,1.0100428423906882,0.9536757072543647,0.4283963083434298,GSE335494,CD20,cognate,5422,,HS88
0.47053495144398166,-0.39358294010162354,0.9702685360001654,0.8317124992077249,0.7494536476084875,GSE335494,CD20,cognate,3835,,HS93
0.31334773760468093,-0.9776517152786255,0.9845082329095356,0.8902788058480554,0.584599319928086,GSE335494,CD20,cognate,5077,,HS94
0.2135376116580016,-2.7990128993988037,0.9875476813574924,0.12479049670588531,1.7298080094174442,GSE335494,TIGIT (VSTM3),cognate,84177,17.0,
-0.07725942665418546,-9.866622924804688,1.5614246482685161,0.1334843873801416,-0.5028362454141061,GSE335494,TIGIT (VSTM3),noncognate,84177,17.0,
0.19809776920609404,-3.131089687347412,1.028249537105442,0.16521715912486226,1.1649465659759806,GSE335494,TIGIT (VSTM3),cognate,5577,,HS10
0.18172689469437878,-2.7408671379089355,0.9821834085192954,0.10038294155690197,1.9229709432201365,GSE335494,TIGIT (VSTM3),cognate,5436,,HS12
0.29765082519841585,-2.915480613708496,0.9914062908824915,0.1588126948059673,2.0798257241025624,GSE335494,TIGIT (VSTM3),cognate,4385,,HS16
0.17110679509158733,-2.823820114135742,0.9219653521728174,0.10800768080886257,1.572543387462645,GSE335494,TIGIT (VSTM3),cognate,6170,,HS22
0.20488527969624265,-3.095916271209717,0.9659475892600469,0.1198724198854389,1.6992375493675418,GSE335494,TIGIT (VSTM3),cognate,4705,,HS24
0.1947167068692389,-2.8794922828674316,0.9938869789772833,0.14670398787880076,1.3516660874747286,GSE335494,TIGIT (VSTM3),cognate,5100,,HS28
0.1895616756854928,-2.6939616203308105,0.9537402809217815,0.09964148163647393,1.845258900812069,GSE335494,TIGIT (VSTM3),cognate,5338,,HS30
0.19510915446016366,-2.942600727081299,1.108283190680493,0.10113900966267406,1.8354319806953299,GSE335494,TIGIT (VSTM3),cognate,4821,,HS32
0.1515083689560974,-2.6514289379119873,0.9633058964035134,0.08763049339135379,1.690939959529589,GSE335494,TIGIT (VSTM3),cognate,4619,,HS46
0.2507314234361726,-3.0099377632141113,1.0082421976208968,0.14532641112900382,1.7589483797602414,GSE335494,TIGIT (VSTM3),cognate,4185,,HS47
0.23410042796316385,-2.783987045288086,0.9638005845268585,0.11017775734806502,2.243296363784117,GSE335494,TIGIT (VSTM3),cognate,4761,,HS6
0.17327398132408872,-2.6676151752471924,0.9243645108900059,0.10748650973915515,1.6348992510362494,GSE335494,TIGIT (VSTM3),cognate,5350,,HS68
0.21855894710409438,-2.60064697265625,1.0811482486366475,0.09686080436001349,2.171134345493569,GSE335494,TIGIT (VSTM3),cognate,4783,,HS75
0.3049454413083531,-2.90264892578125,1.015154626935143,0.16460509921250782,1.8731918750254921,GSE335494,TIGIT (VSTM3),cognate,4613,,HS86
0.18816205777546652,-2.5411033630371094,0.9400996087440185,0.12858378564114464,1.5847406896576142,GSE335494,TIGIT (VSTM3),cognate,5422,,HS88
0.19248871054221686,-3.117584705352783,0.95344766251941,0.11098817890970544,1.7219178231092311,GSE335494,TIGIT (VSTM3),cognate,3835,,HS93
0.24394407712846994,-2.8453283309936523,0.9959888477811787,0.1409793037123878,1.6885046987532693,GSE335494,TIGIT (VSTM3),cognate,5077,,HS94
0.12944430835351803,-1.1558427810668945,0.8137413592253362,0.06804163795135734,2.521121740252015,GSE335494,CD25,cognate,84177,17.0,
-0.061127666767588025,-0.18417835235595703,0.7811946467817293,0.05252933702402425,-1.0928509156694963,GSE335494,CD25,noncognate,84177,17.0,
0.12155261019739333,-1.0774970054626465,0.7675303669988842,0.08340295278053939,1.9774271807622046,GSE335494,CD25,cognate,5577,,HS10
0.1291682965967119,-0.9441055059432983,0.7848331298960175,0.05281588238545622,3.0686936285146196,GSE335494,CD25,cognate,5436,,HS12
0.16523508533298026,-1.4467904567718506,0.8663761020158598,0.07824731600584177,2.6772537639057,GSE335494,CD25,cognate,4385,,HS16
0.13085867417457797,-0.9648981094360352,0.7944340439169745,0.06482448267354171,2.598699004883369,GSE335494,CD25,cognate,6170,,HS22
0.17112043837469468,-1.0726633071899414,0.8062868982196105,0.06653441687433383,3.7712964709547117,GSE335494,CD25,cognate,4705,,HS24
0.09810494359398209,-1.0015957355499268,0.7648996303512073,0.0695848170182291,1.8317520725820629,GSE335494,CD25,cognate,5100,,HS28
0.13304804366230663,-1.1476752758026123,0.8289615076973698,0.05847155087806407,3.218422475446633,GSE335494,CD25,cognate,5338,,HS30
0.10843095862356583,-1.1131856441497803,0.7971227672079638,0.07523455649258524,1.5842555985018967,GSE335494,CD25,cognate,4821,,HS32
0.11643865573118367,-1.2550454139709473,0.8209274167072184,0.05781606397547222,2.6420982875435985,GSE335494,CD25,cognate,4619,,HS46
0.13672183945177394,-1.066540002822876,0.7996471655133326,0.06734152632771727,2.69692814526956,GSE335494,CD25,cognate,4185,,HS47
0.07832891886045258,-1.5363922119140625,0.837680247823529,0.04168874653705475,2.5941276475185466,GSE335494,CD25,cognate,4761,,HS6
0.1029981166772638,-1.352513074874878,0.8452976655627971,0.0627843395983174,2.243991916711681,GSE335494,CD25,cognate,5350,,HS68
0.12137837336390574,-1.0066375732421875,0.7555382413571033,0.05378279188022612,2.4109645446837087,GSE335494,CD25,cognate,4783,,HS75
0.1834031675762176,-1.3351662158966064,0.8575351787947147,0.11431008121221391,2.3002566669026288,GSE335494,CD25,cognate,4613,,HS86
0.14177921324080453,-1.1750614643096924,0.847887069285561,0.058484910541165454,3.3190335614369935,GSE335494,CD25,cognate,5422,,HS88
0.1427818480192436,-1.1664810180664062,0.8259727652934449,0.07504331374312422,2.4341842799511513,GSE335494,CD25,cognate,3835,,HS93
0.10162575028829507,-1.3380954265594482,0.8370632541641418,0.05357216594999238,2.893042858925533,GSE335494,CD25,cognate,5077,,HS94
