source_cohort,held_out_donor,gene,variance_rank_selected
GSE199219,CID3838,ISG15,True
GSE199219,CID3838,TNFRSF18,True
GSE199219,CID3838,TNFRSF4,True
GSE199219,CID3838,RPL22,True
GSE199219,CID3838,PARK7,True
GSE199219,CID3838,ENO1,True
GSE199219,CID3838,TNFRSF1B,True
GSE199219,CID3838,PRDM2,True
GSE199219,CID3838,CAPZB,True
GSE199219,CID3838,MINOS1,True
GSE199219,CID3838,HP1BP3,True
GSE199219,CID3838,CDC42,True
GSE199219,CID3838,ID3,True
GSE199219,CID3838,RPL11,True
GSE199219,CID3838,PITHD1,True
GSE199219,CID3838,SRSF10,True
GSE199219,CID3838,RCAN3,True
GSE199219,CID3838,SRRM1,True
GSE199219,CID3838,RUNX3,True
GSE199219,CID3838,SYF2,True
GSE199219,CID3838,RSRP1,True
GSE199219,CID3838,TMEM50A,True
GSE199219,CID3838,STMN1,True
GSE199219,CID3838,SH3BGRL3,True
GSE199219,CID3838,CD52,True
GSE199219,CID3838,HMGN2,True
GSE199219,CID3838,IFI6,True
GSE199219,CID3838,ATP5IF1,True
GSE199219,CID3838,SNHG12,True
GSE199219,CID3838,LAPTM5,True
GSE199219,CID3838,PTP4A2,True
GSE199219,CID3838,LCK,True
GSE199219,CID3838,MARCKSL1,True
GSE199219,CID3838,SFPQ,True
GSE199219,CID3838,NDUFS5,True
GSE199219,CID3838,MACF1,True
GSE199219,CID3838,CAP1,True
GSE199219,CID3838,SMAP2,True
GSE199219,CID3838,YBX1,True
GSE199219,CID3838,RPS8,True
GSE199219,CID3838,PLK3,True
GSE199219,CID3838,PRDX1,True
GSE199219,CID3838,NASP,True
GSE199219,CID3838,UQCRH,True
GSE199219,CID3838,TMEM59,True
GSE199219,CID3838,DHCR24,False
GSE199219,CID3838,JUN,True
GSE199219,CID3838,JAK1,True
GSE199219,CID3838,PDE4B,True
GSE199219,CID3838,SERBP1,True
GSE199219,CID3838,GADD45A,True
GSE199219,CID3838,SRSF11,True
GSE199219,CID3838,IFI44L,True
GSE199219,CID3838,GNG5,True
GSE199219,CID3838,ODF2L,True
GSE199219,CID3838,GTF2B,True
GSE199219,CID3838,GBP2,True
GSE199219,CID3838,GBP5,True
GSE199219,CID3838,RPL5,True
GSE199219,CID3838,DNTTIP2,True
GSE199219,CID3838,PRPF38B,True
GSE199219,CID3838,CD53,True
GSE199219,CID3838,RAP1A,True
GSE199219,CID3838,CAPZA1,True
GSE199219,CID3838,PTPN22,True
GSE199219,CID3838,BCAS2,True
GSE199219,CID3838,CSDE1,True
GSE199219,CID3838,ATP1A1,True
GSE199219,CID3838,CD2,True
GSE199219,CID3838,TENT5C,True
GSE199219,CID3838,HMGCS2,False
GSE199219,CID3838,RBM8A,True
GSE199219,CID3838,TXNIP,True
GSE199219,CID3838,MRPS21,True
GSE199219,CID3838,MCL1,True
GSE199219,CID3838,ENSA,True
GSE199219,CID3838,S100A10,True
GSE199219,CID3838,S100A11,True
GSE199219,CID3838,S100A6,True
GSE199219,CID3838,S100A4,True
GSE199219,CID3838,JTB,True
GSE199219,CID3838,RPS27,True
GSE199219,CID3838,TPM3,True
GSE199219,CID3838,PBXIP1,True
GSE199219,CID3838,FDPS,False
GSE199219,CID3838,ASH1L,True
GSE199219,CID3838,SSR2,True
GSE199219,CID3838,LMNA,True
GSE199219,CID3838,CCT3,True
GSE199219,CID3838,IFI16,True
GSE199219,CID3838,TAGLN2,True
GSE199219,CID3838,CD48,True
GSE199219,CID3838,TSTD1,True
GSE199219,CID3838,UFC1,True
GSE199219,CID3838,HSPA6,True
GSE199219,CID3838,HSD17B7,False
GSE199219,CID3838,CD247,True
GSE199219,CID3838,XCL2,True
GSE199219,CID3838,XCL1,True
GSE199219,CID3838,PRRC2C,True
GSE199219,CID3838,PRDX6,True
GSE199219,CID3838,CACYBP,True
GSE199219,CID3838,IER5,True
GSE199219,CID3838,ARPC5,True
GSE199219,CID3838,IVNS1ABP,True
GSE199219,CID3838,TPR,True
GSE199219,CID3838,RGS1,True
GSE199219,CID3838,RGS2,True
GSE199219,CID3838,PTPRC,True
GSE199219,CID3838,PTPN7,True
GSE199219,CID3838,BTG2,True
GSE199219,CID3838,NUCKS1,True
GSE199219,CID3838,CD55,True
GSE199219,CID3838,TRAF3IP3,True
GSE199219,CID3838,ATF3,True
GSE199219,CID3838,H3F3A,True
GSE199219,CID3838,ARF1,True
GSE199219,CID3838,GUK1,True
GSE199219,CID3838,TOMM20,True
GSE199219,CID3838,ARID4B,True
GSE199219,CID3838,LYST,True
GSE199219,CID3838,HNRNPU,True
GSE199219,CID3838,RPS7,True
GSE199219,CID3838,ID2,True
GSE199219,CID3838,YWHAQ,True
GSE199219,CID3838,ODC1,True
GSE199219,CID3838,PDIA6,True
GSE199219,CID3838,OST4,True
GSE199219,CID3838,FOSL2,True
GSE199219,CID3838,PPP1CB,True
GSE199219,CID3838,YPEL5,True
GSE199219,CID3838,LBH,True
GSE199219,CID3838,SRSF7,True
GSE199219,CID3838,EML4,True
GSE199219,CID3838,COX7A2L,True
GSE199219,CID3838,ZFP36L2,True
GSE199219,CID3838,CALM2,True
GSE199219,CID3838,EPCAM,False
GSE199219,CID3838,RTN4,True
GSE199219,CID3838,REL,True
GSE199219,CID3838,CCT4,True
GSE199219,CID3838,UGP2,True
GSE199219,CID3838,ACTR2,True
GSE199219,CID3838,AAK1,True
GSE199219,CID3838,PCBP1,True
GSE199219,CID3838,SNRPG,True
GSE199219,CID3838,TMSB10,True
GSE199219,CID3838,MAT2A,True
GSE199219,CID3838,VAMP8,True
GSE199219,CID3838,GNLY,True
GSE199219,CID3838,CD8A,True
GSE199219,CID3838,CD8B,True
GSE199219,CID3838,CYTOR,True
GSE199219,CID3838,IGKC,True
GSE199219,CID3838,DUSP2,True
GSE199219,CID3838,ARID5A,True
GSE199219,CID3838,COX5B,True
GSE199219,CID3838,RPL31,True
GSE199219,CID3838,GCC2,True
GSE199219,CID3838,LIMS1,True
GSE199219,CID3838,ACTR3,True
GSE199219,CID3838,DDX18,True
GSE199219,CID3838,DBI,True
GSE199219,CID3838,GYPC,True
GSE199219,CID3838,MZT2B,True
GSE199219,CID3838,MZT2A,True
GSE199219,CID3838,UBXN4,True
GSE199219,CID3838,CXCR4,True
GSE199219,CID3838,ARHGAP15,True
GSE199219,CID3838,ZEB2,True
GSE199219,CID3838,NR4A2,True
GSE199219,CID3838,CYTIP,True
GSE199219,CID3838,TANK,True
GSE199219,CID3838,PPIG,True
GSE199219,CID3838,WIPF1,True
GSE199219,CID3838,ATP5MC3,True
GSE199219,CID3838,HNRNPA3,True
GSE199219,CID3838,NFE2L2,True
GSE199219,CID3838,ORMDL1,True
GSE199219,CID3838,GLS,True
GSE199219,CID3838,STAT1,True
GSE199219,CID3838,NABP1,True
GSE199219,CID3838,STK17B,True
GSE199219,CID3838,ANKRD44,True
GSE199219,CID3838,SF3B1,True
GSE199219,CID3838,HSPD1,True
GSE199219,CID3838,HSPE1,True
GSE199219,CID3838,BZW1,True
GSE199219,CID3838,CLK1,True
GSE199219,CID3838,CFLAR,True
GSE199219,CID3838,SUMO1,True
GSE199219,CID3838,NOP58,True
GSE199219,CID3838,CTLA4,True
GSE199219,CID3838,ICOS,True
GSE199219,CID3838,EEF1B2,True
GSE199219,CID3838,XRCC5,True
GSE199219,CID3838,RPL37A,True
GSE199219,CID3838,ARPC2,True
GSE199219,CID3838,TUBA4A,True
GSE199219,CID3838,SP100,True
GSE199219,CID3838,ITM2C,True
GSE199219,CID3838,NCL,True
GSE199219,CID3838,ARL4C,True
GSE199219,CID3838,LRRFIP1,True
GSE199219,CID3838,PDCD1,False
GSE199219,CID3838,ARPC4,True
GSE199219,CID3838,BRK1,True
GSE199219,CID3838,RPL32,True
GSE199219,CID3838,ANKRD28,True
GSE199219,CID3838,RPL15,True
GSE199219,CID3838,GOLGA4,True
GSE199219,CID3838,CSRNP1,True
GSE199219,CID3838,RPSA,True
GSE199219,CID3838,EIF1B,True
GSE199219,CID3838,RPL14,True
GSE199219,CID3838,NKTR,True
GSE199219,CID3838,TMA7,True
GSE199219,CID3838,RHOA,True
GSE199219,CID3838,GNAI2,True
GSE199219,CID3838,RPL29,True
GSE199219,CID3838,SPCS1,True
GSE199219,CID3838,SELENOK,True
GSE199219,CID3838,ARF4,True
GSE199219,CID3838,ARL6IP5,True
GSE199219,CID3838,FOXP1,True
GSE199219,CID3838,MTRNR2L12,True
GSE199219,CID3838,CLDND1,True
GSE199219,CID3838,RPL24,True
GSE199219,CID3838,NFKBIZ,True
GSE199219,CID3838,CD47,True
GSE199219,CID3838,TRAT1,True
GSE199219,CID3838,CD96,True
GSE199219,CID3838,TIGIT,True
GSE199219,CID3838,NDUFB4,True
GSE199219,CID3838,HCLS1,True
GSE199219,CID3838,GOLGB1,True
GSE199219,CID3838,CNBP,True
GSE199219,CID3838,H1FX,True
GSE199219,CID3838,CDV3,True
GSE199219,CID3838,ATP1B3,True
GSE199219,CID3838,SERP1,True
GSE199219,CID3838,GPR171,True
GSE199219,CID3838,MBNL1,True
GSE199219,CID3838,DHX36,True
GSE199219,CID3838,TIPARP,True
GSE199219,CID3838,CCNL1,True
GSE199219,CID3838,SEC62,True
GSE199219,CID3838,SKIL,True
GSE199219,CID3838,RPL22L1,True
GSE199219,CID3838,TRA2B,True
GSE199219,CID3838,EIF4A2,True
GSE199219,CID3838,PPP1R2,True
GSE199219,CID3838,RPL35A,True
GSE199219,CID3838,MXD4,True
GSE199219,CID3838,LYAR,True
GSE199219,CID3838,MRFAP1,True
GSE199219,CID3838,BOD1L1,True
GSE199219,CID3838,RBPJ,True
GSE199219,CID3838,RPL9,True
GSE199219,CID3838,RHOH,True
GSE199219,CID3838,OCIAD2,True
GSE199219,CID3838,HOPX,True
GSE199219,CID3838,AREG,True
GSE199219,CID3838,G3BP2,True
GSE199219,CID3838,CCNI,True
GSE199219,CID3838,CXCL13,True
GSE199219,CID3838,CNOT6L,True
GSE199219,CID3838,HNRNPDL,True
GSE199219,CID3838,H2AFZ,True
GSE199219,CID3838,UBE2D3,True
GSE199219,CID3838,RPL34,True
GSE199219,CID3838,SNHG8,True
GSE199219,CID3838,C4orf3,True
GSE199219,CID3838,ANXA5,True
GSE199219,CID3838,RPS3A,True
GSE199219,CID3838,HMGB2,True
GSE199219,CID3838,ANKRD37,True
GSE199219,CID3838,SUB1,True
GSE199219,CID3838,IL7R,True
GSE199219,CID3838,FYB1,True
GSE199219,CID3838,PTGER4,True
GSE199219,CID3838,PRKAA1,False
GSE199219,CID3838,RPL37,True
GSE199219,CID3838,EMB,True
GSE199219,CID3838,PARP8,True
GSE199219,CID3838,GZMK,True
GSE199219,CID3838,GZMA,True
GSE199219,CID3838,GPBP1,True
GSE199219,CID3838,PIK3R1,True
GSE199219,CID3838,BTF3,True
GSE199219,CID3838,NSA2,True
GSE199219,CID3838,TBCA,True
GSE199219,CID3838,RPS23,True
GSE199219,CID3838,COX7C,True
GSE199219,CID3838,CCNH,True
GSE199219,CID3838,CAST,True
GSE199219,CID3838,CHD1,True
GSE199219,CID3838,REEP5,True
GSE199219,CID3838,TNFAIP8,True
GSE199219,CID3838,HINT1,True
GSE199219,CID3838,CDC42SE2,True
GSE199219,CID3838,IRF1,True
GSE199219,CID3838,UQCRQ,True
GSE199219,CID3838,TCF7,True
GSE199219,CID3838,SKP1,True
GSE199219,CID3838,UBE2B,True
GSE199219,CID3838,HNRNPA0,True
GSE199219,CID3838,EGR1,True
GSE199219,CID3838,PAIP2,True
GSE199219,CID3838,UBE2D2,True
GSE199219,CID3838,CD14,False
GSE199219,CID3838,TAF7,True
GSE199219,CID3838,NDFIP1,True
GSE199219,CID3838,NR3C1,True
GSE199219,CID3838,CSNK1A1,True
GSE199219,CID3838,CD74,True
GSE199219,CID3838,RPS14,True
GSE199219,CID3838,ANXA6,True
GSE199219,CID3838,ITK,True
GSE199219,CID3838,NPM1,True
GSE199219,CID3838,DUSP1,True
GSE199219,CID3838,ATP6V0E1,True
GSE199219,CID3838,CREBRF,True
GSE199219,CID3838,HIGD2A,True
GSE199219,CID3838,PRELID1,True
GSE199219,CID3838,HNRNPAB,True
GSE199219,CID3838,HNRNPH1,True
GSE199219,CID3838,SQSTM1,True
GSE199219,CID3838,RACK1,True
GSE199219,CID3838,SERPINB9,True
GSE199219,CID3838,CD83,True
GSE199219,CID3838,MYLIP,True
GSE199219,CID3838,DEK,True
GSE199219,CID3838,C6orf62,True
GSE199219,CID3838,HIST1H4C,True
GSE199219,CID3838,BTN3A2,True
GSE199219,CID3838,HLA-F,True
GSE199219,CID3838,HLA-A,True
GSE199219,CID3838,HLA-E,True
GSE199219,CID3838,PPP1R10,True
GSE199219,CID3838,TUBB,True
GSE199219,CID3838,TNF,True
GSE199219,CID3838,LTB,True
GSE199219,CID3838,CLIC1,True
GSE199219,CID3838,HSPA1A,True
GSE199219,CID3838,HSPA1B,True
GSE199219,CID3838,C6orf48,True
GSE199219,CID3838,NEU1,True
GSE199219,CID3838,GPSM3,True
GSE199219,CID3838,HLA-DRA,True
GSE199219,CID3838,HLA-DRB5,True
GSE199219,CID3838,HLA-DRB1,True
GSE199219,CID3838,HLA-DQB1,True
GSE199219,CID3838,PSMB8,True
GSE199219,CID3838,PSMB9,True
GSE199219,CID3838,TAP1,True
GSE199219,CID3838,BRD2,True
GSE199219,CID3838,HLA-DPA1,True
GSE199219,CID3838,HLA-DPB1,True
GSE199219,CID3838,RPS18,True
GSE199219,CID3838,TAPBP,True
GSE199219,CID3838,CUTA,True
GSE199219,CID3838,RPS10,True
GSE199219,CID3838,RPL10A,True
GSE199219,CID3838,FKBP5,True
GSE199219,CID3838,SRSF3,True
GSE199219,CID3838,HSP90AB1,True
GSE199219,CID3838,EEF1A1,True
GSE199219,CID3838,COX7A2,True
GSE199219,CID3838,ZNF292,True
GSE199219,CID3838,PNRC1,True
GSE199219,CID3838,PNISR,True
GSE199219,CID3838,PRDM1,True
GSE199219,CID3838,SNX3,True
GSE199219,CID3838,CD164,True
GSE199219,CID3838,AMD1,True
GSE199219,CID3838,FYN,True
GSE199219,CID3838,RPS12,True
GSE199219,CID3838,BCLAF1,True
GSE199219,CID3838,TNFAIP3,True
GSE199219,CID3838,ABRACL,True
GSE199219,CID3838,CITED2,True
GSE199219,CID3838,SF3B5,True
GSE199219,CID3838,ARID1B,True
GSE199219,CID3838,DYNLT1,True
GSE199219,CID3838,SYTL3,True
GSE199219,CID3838,EZR,True
GSE199219,CID3838,TAGAP,True
GSE199219,CID3838,SOD2,True
GSE199219,CID3838,WTAP,True
GSE199219,CID3838,TCP1,True
GSE199219,CID3838,MRPL18,True
GSE199219,CID3838,RNASET2,True
GSE199219,CID3838,PSMB1,True
GSE199219,CID3838,ACTB,True
GSE199219,CID3838,RAC1,True
GSE199219,CID3838,NDUFA4,True
GSE199219,CID3838,ARL4A,True
GSE199219,CID3838,TOMM7,True
GSE199219,CID3838,TRA2A,True
GSE199219,CID3838,CYCS,True
GSE199219,CID3838,HNRNPA2B1,True
GSE199219,CID3838,CBX3,True
GSE199219,CID3838,TAX1BP1,True
GSE199219,CID3838,SEPT7,True
GSE199219,CID3838,TRGC2,True
GSE199219,CID3838,STK17A,True
GSE199219,CID3838,PPIA,True
GSE199219,CID3838,H2AFV,True
GSE199219,CID3838,IKZF1,True
GSE199219,CID3838,SEC61G,True
GSE199219,CID3838,EGFR,False
GSE199219,CID3838,CHCHD2,True
GSE199219,CID3838,SBDS,True
GSE199219,CID3838,HSPB1,True
GSE199219,CID3838,AKAP9,True
GSE199219,CID3838,FAM133B,True
GSE199219,CID3838,ARPC1B,True
GSE199219,CID3838,LAMTOR4,True
GSE199219,CID3838,KMT2E,True
GSE199219,CID3838,NAMPT,True
GSE199219,CID3838,HBP1,True
GSE199219,CID3838,DNAJB9,True
GSE199219,CID3838,IFRD1,True
GSE199219,CID3838,LSM8,True
GSE199219,CID3838,AC016831.7,True
GSE199219,CID3838,AC016831.5,True
GSE199219,CID3838,AC058791.1,True
GSE199219,CID3838,ZC3HAV1,True
GSE199219,CID3838,NDUFB2,True
GSE199219,CID3838,SSBP1,True
GSE199219,CID3838,TRBC1,True
GSE199219,CID3838,TRBC2,True
GSE199219,CID3838,GSTK1,True
GSE199219,CID3838,GIMAP7,True
GSE199219,CID3838,GIMAP4,True
GSE199219,CID3838,DNAJB6,True
GSE199219,CID3838,SLC25A6,True
GSE199219,CID3838,CD99,True
GSE199219,CID3838,TMSB4X,True
GSE199219,CID3838,SYAP1,True
GSE199219,CID3838,SH3KBP1,True
GSE199219,CID3838,EIF1AX,True
GSE199219,CID3838,SAT1,True
GSE199219,CID3838,DDX3X,True
GSE199219,CID3838,NDUFB11,True
GSE199219,CID3838,UXT,True
GSE199219,CID3838,RBM3,True
GSE199219,CID3838,PLP2,True
GSE199219,CID3838,TSPYL2,True
GSE199219,CID3838,MSN,True
GSE199219,CID3838,IL2RG,True
GSE199219,CID3838,RPS4X,True
GSE199219,CID3838,XIST,True
GSE199219,CID3838,ATRX,True
GSE199219,CID3838,COX7B,True
GSE199219,CID3838,PGK1,True
GSE199219,CID3838,ITM2A,True
GSE199219,CID3838,SH3BGRL,True
GSE199219,CID3838,RPL36A,True
GSE199219,CID3838,TSC22D3,True
GSE199219,CID3838,SLC25A5,True
GSE199219,CID3838,SEPT6,True
GSE199219,CID3838,RPL39,True
GSE199219,CID3838,NDUFA1,True
GSE199219,CID3838,CD40LG,True
GSE199219,CID3838,RBMX,True
GSE199219,CID3838,IDS,True
GSE199219,CID3838,NSDHL,False
GSE199219,CID3838,SSR4,True
GSE199219,CID3838,FLNA,True
GSE199219,CID3838,G6PD,False
GSE199219,CID3838,PCM1,True
GSE199219,CID3838,DOK2,True
GSE199219,CID3838,DUSP4,True
GSE199219,CID3838,SARAF,True
GSE199219,CID3838,LEPROTL1,True
GSE199219,CID3838,NSD3,True
GSE199219,CID3838,RPS20,True
GSE199219,CID3838,SDCBP,True
GSE199219,CID3838,RPL7,True
GSE199219,CID3838,FABP5,True
GSE199219,CID3838,UQCRB,True
GSE199219,CID3838,MTDH,True
GSE199219,CID3838,RPL30,True
GSE199219,CID3838,COX6C,True
GSE199219,CID3838,POLR2K,True
GSE199219,CID3838,RNF19A,True
GSE199219,CID3838,PABPC1,True
GSE199219,CID3838,YWHAZ,True
GSE199219,CID3838,ZNF706,True
GSE199219,CID3838,EIF3E,True
GSE199219,CID3838,ENY2,True
GSE199219,CID3838,EIF3H,True
GSE199219,CID3838,FAM49B,True
GSE199219,CID3838,SLA,True
GSE199219,CID3838,LY6E,True
GSE199219,CID3838,EEF1D,True
GSE199219,CID3838,VPS28,True
GSE199219,CID3838,RPL8,True
GSE199219,CID3838,VLDLR,False
GSE199219,CID3838,CD274,False
GSE199219,CID3838,PLIN2,True
GSE199219,CID3838,RPS6,True
GSE199219,CID3838,DNAJA1,True
GSE199219,CID3838,ZFAND5,True
GSE199219,CID3838,ANXA1,True
GSE199219,CID3838,OSTF1,True
GSE199219,CID3838,TLE4,True
GSE199219,CID3838,HNRNPK,True
GSE199219,CID3838,CKS2,True
GSE199219,CID3838,ANP32B,True
GSE199219,CID3838,SEC61B,True
GSE199219,CID3838,NR4A3,True
GSE199219,CID3838,TXN,True
GSE199219,CID3838,AKNA,True
GSE199219,CID3838,ATP6V1G1,True
GSE199219,CID3838,RPL35,True
GSE199219,CID3838,HSPA5,True
GSE199219,CID3838,RPL12,True
GSE199219,CID3838,C9orf16,True
GSE199219,CID3838,SPTAN1,True
GSE199219,CID3838,SET,True
GSE199219,CID3838,IER5L,True
GSE199219,CID3838,C9orf78,True
GSE199219,CID3838,FNBP1,True
GSE199219,CID3838,RPL7A,True
GSE199219,CID3838,SNHG7,True
GSE199219,CID3838,PHPT1,True
GSE199219,CID3838,EDF1,True
GSE199219,CID3838,PAXX,True
GSE199219,CID3838,DPP7,True
GSE199219,CID3838,TUBB4B,True
GSE199219,CID3838,IFITM2,True
GSE199219,CID3838,POLR2L,True
GSE199219,CID3838,CTSD,True
GSE199219,CID3838,LSP1,True
GSE199219,CID3838,CD81,True
GSE199219,CID3838,KCNQ1OT1,True
GSE199219,CID3838,NAP1L4,True
GSE199219,CID3838,TRIM22,True
GSE199219,CID3838,EIF3F,True
GSE199219,CID3838,RPL27A,True
GSE199219,CID3838,MTRNR2L8,True
GSE199219,CID3838,EIF4G2,True
GSE199219,CID3838,PSMA1,True
GSE199219,CID3838,C11orf58,True
GSE199219,CID3838,RPS13,True
GSE199219,CID3838,LDHA,True
GSE199219,CID3838,CD44,True
GSE199219,CID3838,CD6,True
GSE199219,CID3838,TMEM258,True
GSE199219,CID3838,FTH1,True
GSE199219,CID3838,AHNAK,True
GSE199219,CID3838,UBXN1,True
GSE199219,CID3838,SLC3A2,True
GSE199219,CID3838,RARRES3,True
GSE199219,CID3838,COX8A,True
GSE199219,CID3838,PPP1R14B,True
GSE199219,CID3838,TRMT112,True
GSE199219,CID3838,PRDX5,True
GSE199219,CID3838,SF1,True
GSE199219,CID3838,NEAT1,True
GSE199219,CID3838,CFL1,True
GSE199219,CID3838,CTSW,True
GSE199219,CID3838,CCDC85B,True
GSE199219,CID3838,DRAP1,True
GSE199219,CID3838,TBC1D10C,True
GSE199219,CID3838,CORO1B,True
GSE199219,CID3838,GSTP1,True
GSE199219,CID3838,DHCR7,False
GSE199219,CID3838,UCP2,True
GSE199219,CID3838,SPCS2,True
GSE199219,CID3838,RPS3,True
GSE199219,CID3838,NDUFC2,True
GSE199219,CID3838,PCF11,True
GSE199219,CID3838,CTSC,True
GSE199219,CID3838,CHORDC1,True
GSE199219,CID3838,TAF1D,True
GSE199219,CID3838,BIRC3,True
GSE199219,CID3838,TMEM123,True
GSE199219,CID3838,CARD16,True
GSE199219,CID3838,ATM,True
GSE199219,CID3838,NCAM1,False
GSE199219,CID3838,PCSK7,True
GSE199219,CID3838,CD3E,True
GSE199219,CID3838,CD3D,True
GSE199219,CID3838,CD3G,True
GSE199219,CID3838,ATP5MG,True
GSE199219,CID3838,KMT2A,True
GSE199219,CID3838,RPS25,True
GSE199219,CID3838,H2AFX,True
GSE199219,CID3838,HSPA8,True
GSE199219,CID3838,ETS1,True
GSE199219,CID3838,IDI1,True
GSE199219,CID3838,KLF6,True
GSE199219,CID3838,CELF2,True
GSE199219,CID3838,OPTN,True
GSE199219,CID3838,FAM107B,True
GSE199219,CID3838,VIM,True
GSE199219,CID3838,YME1L1,True
GSE199219,CID3838,KIF5B,True
GSE199219,CID3838,EPC1,True
GSE199219,CID3838,ITGB1,True
GSE199219,CID3838,CREM,True
GSE199219,CID3838,HNRNPF,True
GSE199219,CID3838,ARID5B,True
GSE199219,CID3838,JMJD1C,True
GSE199219,CID3838,HNRNPH3,True
GSE199219,CID3838,DDX21,True
GSE199219,CID3838,SRGN,True
GSE199219,CID3838,PPA1,True
GSE199219,CID3838,SPOCK2,True
GSE199219,CID3838,ANAPC16,True
GSE199219,CID3838,DDIT4,True
GSE199219,CID3838,VDAC2,True
GSE199219,CID3838,PGAM1,True
GSE199219,CID3838,NDUFB8,True
GSE199219,CID3838,ATP5MD,True
GSE199219,CID3838,DUSP5,True
GSE199219,CID3838,PDCD4,True
GSE199219,CID3838,EIF3A,True
GSE199219,CID3838,RGS10,True
GSE199219,CID3838,BUB3,True
GSE199219,CID3838,WNK1,True
GSE199219,CID3838,CCND2,True
GSE199219,CID3838,CD27,True
GSE199219,CID3838,GAPDH,True
GSE199219,CID3838,PTMS,True
GSE199219,CID3838,CD4,False
GSE199219,CID3838,TPI1,True
GSE199219,CID3838,C12orf57,True
GSE199219,CID3838,SLC2A3,True
GSE199219,CID3838,KLRB1,True
GSE199219,CID3838,CLEC2D,True
GSE199219,CID3838,CD69,True
GSE199219,CID3838,CLEC2B,True
GSE199219,CID3838,GABARAPL1,True
GSE199219,CID3838,KLRD1,True
GSE199219,CID3838,CDKN1B,True
GSE199219,CID3838,ARHGDIB,True
GSE199219,CID3838,LDHB,True
GSE199219,CID3838,FGFR1OP2,True
GSE199219,CID3838,KIAA1551,True
GSE199219,CID3838,SCAF11,True
GSE199219,CID3838,SLC38A1,True
GSE199219,CID3838,SLC38A2,True
GSE199219,CID3838,TUBA1B,True
GSE199219,CID3838,TUBA1A,True
GSE199219,CID3838,TUBA1C,True
GSE199219,CID3838,TMBIM6,True
GSE199219,CID3838,LIMA1,False
GSE199219,CID3838,DAZAP2,True
GSE199219,CID3838,NR4A1,True
GSE199219,CID3838,EIF4B,True
GSE199219,CID3838,PFDN5,True
GSE199219,CID3838,PRR13,True
GSE199219,CID3838,PCBP2,True
GSE199219,CID3838,ATP5MC2,True
GSE199219,CID3838,HNRNPA1,True
GSE199219,CID3838,BLOC1S1,True
GSE199219,CID3838,CD63,True
GSE199219,CID3838,RPS26,True
GSE199219,CID3838,MYL6,True
GSE199219,CID3838,PTGES3,True
GSE199219,CID3838,NACA,True
GSE199219,CID3838,USP15,True
GSE199219,CID3838,IFNG,True
GSE199219,CID3838,RAP1B,True
GSE199219,CID3838,RAB21,True
GSE199219,CID3838,GLIPR1,True
GSE199219,CID3838,PHLDA1,True
GSE199219,CID3838,NAP1L1,True
GSE199219,CID3838,PPP1R12A,True
GSE199219,CID3838,ATP2B1,True
GSE199219,CID3838,BTG1,True
GSE199219,CID3838,SNRPF,True
GSE199219,CID3838,SLC25A3,True
GSE199219,CID3838,HSP90B1,True
GSE199219,CID3838,C12orf75,True
GSE199219,CID3838,ISCU,True
GSE199219,CID3838,ARPC3,True
GSE199219,CID3838,ERP29,True
GSE199219,CID3838,RPL6,True
GSE199219,CID3838,PEBP1,True
GSE199219,CID3838,RPLP0,True
GSE199219,CID3838,COX6A1,True
GSE199219,CID3838,SRSF9,True
GSE199219,CID3838,DYNLL1,True
GSE199219,CID3838,RSRC2,True
GSE199219,CID3838,VPS37B,True
GSE199219,CID3838,ARL6IP4,True
GSE199219,CID3838,RILPL2,True
GSE199219,CID3838,UBC,True
GSE199219,CID3838,RAN,True
GSE199219,CID3838,MPHOSPH8,True
GSE199219,CID3838,SAP18,True
GSE199219,CID3838,RPL21,True
GSE199219,CID3838,GTF3A,True
GSE199219,CID3838,POLR1D,True
GSE199219,CID3838,POMP,True
GSE199219,CID3838,HMGB1,True
GSE199219,CID3838,ALOX5AP,True
GSE199219,CID3838,HSPH1,True
GSE199219,CID3838,N4BP2L2,True
GSE199219,CID3838,ELF1,True
GSE199219,CID3838,RGCC,True
GSE199219,CID3838,LCP1,True
GSE199219,CID3838,ITM2B,True
GSE199219,CID3838,INTS6,True
GSE199219,CID3838,COMMD6,True
GSE199219,CID3838,MYCBP2,True
GSE199219,CID3838,GPR183,True
GSE199219,CID3838,ARGLU1,True
GSE199219,CID3838,PNP,True
GSE199219,CID3838,HNRNPC,True
GSE199219,CID3838,TRAC,True
GSE199219,CID3838,DAD1,True
GSE199219,CID3838,PSME1,True
GSE199219,CID3838,PSME2,True
GSE199219,CID3838,CHMP4A,True
GSE199219,CID3838,NEDD8,True
GSE199219,CID3838,GZMH,True
GSE199219,CID3838,GZMB,True
GSE199219,CID3838,BAZ1A,True
GSE199219,CID3838,FAM177A1,True
GSE199219,CID3838,NFKBIA,True
GSE199219,CID3838,RALGAPA1,True
GSE199219,CID3838,PNN,True
GSE199219,CID3838,RPS29,True
GSE199219,CID3838,RPL36AL,True
GSE199219,CID3838,ARF6,True
GSE199219,CID3838,GNG2,True
GSE199219,CID3838,LGALS3,True
GSE199219,CID3838,KTN1,True
GSE199219,CID3838,SYNE2,True
GSE199219,CID3838,ZFP36L1,True
GSE199219,CID3838,ERH,True
GSE199219,CID3838,SRSF5,True
GSE199219,CID3838,RBM25,True
GSE199219,CID3838,FOS,True
GSE199219,CID3838,BATF,True
GSE199219,CID3838,AHSA1,True
GSE199219,CID3838,CALM1,True
GSE199219,CID3838,DDX24,True
GSE199219,CID3838,PAPOLA,True
GSE199219,CID3838,BCL11B,True
GSE199219,CID3838,EVL,True
GSE199219,CID3838,PPP2R5C,True
GSE199219,CID3838,HSP90AA1,True
GSE199219,CID3838,EIF5,True
GSE199219,CID3838,CRIP1,True
GSE199219,CID3838,SRP14,True
GSE199219,CID3838,PDIA3,True
GSE199219,CID3838,SERF2,True
GSE199219,CID3838,DUT,True
GSE199219,CID3838,EID1,True
GSE199219,CID3838,GABPB1-AS1,True
GSE199219,CID3838,RSL24D1,True
GSE199219,CID3838,SLTM,True
GSE199219,CID3838,ANXA2,True
GSE199219,CID3838,RORA,True
GSE199219,CID3838,RPS27L,True
GSE199219,CID3838,PPIB,True
GSE199219,CID3838,RPL4,True
GSE199219,CID3838,PKM,True
GSE199219,CID3838,ARIH1,True
GSE199219,CID3838,COX5A,True
GSE199219,CID3838,PSTPIP1,True
GSE199219,CID3838,MORF4L1,True
GSE199219,CID3838,RPS17,True
GSE199219,CID3838,SEC11A,True
GSE199219,CID3838,AKAP13,True
GSE199219,CID3838,ISG20,True
GSE199219,CID3838,CIB1,True
GSE199219,CID3838,IQGAP1,True
GSE199219,CID3838,CHD2,True
GSE199219,CID3838,SRRM2,True
GSE199219,CID3838,ELOB,True
GSE199219,CID3838,IL32,True
GSE199219,CID3838,SOCS1,True
GSE199219,CID3838,LITAF,True
GSE199219,CID3838,GSPT1,True
GSE199219,CID3838,RPS15A,True
GSE199219,CID3838,ARL6IP1,True
GSE199219,CID3838,RBBP6,True
GSE199219,CID3838,CD19,False
GSE199219,CID3838,LAT,True
GSE199219,CID3838,ALDOA,True
GSE199219,CID3838,CORO1A,True
GSE199219,CID3838,SEPT1,True
GSE199219,CID3838,FUS,True
GSE199219,CID3838,CYLD,True
GSE199219,CID3838,MT2A,True
GSE199219,CID3838,HERPUD1,True
GSE199219,CID3838,CKLF,True
GSE199219,CID3838,FAM96B,True
GSE199219,CID3838,GABARAPL2,True
GSE199219,CID3838,TERF2IP,True
GSE199219,CID3838,MAF,True
GSE199219,CID3838,CMC2,True
GSE199219,CID3838,COTL1,True
GSE199219,CID3838,COX4I1,True
GSE199219,CID3838,MAP1LC3B,True
GSE199219,CID3838,CYBA,True
GSE199219,CID3838,APRT,True
GSE199219,CID3838,ANKRD11,True
GSE199219,CID3838,TCF25,True
GSE199219,CID3838,ITGAE,False
GSE199219,CID3838,PFN1,True
GSE199219,CID3838,EIF5A,True
GSE199219,CID3838,ACAP1,True
GSE199219,CID3838,POLR2A,True
GSE199219,CID3838,EIF4A1,True
GSE199219,CID3838,KDM6B,True
GSE199219,CID3838,TRAPPC1,True
GSE199219,CID3838,VAMP2,True
GSE199219,CID3838,RPL26,True
GSE199219,CID3838,NCOR1,True
GSE199219,CID3838,UBB,True
GSE199219,CID3838,WSB1,True
GSE199219,CID3838,RPL23A,True
GSE199219,CID3838,NUFIP2,True
GSE199219,CID3838,EVI2B,True
GSE199219,CID3838,ZNF207,True
GSE199219,CID3838,SLFN5,True
GSE199219,CID3838,CCL5,True
GSE199219,CID3838,CCL3,True
GSE199219,CID3838,CCL4,True
GSE199219,CID3838,CCL4L2,True
GSE199219,CID3838,PSMB3,True
GSE199219,CID3838,RPL23,True
GSE199219,CID3838,RPL19,True
GSE199219,CID3838,ERBB2,False
GSE199219,CID3838,CCR7,True
GSE199219,CID3838,KRT10,True
GSE199219,CID3838,STAT3,True
GSE199219,CID3838,RPL27,True
GSE199219,CID3838,HEXIM1,True
GSE199219,CID3838,FMNL1,True
GSE199219,CID3838,SKAP1,True
GSE199219,CID3838,LUC7L3,True
GSE199219,CID3838,TOB1,True
GSE199219,CID3838,VMP1,True
GSE199219,CID3838,LIMD2,True
GSE199219,CID3838,DDX5,True
GSE199219,CID3838,BPTF,True
GSE199219,CID3838,KPNA2,True
GSE199219,CID3838,RPL38,True
GSE199219,CID3838,FDXR,False
GSE199219,CID3838,JPT1,True
GSE199219,CID3838,SUMO2,True
GSE199219,CID3838,H3F3B,True
GSE199219,CID3838,UBALD2,True
GSE199219,CID3838,SRSF2,True
GSE199219,CID3838,SEPT9,True
GSE199219,CID3838,SOCS3,True
GSE199219,CID3838,EIF4A3,True
GSE199219,CID3838,RNF213,True
GSE199219,CID3838,ACTG1,True
GSE199219,CID3838,CD7,True
GSE199219,CID3838,METRNL,True
GSE199219,CID3838,SMCHD1,True
GSE199219,CID3838,MYL12A,True
GSE199219,CID3838,MYL12B,True
GSE199219,CID3838,NDUFV2,True
GSE199219,CID3838,ANKRD12,True
GSE199219,CID3838,VAPA,True
GSE199219,CID3838,CHMP1B,True
GSE199219,CID3838,LDLRAD4,True
GSE199219,CID3838,ROCK1,True
GSE199219,CID3838,RPL17,True
GSE199219,CID3838,PMAIP1,True
GSE199219,CID3838,MBP,True
GSE199219,CID3838,FKBP1A,True
GSE199219,CID3838,SNRPB,True
GSE199219,CID3838,NOP56,True
GSE199219,CID3838,PRNP,True
GSE199219,CID3838,CST7,True
GSE199219,CID3838,DYNLRB1,True
GSE199219,CID3838,RBM39,True
GSE199219,CID3838,TOP1,True
GSE199219,CID3838,YWHAB,True
GSE199219,CID3838,STK4,True
GSE199219,CID3838,ZFAS1,True
GSE199219,CID3838,CEBPB,True
GSE199219,CID3838,GNAS,True
GSE199219,CID3838,ATP5F1E,True
GSE199219,CID3838,PSMA7,True
GSE199219,CID3838,RPS21,True
GSE199219,CID3838,PPDPF,True
GSE199219,CID3838,GZMM,True
GSE199219,CID3838,PTBP1,True
GSE199219,CID3838,GPX4,True
GSE199219,CID3838,ATP5F1D,True
GSE199219,CID3838,MIDN,True
GSE199219,CID3838,CIRBP,True
GSE199219,CID3838,RPS15,True
GSE199219,CID3838,UQCR11,True
GSE199219,CID3838,ABHD17A,True
GSE199219,CID3838,MKNK2,True
GSE199219,CID3838,OAZ1,True
GSE199219,CID3838,LSM7,True
GSE199219,CID3838,GADD45B,True
GSE199219,CID3838,AES,True
GSE199219,CID3838,EEF2,True
GSE199219,CID3838,RPL36,True
GSE199219,CID3838,NDUFA11,True
GSE199219,CID3838,TNFSF9,True
GSE199219,CID3838,RPS28,True
GSE199219,CID3838,HNRNPM,True
GSE199219,CID3838,UBL5,True
GSE199219,CID3838,EIF3G,True
GSE199219,CID3838,ICAM3,True
GSE199219,CID3838,CDC37,True
GSE199219,CID3838,WDR83OS,True
GSE199219,CID3838,TRIR,True
GSE199219,CID3838,JUNB,True
GSE199219,CID3838,PRDX2,True
GSE199219,CID3838,CALR,True
GSE199219,CID3838,IER2,True
GSE199219,CID3838,C19orf53,True
GSE199219,CID3838,AC020916.1,True
GSE199219,CID3838,ADGRE5,True
GSE199219,CID3838,DNAJB1,True
GSE199219,CID3838,TPM4,True
GSE199219,CID3838,KLF2,True
GSE199219,CID3838,BST2,True
GSE199219,CID3838,RPL18A,True
GSE199219,CID3838,JUND,True
GSE199219,CID3838,FKBP8,True
GSE199219,CID3838,UBA52,True
GSE199219,CID3838,COPE,True
GSE199219,CID3838,NDUFA13,True
GSE199219,CID3838,FXYD5,True
GSE199219,CID3838,COX6B1,True
GSE199219,CID3838,NFKBID,True
GSE199219,CID3838,HCST,True
GSE199219,CID3838,PSMD8,True
GSE199219,CID3838,EIF3K,True
GSE199219,CID3838,ACTN4,True
GSE199219,CID3838,GMFG,True
GSE199219,CID3838,ZFP36,True
GSE199219,CID3838,RPS16,True
GSE199219,CID3838,SERTAD1,True
GSE199219,CID3838,HNRNPUL1,True
GSE199219,CID3838,TGFB1,True
GSE199219,CID3838,RPS19,True
GSE199219,CID3838,ARHGEF1,True
GSE199219,CID3838,RABAC1,True
GSE199219,CID3838,DEDD2,True
GSE199219,CID3838,FOSB,True
GSE199219,CID3838,SNRPD2,True
GSE199219,CID3838,CALM3,True
GSE199219,CID3838,NOP53,True
GSE199219,CID3838,EMP3,True
GSE199219,CID3838,RPL18,True
GSE199219,CID3838,PPP1R15A,True
GSE199219,CID3838,BAX,True
GSE199219,CID3838,FTL,True
GSE199219,CID3838,CD37,True
GSE199219,CID3838,RPL13A,True
GSE199219,CID3838,RPS11,True
GSE199219,CID3838,NKG7,True
GSE199219,CID3838,ZNF331,True
GSE199219,CID3838,MYADM,True
GSE199219,CID3838,RPS9,True
GSE199219,CID3838,UBE2S,True
GSE199219,CID3838,RPS5,True
GSE199219,CID3838,RANBP1,True
GSE199219,CID3838,MIF,True
GSE199219,CID3838,XBP1,True
GSE199219,CID3838,UQCR10,True
GSE199219,CID3838,PIK3IP1,True
GSE199219,CID3838,MYH9,True
GSE199219,CID3838,RAC2,True
GSE199219,CID3838,LGALS1,True
GSE199219,CID3838,DDX17,True
GSE199219,CID3838,APOBEC3G,True
GSE199219,CID3838,RPL3,True
GSE199219,CID3838,ATF4,True
GSE199219,CID3838,TNRC6B,True
GSE199219,CID3838,ST13,True
GSE199219,CID3838,RBX1,True
GSE199219,CID3838,SNU13,True
GSE199219,CID3838,SMDT1,True
GSE199219,CID3838,TSPO,True
GSE199219,CID3838,PIM3,True
GSE199219,CID3838,TYMP,True
GSE199219,CID3838,SAMSN1,True
GSE199219,CID3838,BTG3,True
GSE199219,CID3838,ATP5PF,True
GSE199219,CID3838,SOD1,True
GSE199219,CID3838,SON,True
GSE199219,CID3838,MRPS6,True
GSE199219,CID3838,SLC5A3,True
GSE199219,CID3838,HMGN1,True
GSE199219,CID3838,ABCG1,False
GSE199219,CID3838,CSTB,True
GSE199219,CID3838,ITGB2,True
GSE199219,CID3838,MT-ND2,True
GSE199219,CID3838,MT-ND3,True
GSE199219,CID3838,MT-ND4L,True
GSE199219,CID3838,MT-ND5,True
GSE199219,CID3838,mm10---mt-Atp6,True
GSE199219,CID3838,mm10---mt-Co3,True
GSE199219,CID3838,mm10---mt-Co2,True
GSE199219,CID3838,mm10---mt-Cytb,True
GSE199219,CID3838,mm10---mt-Co1,True
GSE199219,CID3838,mm10---mt-Nd1,True
GSE199219,CID3838,mm10---Gm42418,True
GSE199219,CID3838,mm10---mt-Nd2,True
GSE199219,CID3838,mm10---mt-Nd4,True
GSE199219,CID3838,SELK,True
GSE199219,CID3838,FYB,True
GSE199219,CID3838,GNB2L1,True
GSE199219,CID3838,ATP5L,True
GSE199219,CID3838,ATP5G2,True
GSE199219,CID3838,ATP5E,True
GSE199219,CID3838,C19orf43,True
GSE199219,CID3838,CTD-3252C9.4,True
GSE199219,CID3838,GLTSCR2,True
GSE199219,CID4040,ISG15,True
GSE199219,CID4040,TNFRSF18,True
GSE199219,CID4040,TNFRSF4,True
GSE199219,CID4040,RPL22,True
GSE199219,CID4040,TNFRSF9,True
GSE199219,CID4040,PARK7,True
GSE199219,CID4040,ENO1,True
GSE199219,CID4040,TNFRSF1B,True
GSE199219,CID4040,PRDM2,True
GSE199219,CID4040,EFHD2,True
GSE199219,CID4040,CAPZB,True
GSE199219,CID4040,MINOS1,True
GSE199219,CID4040,HP1BP3,True
GSE199219,CID4040,CDC42,True
GSE199219,CID4040,ID3,True
GSE199219,CID4040,RPL11,True
GSE199219,CID4040,SRSF10,True
GSE199219,CID4040,RCAN3,True
GSE199219,CID4040,SRRM1,True
GSE199219,CID4040,RUNX3,True
GSE199219,CID4040,SYF2,True
GSE199219,CID4040,RSRP1,True
GSE199219,CID4040,TMEM50A,True
GSE199219,CID4040,STMN1,True
GSE199219,CID4040,SH3BGRL3,True
GSE199219,CID4040,CD52,True
GSE199219,CID4040,HMGN2,True
GSE199219,CID4040,NUDC,True
GSE199219,CID4040,IFI6,True
GSE199219,CID4040,ATP5IF1,True
GSE199219,CID4040,SNHG12,True
GSE199219,CID4040,LAPTM5,True
GSE199219,CID4040,PTP4A2,True
GSE199219,CID4040,LCK,True
GSE199219,CID4040,MARCKSL1,True
GSE199219,CID4040,SFPQ,True
GSE199219,CID4040,NDUFS5,True
GSE199219,CID4040,MACF1,True
GSE199219,CID4040,CAP1,True
GSE199219,CID4040,SMAP2,True
GSE199219,CID4040,YBX1,True
GSE199219,CID4040,RPS8,True
GSE199219,CID4040,PLK3,True
GSE199219,CID4040,PRDX1,True
GSE199219,CID4040,NASP,True
GSE199219,CID4040,UQCRH,True
GSE199219,CID4040,TMEM59,True
GSE199219,CID4040,DHCR24,False
GSE199219,CID4040,JUN,True
GSE199219,CID4040,JAK1,True
GSE199219,CID4040,PDE4B,True
GSE199219,CID4040,SERBP1,True
GSE199219,CID4040,GADD45A,True
GSE199219,CID4040,SRSF11,True
GSE199219,CID4040,GNG5,True
GSE199219,CID4040,ODF2L,True
GSE199219,CID4040,GTF2B,True
GSE199219,CID4040,GBP2,True
GSE199219,CID4040,GBP5,True
GSE199219,CID4040,RPL5,True
GSE199219,CID4040,DNTTIP2,True
GSE199219,CID4040,PRPF38B,True
GSE199219,CID4040,CD53,True
GSE199219,CID4040,RAP1A,True
GSE199219,CID4040,CAPZA1,True
GSE199219,CID4040,PTPN22,True
GSE199219,CID4040,BCAS2,True
GSE199219,CID4040,CSDE1,True
GSE199219,CID4040,ATP1A1,True
GSE199219,CID4040,CD2,True
GSE199219,CID4040,TENT5C,True
GSE199219,CID4040,HMGCS2,False
GSE199219,CID4040,RBM8A,True
GSE199219,CID4040,TXNIP,True
GSE199219,CID4040,MCL1,True
GSE199219,CID4040,ENSA,True
GSE199219,CID4040,S100A10,True
GSE199219,CID4040,S100A11,True
GSE199219,CID4040,S100A6,True
GSE199219,CID4040,S100A4,True
GSE199219,CID4040,JTB,True
GSE199219,CID4040,TPM3,True
GSE199219,CID4040,PBXIP1,True
GSE199219,CID4040,FDPS,False
GSE199219,CID4040,ASH1L,True
GSE199219,CID4040,SSR2,True
GSE199219,CID4040,LMNA,True
GSE199219,CID4040,CCT3,True
GSE199219,CID4040,IFI16,True
GSE199219,CID4040,TAGLN2,True
GSE199219,CID4040,CD48,True
GSE199219,CID4040,TSTD1,True
GSE199219,CID4040,UFC1,True
GSE199219,CID4040,HSPA6,True
GSE199219,CID4040,HSD17B7,False
GSE199219,CID4040,CD247,True
GSE199219,CID4040,XCL2,True
GSE199219,CID4040,PRRC2C,True
GSE199219,CID4040,CACYBP,True
GSE199219,CID4040,IER5,True
GSE199219,CID4040,ARPC5,True
GSE199219,CID4040,FAM129A,True
GSE199219,CID4040,IVNS1ABP,True
GSE199219,CID4040,TPR,True
GSE199219,CID4040,RGS1,True
GSE199219,CID4040,RGS2,True
GSE199219,CID4040,PTPRC,True
GSE199219,CID4040,PTPN7,True
GSE199219,CID4040,BTG2,True
GSE199219,CID4040,NUCKS1,True
GSE199219,CID4040,CD55,True
GSE199219,CID4040,TRAF3IP3,True
GSE199219,CID4040,ATF3,True
GSE199219,CID4040,H3F3A,True
GSE199219,CID4040,ARF1,True
GSE199219,CID4040,GUK1,True
GSE199219,CID4040,TOMM20,True
GSE199219,CID4040,ARID4B,True
GSE199219,CID4040,LYST,True
GSE199219,CID4040,HNRNPU,True
GSE199219,CID4040,RPS7,True
GSE199219,CID4040,ID2,True
GSE199219,CID4040,YWHAQ,True
GSE199219,CID4040,ODC1,True
GSE199219,CID4040,PDIA6,True
GSE199219,CID4040,OST4,True
GSE199219,CID4040,FOSL2,True
GSE199219,CID4040,PPP1CB,True
GSE199219,CID4040,YPEL5,True
GSE199219,CID4040,LBH,True
GSE199219,CID4040,SRSF7,True
GSE199219,CID4040,EML4,True
GSE199219,CID4040,ZFP36L2,True
GSE199219,CID4040,CALM2,True
GSE199219,CID4040,EPCAM,False
GSE199219,CID4040,RTN4,True
GSE199219,CID4040,RPS27A,True
GSE199219,CID4040,REL,True
GSE199219,CID4040,CCT4,True
GSE199219,CID4040,UGP2,True
GSE199219,CID4040,ACTR2,True
GSE199219,CID4040,AAK1,True
GSE199219,CID4040,PCBP1,True
GSE199219,CID4040,SNRPG,True
GSE199219,CID4040,TMSB10,True
GSE199219,CID4040,VAMP8,True
GSE199219,CID4040,GNLY,True
GSE199219,CID4040,CD8A,True
GSE199219,CID4040,CD8B,True
GSE199219,CID4040,CYTOR,True
GSE199219,CID4040,DUSP2,True
GSE199219,CID4040,ARID5A,True
GSE199219,CID4040,COX5B,True
GSE199219,CID4040,RPL31,True
GSE199219,CID4040,GCC2,True
GSE199219,CID4040,LIMS1,True
GSE199219,CID4040,ACTR3,True
GSE199219,CID4040,DDX18,True
GSE199219,CID4040,DBI,True
GSE199219,CID4040,GYPC,True
GSE199219,CID4040,MZT2B,True
GSE199219,CID4040,MZT2A,True
GSE199219,CID4040,UBXN4,True
GSE199219,CID4040,CXCR4,True
GSE199219,CID4040,ARHGAP15,True
GSE199219,CID4040,ZEB2,True
GSE199219,CID4040,PRPF40A,True
GSE199219,CID4040,NR4A2,True
GSE199219,CID4040,CYTIP,True
GSE199219,CID4040,TANK,True
GSE199219,CID4040,PPIG,True
GSE199219,CID4040,WIPF1,True
GSE199219,CID4040,ATP5MC3,True
GSE199219,CID4040,HNRNPA3,True
GSE199219,CID4040,NFE2L2,True
GSE199219,CID4040,ITGA4,True
GSE199219,CID4040,ORMDL1,True
GSE199219,CID4040,GLS,True
GSE199219,CID4040,STAT1,True
GSE199219,CID4040,STAT4,True
GSE199219,CID4040,NABP1,True
GSE199219,CID4040,STK17B,True
GSE199219,CID4040,ANKRD44,True
GSE199219,CID4040,SF3B1,True
GSE199219,CID4040,HSPD1,True
GSE199219,CID4040,HSPE1,True
GSE199219,CID4040,BZW1,True
GSE199219,CID4040,CLK1,True
GSE199219,CID4040,CFLAR,True
GSE199219,CID4040,SUMO1,True
GSE199219,CID4040,NOP58,True
GSE199219,CID4040,CTLA4,True
GSE199219,CID4040,ICOS,True
GSE199219,CID4040,EEF1B2,True
GSE199219,CID4040,XRCC5,True
GSE199219,CID4040,RPL37A,True
GSE199219,CID4040,ARPC2,True
GSE199219,CID4040,TUBA4A,True
GSE199219,CID4040,SP100,True
GSE199219,CID4040,NCL,True
GSE199219,CID4040,ARL4C,True
GSE199219,CID4040,LRRFIP1,True
GSE199219,CID4040,PDCD1,False
GSE199219,CID4040,ARPC4,True
GSE199219,CID4040,BRK1,True
GSE199219,CID4040,RPL32,True
GSE199219,CID4040,ANKRD28,True
GSE199219,CID4040,RPL15,True
GSE199219,CID4040,GOLGA4,True
GSE199219,CID4040,CSRNP1,True
GSE199219,CID4040,RPSA,True
GSE199219,CID4040,EIF1B,True
GSE199219,CID4040,RPL14,True
GSE199219,CID4040,NKTR,True
GSE199219,CID4040,TMA7,True
GSE199219,CID4040,RHOA,True
GSE199219,CID4040,GNAI2,True
GSE199219,CID4040,RPL29,True
GSE199219,CID4040,SPCS1,True
GSE199219,CID4040,SELENOK,True
GSE199219,CID4040,ARF4,True
GSE199219,CID4040,ARL6IP5,True
GSE199219,CID4040,FOXP1,True
GSE199219,CID4040,MTRNR2L12,True
GSE199219,CID4040,CLDND1,True
GSE199219,CID4040,RPL24,True
GSE199219,CID4040,NFKBIZ,True
GSE199219,CID4040,CD47,True
GSE199219,CID4040,TRAT1,True
GSE199219,CID4040,CD96,True
GSE199219,CID4040,TIGIT,True
GSE199219,CID4040,NDUFB4,True
GSE199219,CID4040,HCLS1,True
GSE199219,CID4040,GOLGB1,True
GSE199219,CID4040,CNBP,True
GSE199219,CID4040,H1FX,True
GSE199219,CID4040,CDV3,True
GSE199219,CID4040,ATP1B3,True
GSE199219,CID4040,TSC22D2,True
GSE199219,CID4040,SERP1,True
GSE199219,CID4040,MBNL1,True
GSE199219,CID4040,DHX36,True
GSE199219,CID4040,TIPARP,True
GSE199219,CID4040,CCNL1,True
GSE199219,CID4040,SEC62,True
GSE199219,CID4040,SKIL,True
GSE199219,CID4040,RPL22L1,True
GSE199219,CID4040,TRA2B,True
GSE199219,CID4040,EIF4A2,True
GSE199219,CID4040,PPP1R2,True
GSE199219,CID4040,PAK2,True
GSE199219,CID4040,RPL35A,True
GSE199219,CID4040,MXD4,True
GSE199219,CID4040,MRFAP1,True
GSE199219,CID4040,BOD1L1,True
GSE199219,CID4040,RBPJ,True
GSE199219,CID4040,RPL9,True
GSE199219,CID4040,RHOH,True
GSE199219,CID4040,OCIAD2,True
GSE199219,CID4040,HOPX,True
GSE199219,CID4040,AREG,True
GSE199219,CID4040,G3BP2,True
GSE199219,CID4040,CCNI,True
GSE199219,CID4040,CXCL13,True
GSE199219,CID4040,CNOT6L,True
GSE199219,CID4040,RASGEF1B,True
GSE199219,CID4040,HNRNPDL,True
GSE199219,CID4040,H2AFZ,True
GSE199219,CID4040,NFKB1,True
GSE199219,CID4040,UBE2D3,True
GSE199219,CID4040,RPL34,True
GSE199219,CID4040,SNHG8,True
GSE199219,CID4040,C4orf3,True
GSE199219,CID4040,ANXA5,True
GSE199219,CID4040,SMARCA5,True
GSE199219,CID4040,RPS3A,True
GSE199219,CID4040,HMGB2,True
GSE199219,CID4040,SUB1,True
GSE199219,CID4040,IL7R,True
GSE199219,CID4040,FYB1,True
GSE199219,CID4040,PTGER4,True
GSE199219,CID4040,PRKAA1,False
GSE199219,CID4040,RPL37,True
GSE199219,CID4040,EMB,True
GSE199219,CID4040,GZMK,True
GSE199219,CID4040,GZMA,True
GSE199219,CID4040,GPBP1,True
GSE199219,CID4040,PIK3R1,True
GSE199219,CID4040,BTF3,True
GSE199219,CID4040,NSA2,True
GSE199219,CID4040,TBCA,True
GSE199219,CID4040,RPS23,True
GSE199219,CID4040,COX7C,True
GSE199219,CID4040,CCNH,True
GSE199219,CID4040,GLRX,True
GSE199219,CID4040,CAST,True
GSE199219,CID4040,CHD1,True
GSE199219,CID4040,REEP5,True
GSE199219,CID4040,TNFAIP8,True
GSE199219,CID4040,HINT1,True
GSE199219,CID4040,CDC42SE2,True
GSE199219,CID4040,IRF1,True
GSE199219,CID4040,UQCRQ,True
GSE199219,CID4040,SKP1,True
GSE199219,CID4040,UBE2B,True
GSE199219,CID4040,HNRNPA0,True
GSE199219,CID4040,EGR1,True
GSE199219,CID4040,HSPA9,True
GSE199219,CID4040,PAIP2,True
GSE199219,CID4040,UBE2D2,True
GSE199219,CID4040,CD14,False
GSE199219,CID4040,TAF7,True
GSE199219,CID4040,NDFIP1,True
GSE199219,CID4040,NR3C1,True
GSE199219,CID4040,CSNK1A1,True
GSE199219,CID4040,CD74,True
GSE199219,CID4040,RPS14,True
GSE199219,CID4040,ITK,True
GSE199219,CID4040,NPM1,True
GSE199219,CID4040,DUSP1,True
GSE199219,CID4040,ATP6V0E1,True
GSE199219,CID4040,CREBRF,True
GSE199219,CID4040,HIGD2A,True
GSE199219,CID4040,PRELID1,True
GSE199219,CID4040,HNRNPAB,True
GSE199219,CID4040,HNRNPH1,True
GSE199219,CID4040,SQSTM1,True
GSE199219,CID4040,RACK1,True
GSE199219,CID4040,SERPINB9,True
GSE199219,CID4040,CD83,True
GSE199219,CID4040,MYLIP,True
GSE199219,CID4040,DEK,True
GSE199219,CID4040,HIST1H4C,True
GSE199219,CID4040,HLA-F,True
GSE199219,CID4040,HLA-A,True
GSE199219,CID4040,HLA-E,True
GSE199219,CID4040,PPP1R10,True
GSE199219,CID4040,TUBB,True
GSE199219,CID4040,TNF,True
GSE199219,CID4040,LTB,True
GSE199219,CID4040,CLIC1,True
GSE199219,CID4040,HSPA1A,True
GSE199219,CID4040,HSPA1B,True
GSE199219,CID4040,C6orf48,True
GSE199219,CID4040,NEU1,True
GSE199219,CID4040,GPSM3,True
GSE199219,CID4040,HLA-DRA,True
GSE199219,CID4040,HLA-DRB1,True
GSE199219,CID4040,HLA-DQA1,True
GSE199219,CID4040,HLA-DQB1,True
GSE199219,CID4040,PSMB8,True
GSE199219,CID4040,PSMB9,True
GSE199219,CID4040,TAP1,True
GSE199219,CID4040,BRD2,True
GSE199219,CID4040,HLA-DPA1,True
GSE199219,CID4040,HLA-DPB1,True
GSE199219,CID4040,RPS18,True
GSE199219,CID4040,TAPBP,True
GSE199219,CID4040,CUTA,True
GSE199219,CID4040,RPS10,True
GSE199219,CID4040,RPL10A,True
GSE199219,CID4040,SRSF3,True
GSE199219,CID4040,CDKN1A,True
GSE199219,CID4040,HSP90AB1,True
GSE199219,CID4040,EEF1A1,True
GSE199219,CID4040,COX7A2,True
GSE199219,CID4040,ZNF292,True
GSE199219,CID4040,PNRC1,True
GSE199219,CID4040,PNISR,True
GSE199219,CID4040,PRDM1,True
GSE199219,CID4040,SNX3,True
GSE199219,CID4040,CD164,True
GSE199219,CID4040,AMD1,True
GSE199219,CID4040,FYN,True
GSE199219,CID4040,RPS12,True
GSE199219,CID4040,BCLAF1,True
GSE199219,CID4040,TNFAIP3,True
GSE199219,CID4040,ABRACL,True
GSE199219,CID4040,CITED2,True
GSE199219,CID4040,SF3B5,True
GSE199219,CID4040,ARID1B,True
GSE199219,CID4040,DYNLT1,True
GSE199219,CID4040,SYTL3,True
GSE199219,CID4040,EZR,True
GSE199219,CID4040,TAGAP,True
GSE199219,CID4040,SOD2,True
GSE199219,CID4040,WTAP,True
GSE199219,CID4040,TCP1,True
GSE199219,CID4040,MRPL18,True
GSE199219,CID4040,RNASET2,True
GSE199219,CID4040,PSMB1,True
GSE199219,CID4040,ACTB,True
GSE199219,CID4040,RAC1,True
GSE199219,CID4040,NDUFA4,True
GSE199219,CID4040,ARL4A,True
GSE199219,CID4040,TOMM7,True
GSE199219,CID4040,TRA2A,True
GSE199219,CID4040,CYCS,True
GSE199219,CID4040,HNRNPA2B1,True
GSE199219,CID4040,CBX3,True
GSE199219,CID4040,TAX1BP1,True
GSE199219,CID4040,SEPT7,True
GSE199219,CID4040,STK17A,True
GSE199219,CID4040,PPIA,True
GSE199219,CID4040,H2AFV,True
GSE199219,CID4040,IKZF1,True
GSE199219,CID4040,SEC61G,True
GSE199219,CID4040,EGFR,False
GSE199219,CID4040,CHCHD2,True
GSE199219,CID4040,SBDS,True
GSE199219,CID4040,HSPB1,True
GSE199219,CID4040,AKAP9,True
GSE199219,CID4040,FAM133B,True
GSE199219,CID4040,SEM1,True
GSE199219,CID4040,ARPC1B,True
GSE199219,CID4040,LAMTOR4,True
GSE199219,CID4040,KMT2E,True
GSE199219,CID4040,NAMPT,True
GSE199219,CID4040,HBP1,True
GSE199219,CID4040,DNAJB9,True
GSE199219,CID4040,IFRD1,True
GSE199219,CID4040,AC016831.7,True
GSE199219,CID4040,AC016831.5,True
GSE199219,CID4040,AC058791.1,True
GSE199219,CID4040,ZC3HAV1,True
GSE199219,CID4040,NDUFB2,True
GSE199219,CID4040,SSBP1,True
GSE199219,CID4040,TRBC1,True
GSE199219,CID4040,TRBC2,True
GSE199219,CID4040,GSTK1,True
GSE199219,CID4040,GIMAP7,True
GSE199219,CID4040,DNAJB6,True
GSE199219,CID4040,SLC25A6,True
GSE199219,CID4040,CD99,True
GSE199219,CID4040,TMSB4X,True
GSE199219,CID4040,SYAP1,True
GSE199219,CID4040,SH3KBP1,True
GSE199219,CID4040,EIF1AX,True
GSE199219,CID4040,SAT1,True
GSE199219,CID4040,DDX3X,True
GSE199219,CID4040,NDUFB11,True
GSE199219,CID4040,UXT,True
GSE199219,CID4040,RBM3,True
GSE199219,CID4040,PLP2,True
GSE199219,CID4040,TSPYL2,True
GSE199219,CID4040,MSN,True
GSE199219,CID4040,IL2RG,True
GSE199219,CID4040,RPS4X,True
GSE199219,CID4040,XIST,True
GSE199219,CID4040,ATRX,True
GSE199219,CID4040,COX7B,True
GSE199219,CID4040,PGK1,True
GSE199219,CID4040,ITM2A,True
GSE199219,CID4040,SH3BGRL,True
GSE199219,CID4040,RPL36A,True
GSE199219,CID4040,TSC22D3,True
GSE199219,CID4040,SLC25A5,True
GSE199219,CID4040,SEPT6,True
GSE199219,CID4040,RPL39,True
GSE199219,CID4040,NDUFA1,True
GSE199219,CID4040,CD40LG,True
GSE199219,CID4040,RBMX,True
GSE199219,CID4040,IDS,True
GSE199219,CID4040,NSDHL,False
GSE199219,CID4040,SSR4,True
GSE199219,CID4040,FLNA,True
GSE199219,CID4040,RPL10,True
GSE199219,CID4040,G6PD,False
GSE199219,CID4040,PCM1,True
GSE199219,CID4040,DOK2,True
GSE199219,CID4040,DUSP4,True
GSE199219,CID4040,SARAF,True
GSE199219,CID4040,LEPROTL1,True
GSE199219,CID4040,RAB11FIP1,True
GSE199219,CID4040,NSD3,True
GSE199219,CID4040,RPS20,True
GSE199219,CID4040,SDCBP,True
GSE199219,CID4040,PDE7A,True
GSE199219,CID4040,RPL7,True
GSE199219,CID4040,FABP5,True
GSE199219,CID4040,UQCRB,True
GSE199219,CID4040,MTDH,True
GSE199219,CID4040,RPL30,True
GSE199219,CID4040,COX6C,True
GSE199219,CID4040,RNF19A,True
GSE199219,CID4040,PABPC1,True
GSE199219,CID4040,YWHAZ,True
GSE199219,CID4040,ZNF706,True
GSE199219,CID4040,EIF3E,True
GSE199219,CID4040,ENY2,True
GSE199219,CID4040,EIF3H,True
GSE199219,CID4040,FAM49B,True
GSE199219,CID4040,SLA,True
GSE199219,CID4040,LY6E,True
GSE199219,CID4040,EEF1D,True
GSE199219,CID4040,VPS28,True
GSE199219,CID4040,RPL8,True
GSE199219,CID4040,DOCK8,True
GSE199219,CID4040,VLDLR,False
GSE199219,CID4040,CD274,False
GSE199219,CID4040,PLIN2,True
GSE199219,CID4040,RPS6,True
GSE199219,CID4040,DNAJA1,True
GSE199219,CID4040,CEMIP2,True
GSE199219,CID4040,ZFAND5,True
GSE199219,CID4040,ANXA1,True
GSE199219,CID4040,TLE4,True
GSE199219,CID4040,HNRNPK,True
GSE199219,CID4040,CKS2,True
GSE199219,CID4040,ANP32B,True
GSE199219,CID4040,SEC61B,True
GSE199219,CID4040,NR4A3,True
GSE199219,CID4040,TXN,True
GSE199219,CID4040,AKNA,True
GSE199219,CID4040,ATP6V1G1,True
GSE199219,CID4040,RPL35,True
GSE199219,CID4040,HSPA5,True
GSE199219,CID4040,RPL12,True
GSE199219,CID4040,C9orf16,True
GSE199219,CID4040,SPTAN1,True
GSE199219,CID4040,SET,True
GSE199219,CID4040,IER5L,True
GSE199219,CID4040,C9orf78,True
GSE199219,CID4040,FNBP1,True
GSE199219,CID4040,RPL7A,True
GSE199219,CID4040,SNHG7,True
GSE199219,CID4040,PHPT1,True
GSE199219,CID4040,EDF1,True
GSE199219,CID4040,PAXX,True
GSE199219,CID4040,DPP7,True
GSE199219,CID4040,TUBB4B,True
GSE199219,CID4040,IFITM2,True
GSE199219,CID4040,RPLP2,True
GSE199219,CID4040,POLR2L,True
GSE199219,CID4040,CTSD,True
GSE199219,CID4040,LSP1,True
GSE199219,CID4040,CD81,True
GSE199219,CID4040,KCNQ1OT1,True
GSE199219,CID4040,EIF3F,True
GSE199219,CID4040,RPL27A,True
GSE199219,CID4040,MTRNR2L8,True
GSE199219,CID4040,EIF4G2,True
GSE199219,CID4040,PSMA1,True
GSE199219,CID4040,C11orf58,True
GSE199219,CID4040,RPS13,True
GSE199219,CID4040,LDHA,True
GSE199219,CID4040,CD44,True
GSE199219,CID4040,CD6,True
GSE199219,CID4040,TMEM258,True
GSE199219,CID4040,FTH1,True
GSE199219,CID4040,AHNAK,True
GSE199219,CID4040,UBXN1,True
GSE199219,CID4040,SLC3A2,True
GSE199219,CID4040,RARRES3,True
GSE199219,CID4040,COX8A,True
GSE199219,CID4040,PPP1R14B,True
GSE199219,CID4040,TRMT112,True
GSE199219,CID4040,PRDX5,True
GSE199219,CID4040,SF1,True
GSE199219,CID4040,FAU,True
GSE199219,CID4040,NEAT1,True
GSE199219,CID4040,CFL1,True
GSE199219,CID4040,CTSW,True
GSE199219,CID4040,CCDC85B,True
GSE199219,CID4040,DRAP1,True
GSE199219,CID4040,PPP1CA,True
GSE199219,CID4040,TBC1D10C,True
GSE199219,CID4040,CORO1B,True
GSE199219,CID4040,GSTP1,True
GSE199219,CID4040,DHCR7,False
GSE199219,CID4040,UCP2,True
GSE199219,CID4040,SPCS2,True
GSE199219,CID4040,RPS3,True
GSE199219,CID4040,RSF1,True
GSE199219,CID4040,NDUFC2,True
GSE199219,CID4040,CTSC,True
GSE199219,CID4040,CHORDC1,True
GSE199219,CID4040,TAF1D,True
GSE199219,CID4040,BIRC3,True
GSE199219,CID4040,CARD16,True
GSE199219,CID4040,NCAM1,False
GSE199219,CID4040,PCSK7,True
GSE199219,CID4040,IL10RA,True
GSE199219,CID4040,CD3E,True
GSE199219,CID4040,CD3D,True
GSE199219,CID4040,CD3G,True
GSE199219,CID4040,ATP5MG,True
GSE199219,CID4040,KMT2A,True
GSE199219,CID4040,DDX6,True
GSE199219,CID4040,RPS25,True
GSE199219,CID4040,H2AFX,True
GSE199219,CID4040,HSPA8,True
GSE199219,CID4040,ETS1,True
GSE199219,CID4040,IDI1,True
GSE199219,CID4040,KLF6,True
GSE199219,CID4040,GATA3,True
GSE199219,CID4040,CELF2,True
GSE199219,CID4040,OPTN,True
GSE199219,CID4040,FAM107B,True
GSE199219,CID4040,VIM,True
GSE199219,CID4040,APBB1IP,True
GSE199219,CID4040,YME1L1,True
GSE199219,CID4040,WAC,True
GSE199219,CID4040,KIF5B,True
GSE199219,CID4040,EPC1,True
GSE199219,CID4040,ITGB1,True
GSE199219,CID4040,CREM,True
GSE199219,CID4040,HNRNPF,True
GSE199219,CID4040,ARID5B,True
GSE199219,CID4040,JMJD1C,True
GSE199219,CID4040,HNRNPH3,True
GSE199219,CID4040,DDX21,True
GSE199219,CID4040,SRGN,True
GSE199219,CID4040,PPA1,True
GSE199219,CID4040,SPOCK2,True
GSE199219,CID4040,ANAPC16,True
GSE199219,CID4040,DDIT4,True
GSE199219,CID4040,VDAC2,True
GSE199219,CID4040,PGAM1,True
GSE199219,CID4040,NDUFB8,True
GSE199219,CID4040,ATP5MD,True
GSE199219,CID4040,DUSP5,True
GSE199219,CID4040,PDCD4,True
GSE199219,CID4040,EIF3A,True
GSE199219,CID4040,RGS10,True
GSE199219,CID4040,BUB3,True
GSE199219,CID4040,WNK1,True
GSE199219,CID4040,CCND2,True
GSE199219,CID4040,CD27,True
GSE199219,CID4040,GAPDH,True
GSE199219,CID4040,CD4,False
GSE199219,CID4040,TPI1,True
GSE199219,CID4040,C12orf57,True
GSE199219,CID4040,SLC2A3,True
GSE199219,CID4040,KLRB1,True
GSE199219,CID4040,CLEC2D,True
GSE199219,CID4040,CD69,True
GSE199219,CID4040,CLEC2B,True
GSE199219,CID4040,GABARAPL1,True
GSE199219,CID4040,KLRD1,True
GSE199219,CID4040,CDKN1B,True
GSE199219,CID4040,ATF7IP,True
GSE199219,CID4040,ARHGDIB,True
GSE199219,CID4040,LDHB,True
GSE199219,CID4040,FGFR1OP2,True
GSE199219,CID4040,KIAA1551,True
GSE199219,CID4040,SCAF11,True
GSE199219,CID4040,SLC38A1,True
GSE199219,CID4040,SLC38A2,True
GSE199219,CID4040,TUBA1B,True
GSE199219,CID4040,TUBA1A,True
GSE199219,CID4040,TUBA1C,True
GSE199219,CID4040,TMBIM6,True
GSE199219,CID4040,LIMA1,False
GSE199219,CID4040,DAZAP2,True
GSE199219,CID4040,NR4A1,True
GSE199219,CID4040,EIF4B,True
GSE199219,CID4040,PFDN5,True
GSE199219,CID4040,PCBP2,True
GSE199219,CID4040,ATP5MC2,True
GSE199219,CID4040,HNRNPA1,True
GSE199219,CID4040,BLOC1S1,True
GSE199219,CID4040,CD63,True
GSE199219,CID4040,RPS26,True
GSE199219,CID4040,RPL41,True
GSE199219,CID4040,MYL6,True
GSE199219,CID4040,PTGES3,True
GSE199219,CID4040,NACA,True
GSE199219,CID4040,USP15,True
GSE199219,CID4040,IFNG,True
GSE199219,CID4040,RAP1B,True
GSE199219,CID4040,RAB21,True
GSE199219,CID4040,GLIPR1,True
GSE199219,CID4040,PHLDA1,True
GSE199219,CID4040,NAP1L1,True
GSE199219,CID4040,PPP1R12A,True
GSE199219,CID4040,ATP2B1,True
GSE199219,CID4040,BTG1,True
GSE199219,CID4040,SLC25A3,True
GSE199219,CID4040,HSP90B1,True
GSE199219,CID4040,C12orf75,True
GSE199219,CID4040,ISCU,True
GSE199219,CID4040,ARPC3,True
GSE199219,CID4040,ERP29,True
GSE199219,CID4040,RPL6,True
GSE199219,CID4040,PEBP1,True
GSE199219,CID4040,BICDL1,True
GSE199219,CID4040,RPLP0,True
GSE199219,CID4040,COX6A1,True
GSE199219,CID4040,SRSF9,True
GSE199219,CID4040,DYNLL1,True
GSE199219,CID4040,RSRC2,True
GSE199219,CID4040,VPS37B,True
GSE199219,CID4040,ARL6IP4,True
GSE199219,CID4040,RILPL2,True
GSE199219,CID4040,UBC,True
GSE199219,CID4040,RAN,True
GSE199219,CID4040,MPHOSPH8,True
GSE199219,CID4040,SAP18,True
GSE199219,CID4040,RPL21,True
GSE199219,CID4040,GTF3A,True
GSE199219,CID4040,POLR1D,True
GSE199219,CID4040,POMP,True
GSE199219,CID4040,HMGB1,True
GSE199219,CID4040,ALOX5AP,True
GSE199219,CID4040,HSPH1,True
GSE199219,CID4040,N4BP2L2,True
GSE199219,CID4040,ELF1,True
GSE199219,CID4040,RGCC,True
GSE199219,CID4040,LCP1,True
GSE199219,CID4040,ITM2B,True
GSE199219,CID4040,INTS6,True
GSE199219,CID4040,COMMD6,True
GSE199219,CID4040,MYCBP2,True
GSE199219,CID4040,GPR183,True
GSE199219,CID4040,ARGLU1,True
GSE199219,CID4040,HNRNPC,True
GSE199219,CID4040,TRAC,True
GSE199219,CID4040,DAD1,True
GSE199219,CID4040,PSME1,True
GSE199219,CID4040,PSME2,True
GSE199219,CID4040,CHMP4A,True
GSE199219,CID4040,NEDD8,True
GSE199219,CID4040,GZMH,True
GSE199219,CID4040,GZMB,True
GSE199219,CID4040,BAZ1A,True
GSE199219,CID4040,FAM177A1,True
GSE199219,CID4040,NFKBIA,True
GSE199219,CID4040,RALGAPA1,True
GSE199219,CID4040,PNN,True
GSE199219,CID4040,RPS29,True
GSE199219,CID4040,RPL36AL,True
GSE199219,CID4040,ARF6,True
GSE199219,CID4040,GNG2,True
GSE199219,CID4040,LGALS3,True
GSE199219,CID4040,KTN1,True
GSE199219,CID4040,SYNE2,True
GSE199219,CID4040,ZFP36L1,True
GSE199219,CID4040,SRSF5,True
GSE199219,CID4040,RBM25,True
GSE199219,CID4040,FOS,True
GSE199219,CID4040,BATF,True
GSE199219,CID4040,AHSA1,True
GSE199219,CID4040,CALM1,True
GSE199219,CID4040,DDX24,True
GSE199219,CID4040,PAPOLA,True
GSE199219,CID4040,BCL11B,True
GSE199219,CID4040,EVL,True
GSE199219,CID4040,PPP2R5C,True
GSE199219,CID4040,HSP90AA1,True
GSE199219,CID4040,EIF5,True
GSE199219,CID4040,CRIP1,True
GSE199219,CID4040,NSMCE3,True
GSE199219,CID4040,NOP10,True
GSE199219,CID4040,SRP14,True
GSE199219,CID4040,PDIA3,True
GSE199219,CID4040,SERF2,True
GSE199219,CID4040,EID1,True
GSE199219,CID4040,RSL24D1,True
GSE199219,CID4040,SLTM,True
GSE199219,CID4040,ANXA2,True
GSE199219,CID4040,RORA,True
GSE199219,CID4040,RPS27L,True
GSE199219,CID4040,PPIB,True
GSE199219,CID4040,RPL4,True
GSE199219,CID4040,PKM,True
GSE199219,CID4040,ARIH1,True
GSE199219,CID4040,COX5A,True
GSE199219,CID4040,MORF4L1,True
GSE199219,CID4040,RPS17,True
GSE199219,CID4040,SEC11A,True
GSE199219,CID4040,AKAP13,True
GSE199219,CID4040,ISG20,True
GSE199219,CID4040,CIB1,True
GSE199219,CID4040,IQGAP1,True
GSE199219,CID4040,CHD2,True
GSE199219,CID4040,RNPS1,True
GSE199219,CID4040,SRRM2,True
GSE199219,CID4040,ELOB,True
GSE199219,CID4040,IL32,True
GSE199219,CID4040,SOCS1,True
GSE199219,CID4040,LITAF,True
GSE199219,CID4040,GSPT1,True
GSE199219,CID4040,RPS15A,True
GSE199219,CID4040,ARL6IP1,True
GSE199219,CID4040,SMG1,True
GSE199219,CID4040,RBBP6,True
GSE199219,CID4040,CD19,False
GSE199219,CID4040,LAT,True
GSE199219,CID4040,ALDOA,True
GSE199219,CID4040,CORO1A,True
GSE199219,CID4040,FUS,True
GSE199219,CID4040,CYLD,True
GSE199219,CID4040,MT2A,True
GSE199219,CID4040,HERPUD1,True
GSE199219,CID4040,CKLF,True
GSE199219,CID4040,FAM96B,True
GSE199219,CID4040,GABARAPL2,True
GSE199219,CID4040,TERF2IP,True
GSE199219,CID4040,MAF,True
GSE199219,CID4040,CMC2,True
GSE199219,CID4040,COTL1,True
GSE199219,CID4040,COX4I1,True
GSE199219,CID4040,MAP1LC3B,True
GSE199219,CID4040,CYBA,True
GSE199219,CID4040,APRT,True
GSE199219,CID4040,ANKRD11,True
GSE199219,CID4040,TCF25,True
GSE199219,CID4040,ITGAE,False
GSE199219,CID4040,PFN1,True
GSE199219,CID4040,EIF5A,True
GSE199219,CID4040,ACAP1,True
GSE199219,CID4040,POLR2A,True
GSE199219,CID4040,EIF4A1,True
GSE199219,CID4040,KDM6B,True
GSE199219,CID4040,TRAPPC1,True
GSE199219,CID4040,VAMP2,True
GSE199219,CID4040,RPL26,True
GSE199219,CID4040,NCOR1,True
GSE199219,CID4040,UBB,True
GSE199219,CID4040,WSB1,True
GSE199219,CID4040,RPL23A,True
GSE199219,CID4040,NUFIP2,True
GSE199219,CID4040,EVI2B,True
GSE199219,CID4040,ZNF207,True
GSE199219,CID4040,SLFN5,True
GSE199219,CID4040,CCL5,True
GSE199219,CID4040,CCL3,True
GSE199219,CID4040,CCL4,True
GSE199219,CID4040,CCL4L2,True
GSE199219,CID4040,PSMB3,True
GSE199219,CID4040,RPL23,True
GSE199219,CID4040,RPL19,True
GSE199219,CID4040,ERBB2,False
GSE199219,CID4040,CCR7,True
GSE199219,CID4040,KRT10,True
GSE199219,CID4040,STAT3,True
GSE199219,CID4040,RPL27,True
GSE199219,CID4040,HEXIM1,True
GSE199219,CID4040,FMNL1,True
GSE199219,CID4040,SKAP1,True
GSE199219,CID4040,LUC7L3,True
GSE199219,CID4040,TOB1,True
GSE199219,CID4040,VMP1,True
GSE199219,CID4040,LIMD2,True
GSE199219,CID4040,DDX5,True
GSE199219,CID4040,BPTF,True
GSE199219,CID4040,KPNA2,True
GSE199219,CID4040,RPL38,True
GSE199219,CID4040,FDXR,False
GSE199219,CID4040,JPT1,True
GSE199219,CID4040,SUMO2,True
GSE199219,CID4040,H3F3B,True
GSE199219,CID4040,UBALD2,True
GSE199219,CID4040,SRSF2,True
GSE199219,CID4040,SEPT9,True
GSE199219,CID4040,SOCS3,True
GSE199219,CID4040,EIF4A3,True
GSE199219,CID4040,RNF213,True
GSE199219,CID4040,ACTG1,True
GSE199219,CID4040,CD7,True
GSE199219,CID4040,METRNL,True
GSE199219,CID4040,SMCHD1,True
GSE199219,CID4040,MYL12A,True
GSE199219,CID4040,MYL12B,True
GSE199219,CID4040,NDUFV2,True
GSE199219,CID4040,ANKRD12,True
GSE199219,CID4040,VAPA,True
GSE199219,CID4040,CHMP1B,True
GSE199219,CID4040,LDLRAD4,True
GSE199219,CID4040,ROCK1,True
GSE199219,CID4040,RPL17,True
GSE199219,CID4040,PMAIP1,True
GSE199219,CID4040,MBP,True
GSE199219,CID4040,FKBP1A,True
GSE199219,CID4040,SNRPB,True
GSE199219,CID4040,NOP56,True
GSE199219,CID4040,PRNP,True
GSE199219,CID4040,CST7,True
GSE199219,CID4040,DYNLRB1,True
GSE199219,CID4040,RBM39,True
GSE199219,CID4040,SCAND1,True
GSE199219,CID4040,TOP1,True
GSE199219,CID4040,YWHAB,True
GSE199219,CID4040,STK4,True
GSE199219,CID4040,ZFAS1,True
GSE199219,CID4040,CEBPB,True
GSE199219,CID4040,GNAS,True
GSE199219,CID4040,ATP5F1E,True
GSE199219,CID4040,PSMA7,True
GSE199219,CID4040,RPS21,True
GSE199219,CID4040,PPDPF,True
GSE199219,CID4040,GZMM,True
GSE199219,CID4040,PTBP1,True
GSE199219,CID4040,GPX4,True
GSE199219,CID4040,ATP5F1D,True
GSE199219,CID4040,MIDN,True
GSE199219,CID4040,CIRBP,True
GSE199219,CID4040,RPS15,True
GSE199219,CID4040,UQCR11,True
GSE199219,CID4040,ABHD17A,True
GSE199219,CID4040,OAZ1,True
GSE199219,CID4040,LSM7,True
GSE199219,CID4040,GADD45B,True
GSE199219,CID4040,AES,True
GSE199219,CID4040,EEF2,True
GSE199219,CID4040,RPL36,True
GSE199219,CID4040,NDUFA11,True
GSE199219,CID4040,TNFSF9,True
GSE199219,CID4040,RPS28,True
GSE199219,CID4040,HNRNPM,True
GSE199219,CID4040,UBL5,True
GSE199219,CID4040,EIF3G,True
GSE199219,CID4040,ICAM3,True
GSE199219,CID4040,CDC37,True
GSE199219,CID4040,WDR83OS,True
GSE199219,CID4040,TRIR,True
GSE199219,CID4040,JUNB,True
GSE199219,CID4040,PRDX2,True
GSE199219,CID4040,CALR,True
GSE199219,CID4040,IER2,True
GSE199219,CID4040,C19orf53,True
GSE199219,CID4040,AC020916.1,True
GSE199219,CID4040,ADGRE5,True
GSE199219,CID4040,DNAJB1,True
GSE199219,CID4040,TPM4,True
GSE199219,CID4040,KLF2,True
GSE199219,CID4040,BST2,True
GSE199219,CID4040,RPL18A,True
GSE199219,CID4040,JUND,True
GSE199219,CID4040,UBA52,True
GSE199219,CID4040,COPE,True
GSE199219,CID4040,FXYD5,True
GSE199219,CID4040,COX6B1,True
GSE199219,CID4040,NFKBID,True
GSE199219,CID4040,HCST,True
GSE199219,CID4040,PSMD8,True
GSE199219,CID4040,EIF3K,True
GSE199219,CID4040,ACTN4,True
GSE199219,CID4040,GMFG,True
GSE199219,CID4040,ZFP36,True
GSE199219,CID4040,RPS16,True
GSE199219,CID4040,SERTAD1,True
GSE199219,CID4040,HNRNPUL1,True
GSE199219,CID4040,TGFB1,True
GSE199219,CID4040,RPS19,True
GSE199219,CID4040,ARHGEF1,True
GSE199219,CID4040,RABAC1,True
GSE199219,CID4040,DEDD2,True
GSE199219,CID4040,FOSB,True
GSE199219,CID4040,SNRPD2,True
GSE199219,CID4040,CALM3,True
GSE199219,CID4040,NOP53,True
GSE199219,CID4040,EMP3,True
GSE199219,CID4040,RPL18,True
GSE199219,CID4040,PPP1R15A,True
GSE199219,CID4040,BAX,True
GSE199219,CID4040,FTL,True
GSE199219,CID4040,CD37,True
GSE199219,CID4040,RPL13A,True
GSE199219,CID4040,RPS11,True
GSE199219,CID4040,NKG7,True
GSE199219,CID4040,ZNF331,True
GSE199219,CID4040,MYADM,True
GSE199219,CID4040,RPS9,True
GSE199219,CID4040,UBE2S,True
GSE199219,CID4040,RPS5,True
GSE199219,CID4040,RANBP1,True
GSE199219,CID4040,MIF,True
GSE199219,CID4040,XBP1,True
GSE199219,CID4040,UQCR10,True
GSE199219,CID4040,PIK3IP1,True
GSE199219,CID4040,MYH9,True
GSE199219,CID4040,RAC2,True
GSE199219,CID4040,LGALS1,True
GSE199219,CID4040,DDX17,True
GSE199219,CID4040,APOBEC3G,True
GSE199219,CID4040,RPL3,True
GSE199219,CID4040,ATF4,True
GSE199219,CID4040,TNRC6B,True
GSE199219,CID4040,ST13,True
GSE199219,CID4040,RBX1,True
GSE199219,CID4040,XRCC6,True
GSE199219,CID4040,SNU13,True
GSE199219,CID4040,SMDT1,True
GSE199219,CID4040,TSPO,True
GSE199219,CID4040,PIM3,True
GSE199219,CID4040,TYMP,True
GSE199219,CID4040,SAMSN1,True
GSE199219,CID4040,BTG3,True
GSE199219,CID4040,ATP5PF,True
GSE199219,CID4040,SOD1,True
GSE199219,CID4040,SON,True
GSE199219,CID4040,MRPS6,True
GSE199219,CID4040,SLC5A3,True
GSE199219,CID4040,HMGN1,True
GSE199219,CID4040,ABCG1,False
GSE199219,CID4040,CSTB,True
GSE199219,CID4040,ITGB2,True
GSE199219,CID4040,MT-ND2,True
GSE199219,CID4040,MT-ND3,True
GSE199219,CID4040,MT-ND4L,True
GSE199219,CID4040,MT-ND5,True
GSE199219,CID4040,mm10---mt-Atp6,True
GSE199219,CID4040,mm10---mt-Co3,True
GSE199219,CID4040,mm10---mt-Co2,True
GSE199219,CID4040,mm10---mt-Cytb,True
GSE199219,CID4040,mm10---mt-Co1,True
GSE199219,CID4040,mm10---mt-Nd1,True
GSE199219,CID4040,mm10---Gm42418,True
GSE199219,CID4040,mm10---mt-Nd2,True
GSE199219,CID4040,mm10---mt-Nd4,True
GSE199219,CID4040,SELK,True
GSE199219,CID4040,FYB,True
GSE199219,CID4040,GNB2L1,True
GSE199219,CID4040,LINC-PINT,True
GSE199219,CID4040,WHSC1L1,True
GSE199219,CID4040,ATP5L,True
GSE199219,CID4040,ATP5G2,True
GSE199219,CID4040,ATP5E,True
GSE199219,CID4040,C19orf43,True
GSE199219,CID4040,GLTSCR2,True
GSE199219,CID4497,ISG15,True
GSE199219,CID4497,TNFRSF18,True
GSE199219,CID4497,TNFRSF4,True
GSE199219,CID4497,RPL22,True
GSE199219,CID4497,TNFRSF9,True
GSE199219,CID4497,PARK7,True
GSE199219,CID4497,ENO1,True
GSE199219,CID4497,TNFRSF1B,True
GSE199219,CID4497,PRDM2,True
GSE199219,CID4497,EFHD2,True
GSE199219,CID4497,CAPZB,True
GSE199219,CID4497,MINOS1,True
GSE199219,CID4497,HP1BP3,True
GSE199219,CID4497,CDC42,True
GSE199219,CID4497,ID3,True
GSE199219,CID4497,RPL11,True
GSE199219,CID4497,SRSF10,True
GSE199219,CID4497,RCAN3,True
GSE199219,CID4497,SRRM1,True
GSE199219,CID4497,RUNX3,True
GSE199219,CID4497,SYF2,True
GSE199219,CID4497,RSRP1,True
GSE199219,CID4497,TMEM50A,True
GSE199219,CID4497,STMN1,True
GSE199219,CID4497,SH3BGRL3,True
GSE199219,CID4497,CD52,True
GSE199219,CID4497,HMGN2,True
GSE199219,CID4497,NUDC,True
GSE199219,CID4497,IFI6,True
GSE199219,CID4497,ATP5IF1,True
GSE199219,CID4497,SNHG12,True
GSE199219,CID4497,LAPTM5,True
GSE199219,CID4497,PTP4A2,True
GSE199219,CID4497,LCK,True
GSE199219,CID4497,MARCKSL1,True
GSE199219,CID4497,SFPQ,True
GSE199219,CID4497,NDUFS5,True
GSE199219,CID4497,MACF1,True
GSE199219,CID4497,CAP1,True
GSE199219,CID4497,SMAP2,True
GSE199219,CID4497,YBX1,True
GSE199219,CID4497,RPS8,True
GSE199219,CID4497,PLK3,True
GSE199219,CID4497,PRDX1,True
GSE199219,CID4497,NASP,True
GSE199219,CID4497,UQCRH,True
GSE199219,CID4497,TMEM59,True
GSE199219,CID4497,DHCR24,False
GSE199219,CID4497,JUN,True
GSE199219,CID4497,JAK1,True
GSE199219,CID4497,PDE4B,True
GSE199219,CID4497,SERBP1,True
GSE199219,CID4497,GADD45A,True
GSE199219,CID4497,SRSF11,True
GSE199219,CID4497,IFI44L,True
GSE199219,CID4497,GNG5,True
GSE199219,CID4497,ODF2L,True
GSE199219,CID4497,GTF2B,True
GSE199219,CID4497,GBP2,True
GSE199219,CID4497,GBP5,True
GSE199219,CID4497,RPL5,True
GSE199219,CID4497,DNTTIP2,True
GSE199219,CID4497,PRPF38B,True
GSE199219,CID4497,CD53,True
GSE199219,CID4497,RAP1A,True
GSE199219,CID4497,CAPZA1,True
GSE199219,CID4497,PTPN22,True
GSE199219,CID4497,BCAS2,True
GSE199219,CID4497,CSDE1,True
GSE199219,CID4497,ATP1A1,True
GSE199219,CID4497,CD2,True
GSE199219,CID4497,TENT5C,True
GSE199219,CID4497,HMGCS2,False
GSE199219,CID4497,RBM8A,True
GSE199219,CID4497,TXNIP,True
GSE199219,CID4497,MCL1,True
GSE199219,CID4497,ENSA,True
GSE199219,CID4497,S100A10,True
GSE199219,CID4497,S100A11,True
GSE199219,CID4497,S100A6,True
GSE199219,CID4497,S100A4,True
GSE199219,CID4497,JTB,True
GSE199219,CID4497,RPS27,True
GSE199219,CID4497,TPM3,True
GSE199219,CID4497,PBXIP1,True
GSE199219,CID4497,FDPS,False
GSE199219,CID4497,ASH1L,True
GSE199219,CID4497,SSR2,True
GSE199219,CID4497,LMNA,True
GSE199219,CID4497,CCT3,True
GSE199219,CID4497,IFI16,True
GSE199219,CID4497,TAGLN2,True
GSE199219,CID4497,CD48,True
GSE199219,CID4497,TSTD1,True
GSE199219,CID4497,UFC1,True
GSE199219,CID4497,HSPA6,True
GSE199219,CID4497,HSD17B7,False
GSE199219,CID4497,CD247,True
GSE199219,CID4497,XCL2,True
GSE199219,CID4497,PRRC2C,True
GSE199219,CID4497,CACYBP,True
GSE199219,CID4497,IER5,True
GSE199219,CID4497,ARPC5,True
GSE199219,CID4497,FAM129A,True
GSE199219,CID4497,IVNS1ABP,True
GSE199219,CID4497,TPR,True
GSE199219,CID4497,RGS1,True
GSE199219,CID4497,RGS2,True
GSE199219,CID4497,PTPRC,True
GSE199219,CID4497,PTPN7,True
GSE199219,CID4497,BTG2,True
GSE199219,CID4497,NUCKS1,True
GSE199219,CID4497,CD55,True
GSE199219,CID4497,TRAF3IP3,True
GSE199219,CID4497,ATF3,True
GSE199219,CID4497,H3F3A,True
GSE199219,CID4497,ARF1,True
GSE199219,CID4497,GUK1,True
GSE199219,CID4497,TOMM20,True
GSE199219,CID4497,ARID4B,True
GSE199219,CID4497,LYST,True
GSE199219,CID4497,HNRNPU,True
GSE199219,CID4497,RPS7,True
GSE199219,CID4497,ID2,True
GSE199219,CID4497,YWHAQ,True
GSE199219,CID4497,ODC1,True
GSE199219,CID4497,PDIA6,True
GSE199219,CID4497,OST4,True
GSE199219,CID4497,FOSL2,True
GSE199219,CID4497,PPP1CB,True
GSE199219,CID4497,YPEL5,True
GSE199219,CID4497,LBH,True
GSE199219,CID4497,SRSF7,True
GSE199219,CID4497,EML4,True
GSE199219,CID4497,ZFP36L2,True
GSE199219,CID4497,CALM2,True
GSE199219,CID4497,EPCAM,False
GSE199219,CID4497,RTN4,True
GSE199219,CID4497,RPS27A,True
GSE199219,CID4497,REL,True
GSE199219,CID4497,CCT4,True
GSE199219,CID4497,UGP2,True
GSE199219,CID4497,ACTR2,True
GSE199219,CID4497,AAK1,True
GSE199219,CID4497,PCBP1,True
GSE199219,CID4497,SNRPG,True
GSE199219,CID4497,TMSB10,True
GSE199219,CID4497,MAT2A,True
GSE199219,CID4497,VAMP8,True
GSE199219,CID4497,GNLY,True
GSE199219,CID4497,CD8A,True
GSE199219,CID4497,CD8B,True
GSE199219,CID4497,CYTOR,True
GSE199219,CID4497,IGKC,True
GSE199219,CID4497,DUSP2,True
GSE199219,CID4497,ARID5A,True
GSE199219,CID4497,COX5B,True
GSE199219,CID4497,RPL31,True
GSE199219,CID4497,GCC2,True
GSE199219,CID4497,LIMS1,True
GSE199219,CID4497,ACTR3,True
GSE199219,CID4497,DDX18,True
GSE199219,CID4497,DBI,True
GSE199219,CID4497,GYPC,True
GSE199219,CID4497,MZT2B,True
GSE199219,CID4497,MZT2A,True
GSE199219,CID4497,UBXN4,True
GSE199219,CID4497,CXCR4,True
GSE199219,CID4497,ARHGAP15,True
GSE199219,CID4497,ZEB2,True
GSE199219,CID4497,PRPF40A,True
GSE199219,CID4497,NR4A2,True
GSE199219,CID4497,CYTIP,True
GSE199219,CID4497,TANK,True
GSE199219,CID4497,PPIG,True
GSE199219,CID4497,WIPF1,True
GSE199219,CID4497,HNRNPA3,True
GSE199219,CID4497,NFE2L2,True
GSE199219,CID4497,ITGA4,True
GSE199219,CID4497,ORMDL1,True
GSE199219,CID4497,GLS,True
GSE199219,CID4497,STAT1,True
GSE199219,CID4497,STAT4,True
GSE199219,CID4497,NABP1,True
GSE199219,CID4497,STK17B,True
GSE199219,CID4497,SF3B1,True
GSE199219,CID4497,HSPD1,True
GSE199219,CID4497,HSPE1,True
GSE199219,CID4497,BZW1,True
GSE199219,CID4497,CLK1,True
GSE199219,CID4497,CFLAR,True
GSE199219,CID4497,SUMO1,True
GSE199219,CID4497,NOP58,True
GSE199219,CID4497,CTLA4,True
GSE199219,CID4497,ICOS,True
GSE199219,CID4497,EEF1B2,True
GSE199219,CID4497,XRCC5,True
GSE199219,CID4497,RPL37A,True
GSE199219,CID4497,ARPC2,True
GSE199219,CID4497,TUBA4A,True
GSE199219,CID4497,SP100,True
GSE199219,CID4497,NCL,True
GSE199219,CID4497,ARL4C,True
GSE199219,CID4497,LRRFIP1,True
GSE199219,CID4497,PDCD1,False
GSE199219,CID4497,ARPC4,True
GSE199219,CID4497,BRK1,True
GSE199219,CID4497,RPL32,True
GSE199219,CID4497,ANKRD28,True
GSE199219,CID4497,GOLGA4,True
GSE199219,CID4497,CSRNP1,True
GSE199219,CID4497,RPSA,True
GSE199219,CID4497,EIF1B,True
GSE199219,CID4497,RPL14,True
GSE199219,CID4497,NKTR,True
GSE199219,CID4497,TMA7,True
GSE199219,CID4497,RHOA,True
GSE199219,CID4497,GNAI2,True
GSE199219,CID4497,RPL29,True
GSE199219,CID4497,SPCS1,True
GSE199219,CID4497,SELENOK,True
GSE199219,CID4497,ARF4,True
GSE199219,CID4497,ARL6IP5,True
GSE199219,CID4497,FOXP1,True
GSE199219,CID4497,MTRNR2L12,True
GSE199219,CID4497,CLDND1,True
GSE199219,CID4497,RPL24,True
GSE199219,CID4497,NFKBIZ,True
GSE199219,CID4497,CD47,True
GSE199219,CID4497,TRAT1,True
GSE199219,CID4497,CD96,True
GSE199219,CID4497,TIGIT,True
GSE199219,CID4497,NDUFB4,True
GSE199219,CID4497,HCLS1,True
GSE199219,CID4497,GOLGB1,True
GSE199219,CID4497,CNBP,True
GSE199219,CID4497,H1FX,True
GSE199219,CID4497,CDV3,True
GSE199219,CID4497,ATP1B3,True
GSE199219,CID4497,TSC22D2,True
GSE199219,CID4497,SERP1,True
GSE199219,CID4497,MBNL1,True
GSE199219,CID4497,DHX36,True
GSE199219,CID4497,TIPARP,True
GSE199219,CID4497,CCNL1,True
GSE199219,CID4497,SEC62,True
GSE199219,CID4497,SKIL,True
GSE199219,CID4497,RPL22L1,True
GSE199219,CID4497,TRA2B,True
GSE199219,CID4497,EIF4A2,True
GSE199219,CID4497,PPP1R2,True
GSE199219,CID4497,RPL35A,True
GSE199219,CID4497,MXD4,True
GSE199219,CID4497,LYAR,True
GSE199219,CID4497,MRFAP1,True
GSE199219,CID4497,BOD1L1,True
GSE199219,CID4497,RBPJ,True
GSE199219,CID4497,ARAP2,True
GSE199219,CID4497,RPL9,True
GSE199219,CID4497,RHOH,True
GSE199219,CID4497,OCIAD2,True
GSE199219,CID4497,HOPX,True
GSE199219,CID4497,AREG,True
GSE199219,CID4497,G3BP2,True
GSE199219,CID4497,CCNI,True
GSE199219,CID4497,CXCL13,True
GSE199219,CID4497,CNOT6L,True
GSE199219,CID4497,RASGEF1B,True
GSE199219,CID4497,HNRNPDL,True
GSE199219,CID4497,H2AFZ,True
GSE199219,CID4497,NFKB1,True
GSE199219,CID4497,UBE2D3,True
GSE199219,CID4497,RPL34,True
GSE199219,CID4497,SNHG8,True
GSE199219,CID4497,C4orf3,True
GSE199219,CID4497,ANXA5,True
GSE199219,CID4497,SMARCA5,True
GSE199219,CID4497,RPS3A,True
GSE199219,CID4497,HMGB2,True
GSE199219,CID4497,ANKRD37,True
GSE199219,CID4497,SUB1,True
GSE199219,CID4497,IL7R,True
GSE199219,CID4497,FYB1,True
GSE199219,CID4497,PTGER4,True
GSE199219,CID4497,PRKAA1,False
GSE199219,CID4497,RPL37,True
GSE199219,CID4497,EMB,True
GSE199219,CID4497,GZMK,True
GSE199219,CID4497,GZMA,True
GSE199219,CID4497,GPBP1,True
GSE199219,CID4497,PIK3R1,True
GSE199219,CID4497,BTF3,True
GSE199219,CID4497,NSA2,True
GSE199219,CID4497,TBCA,True
GSE199219,CID4497,JMY,True
GSE199219,CID4497,RPS23,True
GSE199219,CID4497,COX7C,True
GSE199219,CID4497,CCNH,True
GSE199219,CID4497,GLRX,True
GSE199219,CID4497,CAST,True
GSE199219,CID4497,CHD1,True
GSE199219,CID4497,REEP5,True
GSE199219,CID4497,TNFAIP8,True
GSE199219,CID4497,HINT1,True
GSE199219,CID4497,CDC42SE2,True
GSE199219,CID4497,IRF1,True
GSE199219,CID4497,TCF7,True
GSE199219,CID4497,SKP1,True
GSE199219,CID4497,UBE2B,True
GSE199219,CID4497,HNRNPA0,True
GSE199219,CID4497,EGR1,True
GSE199219,CID4497,HSPA9,True
GSE199219,CID4497,PAIP2,True
GSE199219,CID4497,UBE2D2,True
GSE199219,CID4497,CD14,False
GSE199219,CID4497,TAF7,True
GSE199219,CID4497,NDFIP1,True
GSE199219,CID4497,NR3C1,True
GSE199219,CID4497,CSNK1A1,True
GSE199219,CID4497,CD74,True
GSE199219,CID4497,RPS14,True
GSE199219,CID4497,ITK,True
GSE199219,CID4497,NPM1,True
GSE199219,CID4497,DUSP1,True
GSE199219,CID4497,ATP6V0E1,True
GSE199219,CID4497,CREBRF,True
GSE199219,CID4497,HIGD2A,True
GSE199219,CID4497,PRELID1,True
GSE199219,CID4497,HNRNPAB,True
GSE199219,CID4497,HNRNPH1,True
GSE199219,CID4497,SQSTM1,True
GSE199219,CID4497,RACK1,True
GSE199219,CID4497,SERPINB9,True
GSE199219,CID4497,PRPF4B,True
GSE199219,CID4497,CD83,True
GSE199219,CID4497,MYLIP,True
GSE199219,CID4497,DEK,True
GSE199219,CID4497,HIST1H4C,True
GSE199219,CID4497,BTN3A2,True
GSE199219,CID4497,HLA-F,True
GSE199219,CID4497,HLA-E,True
GSE199219,CID4497,PPP1R10,True
GSE199219,CID4497,TUBB,True
GSE199219,CID4497,TNF,True
GSE199219,CID4497,LTB,True
GSE199219,CID4497,CLIC1,True
GSE199219,CID4497,HSPA1A,True
GSE199219,CID4497,HSPA1B,True
GSE199219,CID4497,C6orf48,True
GSE199219,CID4497,NEU1,True
GSE199219,CID4497,GPSM3,True
GSE199219,CID4497,HLA-DRA,True
GSE199219,CID4497,HLA-DRB1,True
GSE199219,CID4497,HLA-DQA1,True
GSE199219,CID4497,HLA-DQB1,True
GSE199219,CID4497,PSMB8,True
GSE199219,CID4497,PSMB9,True
GSE199219,CID4497,TAP1,True
GSE199219,CID4497,BRD2,True
GSE199219,CID4497,HLA-DPA1,True
GSE199219,CID4497,HLA-DPB1,True
GSE199219,CID4497,RPS18,True
GSE199219,CID4497,TAPBP,True
GSE199219,CID4497,CUTA,True
GSE199219,CID4497,RPS10,True
GSE199219,CID4497,RPL10A,True
GSE199219,CID4497,SRSF3,True
GSE199219,CID4497,CDKN1A,True
GSE199219,CID4497,HSP90AB1,True
GSE199219,CID4497,EEF1A1,True
GSE199219,CID4497,COX7A2,True
GSE199219,CID4497,ZNF292,True
GSE199219,CID4497,PNRC1,True
GSE199219,CID4497,PNISR,True
GSE199219,CID4497,PRDM1,True
GSE199219,CID4497,CD164,True
GSE199219,CID4497,AMD1,True
GSE199219,CID4497,FYN,True
GSE199219,CID4497,RPS12,True
GSE199219,CID4497,BCLAF1,True
GSE199219,CID4497,TNFAIP3,True
GSE199219,CID4497,ABRACL,True
GSE199219,CID4497,CITED2,True
GSE199219,CID4497,SF3B5,True
GSE199219,CID4497,DYNLT1,True
GSE199219,CID4497,SYTL3,True
GSE199219,CID4497,EZR,True
GSE199219,CID4497,TAGAP,True
GSE199219,CID4497,SOD2,True
GSE199219,CID4497,WTAP,True
GSE199219,CID4497,TCP1,True
GSE199219,CID4497,MRPL18,True
GSE199219,CID4497,RNASET2,True
GSE199219,CID4497,PSMB1,True
GSE199219,CID4497,ZFAND2A,True
GSE199219,CID4497,ACTB,True
GSE199219,CID4497,RAC1,True
GSE199219,CID4497,NDUFA4,True
GSE199219,CID4497,ARL4A,True
GSE199219,CID4497,TOMM7,True
GSE199219,CID4497,TRA2A,True
GSE199219,CID4497,CYCS,True
GSE199219,CID4497,HNRNPA2B1,True
GSE199219,CID4497,CBX3,True
GSE199219,CID4497,TAX1BP1,True
GSE199219,CID4497,SEPT7,True
GSE199219,CID4497,TRGC2,True
GSE199219,CID4497,STK17A,True
GSE199219,CID4497,PPIA,True
GSE199219,CID4497,H2AFV,True
GSE199219,CID4497,IKZF1,True
GSE199219,CID4497,SEC61G,True
GSE199219,CID4497,EGFR,False
GSE199219,CID4497,CHCHD2,True
GSE199219,CID4497,SBDS,True
GSE199219,CID4497,HSPB1,True
GSE199219,CID4497,AKAP9,True
GSE199219,CID4497,FAM133B,True
GSE199219,CID4497,ARPC1B,True
GSE199219,CID4497,LAMTOR4,True
GSE199219,CID4497,KMT2E,True
GSE199219,CID4497,NAMPT,True
GSE199219,CID4497,HBP1,True
GSE199219,CID4497,DNAJB9,True
GSE199219,CID4497,IFRD1,True
GSE199219,CID4497,AC016831.7,True
GSE199219,CID4497,AC058791.1,True
GSE199219,CID4497,ZC3HAV1,True
GSE199219,CID4497,NDUFB2,True
GSE199219,CID4497,TRBC1,True
GSE199219,CID4497,TRBC2,True
GSE199219,CID4497,GSTK1,True
GSE199219,CID4497,GIMAP7,True
GSE199219,CID4497,DNAJB6,True
GSE199219,CID4497,SLC25A6,True
GSE199219,CID4497,CD99,True
GSE199219,CID4497,TMSB4X,True
GSE199219,CID4497,SYAP1,True
GSE199219,CID4497,SH3KBP1,True
GSE199219,CID4497,EIF1AX,True
GSE199219,CID4497,SAT1,True
GSE199219,CID4497,DDX3X,True
GSE199219,CID4497,NDUFB11,True
GSE199219,CID4497,UXT,True
GSE199219,CID4497,RBM3,True
GSE199219,CID4497,PLP2,True
GSE199219,CID4497,TSPYL2,True
GSE199219,CID4497,MSN,True
GSE199219,CID4497,IL2RG,True
GSE199219,CID4497,RPS4X,True
GSE199219,CID4497,XIST,True
GSE199219,CID4497,ATRX,True
GSE199219,CID4497,COX7B,True
GSE199219,CID4497,PGK1,True
GSE199219,CID4497,ITM2A,True
GSE199219,CID4497,SH3BGRL,True
GSE199219,CID4497,RPL36A,True
GSE199219,CID4497,TSC22D3,True
GSE199219,CID4497,SLC25A5,True
GSE199219,CID4497,SEPT6,True
GSE199219,CID4497,RPL39,True
GSE199219,CID4497,NDUFA1,True
GSE199219,CID4497,CD40LG,True
GSE199219,CID4497,RBMX,True
GSE199219,CID4497,IDS,True
GSE199219,CID4497,NSDHL,False
GSE199219,CID4497,SSR4,True
GSE199219,CID4497,FLNA,True
GSE199219,CID4497,RPL10,True
GSE199219,CID4497,G6PD,False
GSE199219,CID4497,PCM1,True
GSE199219,CID4497,DOK2,True
GSE199219,CID4497,DUSP4,True
GSE199219,CID4497,SARAF,True
GSE199219,CID4497,LEPROTL1,True
GSE199219,CID4497,RAB11FIP1,True
GSE199219,CID4497,NSD3,True
GSE199219,CID4497,RPS20,True
GSE199219,CID4497,SDCBP,True
GSE199219,CID4497,RPL7,True
GSE199219,CID4497,FABP5,True
GSE199219,CID4497,GEM,True
GSE199219,CID4497,UQCRB,True
GSE199219,CID4497,MTDH,True
GSE199219,CID4497,RPL30,True
GSE199219,CID4497,COX6C,True
GSE199219,CID4497,RNF19A,True
GSE199219,CID4497,PABPC1,True
GSE199219,CID4497,YWHAZ,True
GSE199219,CID4497,ZNF706,True
GSE199219,CID4497,EIF3E,True
GSE199219,CID4497,ENY2,True
GSE199219,CID4497,EIF3H,True
GSE199219,CID4497,FAM49B,True
GSE199219,CID4497,SLA,True
GSE199219,CID4497,LY6E,True
GSE199219,CID4497,EEF1D,True
GSE199219,CID4497,VPS28,True
GSE199219,CID4497,RPL8,True
GSE199219,CID4497,DOCK8,True
GSE199219,CID4497,VLDLR,False
GSE199219,CID4497,CD274,False
GSE199219,CID4497,PLIN2,True
GSE199219,CID4497,RPS6,True
GSE199219,CID4497,DNAJA1,True
GSE199219,CID4497,ZFAND5,True
GSE199219,CID4497,ANXA1,True
GSE199219,CID4497,TLE4,True
GSE199219,CID4497,HNRNPK,True
GSE199219,CID4497,CKS2,True
GSE199219,CID4497,ANP32B,True
GSE199219,CID4497,SEC61B,True
GSE199219,CID4497,NR4A3,True
GSE199219,CID4497,TXN,True
GSE199219,CID4497,AKNA,True
GSE199219,CID4497,ATP6V1G1,True
GSE199219,CID4497,RPL35,True
GSE199219,CID4497,HSPA5,True
GSE199219,CID4497,RPL12,True
GSE199219,CID4497,C9orf16,True
GSE199219,CID4497,SPTAN1,True
GSE199219,CID4497,SET,True
GSE199219,CID4497,IER5L,True
GSE199219,CID4497,C9orf78,True
GSE199219,CID4497,FNBP1,True
GSE199219,CID4497,RPL7A,True
GSE199219,CID4497,SNHG7,True
GSE199219,CID4497,PHPT1,True
GSE199219,CID4497,EDF1,True
GSE199219,CID4497,DPP7,True
GSE199219,CID4497,TUBB4B,True
GSE199219,CID4497,IFITM2,True
GSE199219,CID4497,RPLP2,True
GSE199219,CID4497,POLR2L,True
GSE199219,CID4497,CTSD,True
GSE199219,CID4497,LSP1,True
GSE199219,CID4497,CD81,True
GSE199219,CID4497,KCNQ1OT1,True
GSE199219,CID4497,EIF3F,True
GSE199219,CID4497,RPL27A,True
GSE199219,CID4497,MTRNR2L8,True
GSE199219,CID4497,EIF4G2,True
GSE199219,CID4497,PSMA1,True
GSE199219,CID4497,C11orf58,True
GSE199219,CID4497,RPS13,True
GSE199219,CID4497,LDHA,True
GSE199219,CID4497,CD44,True
GSE199219,CID4497,CD6,True
GSE199219,CID4497,TMEM258,True
GSE199219,CID4497,FTH1,True
GSE199219,CID4497,AHNAK,True
GSE199219,CID4497,UBXN1,True
GSE199219,CID4497,SLC3A2,True
GSE199219,CID4497,RARRES3,True
GSE199219,CID4497,COX8A,True
GSE199219,CID4497,PPP1R14B,True
GSE199219,CID4497,TRMT112,True
GSE199219,CID4497,SF1,True
GSE199219,CID4497,NEAT1,True
GSE199219,CID4497,CFL1,True
GSE199219,CID4497,CTSW,True
GSE199219,CID4497,CCDC85B,True
GSE199219,CID4497,DRAP1,True
GSE199219,CID4497,TBC1D10C,True
GSE199219,CID4497,CORO1B,True
GSE199219,CID4497,GSTP1,True
GSE199219,CID4497,DHCR7,False
GSE199219,CID4497,UCP2,True
GSE199219,CID4497,SPCS2,True
GSE199219,CID4497,RPS3,True
GSE199219,CID4497,NDUFC2,True
GSE199219,CID4497,CTSC,True
GSE199219,CID4497,CHORDC1,True
GSE199219,CID4497,TAF1D,True
GSE199219,CID4497,BIRC3,True
GSE199219,CID4497,CARD16,True
GSE199219,CID4497,ATM,True
GSE199219,CID4497,NCAM1,False
GSE199219,CID4497,PCSK7,True
GSE199219,CID4497,IL10RA,True
GSE199219,CID4497,CD3E,True
GSE199219,CID4497,CD3D,True
GSE199219,CID4497,CD3G,True
GSE199219,CID4497,ATP5MG,True
GSE199219,CID4497,KMT2A,True
GSE199219,CID4497,DDX6,True
GSE199219,CID4497,RPS25,True
GSE199219,CID4497,H2AFX,True
GSE199219,CID4497,HSPA8,True
GSE199219,CID4497,ETS1,True
GSE199219,CID4497,IDI1,True
GSE199219,CID4497,KLF6,True
GSE199219,CID4497,CELF2,True
GSE199219,CID4497,OPTN,True
GSE199219,CID4497,FAM107B,True
GSE199219,CID4497,VIM,True
GSE199219,CID4497,YME1L1,True
GSE199219,CID4497,KIF5B,True
GSE199219,CID4497,EPC1,True
GSE199219,CID4497,ITGB1,True
GSE199219,CID4497,CREM,True
GSE199219,CID4497,HNRNPF,True
GSE199219,CID4497,ARID5B,True
GSE199219,CID4497,JMJD1C,True
GSE199219,CID4497,HNRNPH3,True
GSE199219,CID4497,DDX21,True
GSE199219,CID4497,SRGN,True
GSE199219,CID4497,PPA1,True
GSE199219,CID4497,SPOCK2,True
GSE199219,CID4497,ANAPC16,True
GSE199219,CID4497,DDIT4,True
GSE199219,CID4497,PGAM1,True
GSE199219,CID4497,NDUFB8,True
GSE199219,CID4497,DUSP5,True
GSE199219,CID4497,PDCD4,True
GSE199219,CID4497,EIF3A,True
GSE199219,CID4497,RGS10,True
GSE199219,CID4497,BUB3,True
GSE199219,CID4497,WNK1,True
GSE199219,CID4497,CCND2,True
GSE199219,CID4497,CD27,True
GSE199219,CID4497,GAPDH,True
GSE199219,CID4497,PTMS,True
GSE199219,CID4497,CD4,False
GSE199219,CID4497,TPI1,True
GSE199219,CID4497,C12orf57,True
GSE199219,CID4497,SLC2A3,True
GSE199219,CID4497,KLRB1,True
GSE199219,CID4497,CLEC2D,True
GSE199219,CID4497,CD69,True
GSE199219,CID4497,CLEC2B,True
GSE199219,CID4497,GABARAPL1,True
GSE199219,CID4497,KLRD1,True
GSE199219,CID4497,CDKN1B,True
GSE199219,CID4497,ATF7IP,True
GSE199219,CID4497,ARHGDIB,True
GSE199219,CID4497,LDHB,True
GSE199219,CID4497,FGFR1OP2,True
GSE199219,CID4497,KIAA1551,True
GSE199219,CID4497,SCAF11,True
GSE199219,CID4497,SLC38A1,True
GSE199219,CID4497,SLC38A2,True
GSE199219,CID4497,TUBA1B,True
GSE199219,CID4497,TUBA1A,True
GSE199219,CID4497,TUBA1C,True
GSE199219,CID4497,TMBIM6,True
GSE199219,CID4497,LIMA1,False
GSE199219,CID4497,DAZAP2,True
GSE199219,CID4497,NR4A1,True
GSE199219,CID4497,EIF4B,True
GSE199219,CID4497,PFDN5,True
GSE199219,CID4497,PCBP2,True
GSE199219,CID4497,ATP5MC2,True
GSE199219,CID4497,HNRNPA1,True
GSE199219,CID4497,BLOC1S1,True
GSE199219,CID4497,CD63,True
GSE199219,CID4497,RPS26,True
GSE199219,CID4497,RPL41,True
GSE199219,CID4497,MYL6,True
GSE199219,CID4497,PTGES3,True
GSE199219,CID4497,NACA,True
GSE199219,CID4497,USP15,True
GSE199219,CID4497,IFNG,True
GSE199219,CID4497,RAP1B,True
GSE199219,CID4497,RAB21,True
GSE199219,CID4497,GLIPR1,True
GSE199219,CID4497,PHLDA1,True
GSE199219,CID4497,NAP1L1,True
GSE199219,CID4497,PPP1R12A,True
GSE199219,CID4497,ATP2B1,True
GSE199219,CID4497,BTG1,True
GSE199219,CID4497,SLC25A3,True
GSE199219,CID4497,HSP90B1,True
GSE199219,CID4497,ISCU,True
GSE199219,CID4497,ARPC3,True
GSE199219,CID4497,ERP29,True
GSE199219,CID4497,RPL6,True
GSE199219,CID4497,PEBP1,True
GSE199219,CID4497,RPLP0,True
GSE199219,CID4497,COX6A1,True
GSE199219,CID4497,SRSF9,True
GSE199219,CID4497,DYNLL1,True
GSE199219,CID4497,OASL,True
GSE199219,CID4497,RSRC2,True
GSE199219,CID4497,VPS37B,True
GSE199219,CID4497,ARL6IP4,True
GSE199219,CID4497,RILPL2,True
GSE199219,CID4497,UBC,True
GSE199219,CID4497,RAN,True
GSE199219,CID4497,MPHOSPH8,True
GSE199219,CID4497,SAP18,True
GSE199219,CID4497,RPL21,True
GSE199219,CID4497,GTF3A,True
GSE199219,CID4497,POLR1D,True
GSE199219,CID4497,POMP,True
GSE199219,CID4497,HMGB1,True
GSE199219,CID4497,ALOX5AP,True
GSE199219,CID4497,HSPH1,True
GSE199219,CID4497,N4BP2L2,True
GSE199219,CID4497,ELF1,True
GSE199219,CID4497,RGCC,True
GSE199219,CID4497,EPSTI1,True
GSE199219,CID4497,TPT1,True
GSE199219,CID4497,LCP1,True
GSE199219,CID4497,ITM2B,True
GSE199219,CID4497,INTS6,True
GSE199219,CID4497,COMMD6,True
GSE199219,CID4497,MYCBP2,True
GSE199219,CID4497,GPR183,True
GSE199219,CID4497,ARGLU1,True
GSE199219,CID4497,PNP,True
GSE199219,CID4497,HNRNPC,True
GSE199219,CID4497,TRAC,True
GSE199219,CID4497,DAD1,True
GSE199219,CID4497,PSME1,True
GSE199219,CID4497,PSME2,True
GSE199219,CID4497,CHMP4A,True
GSE199219,CID4497,NEDD8,True
GSE199219,CID4497,GZMH,True
GSE199219,CID4497,GZMB,True
GSE199219,CID4497,BAZ1A,True
GSE199219,CID4497,FAM177A1,True
GSE199219,CID4497,NFKBIA,True
GSE199219,CID4497,RALGAPA1,True
GSE199219,CID4497,PNN,True
GSE199219,CID4497,RPS29,True
GSE199219,CID4497,RPL36AL,True
GSE199219,CID4497,ARF6,True
GSE199219,CID4497,GNG2,True
GSE199219,CID4497,LGALS3,True
GSE199219,CID4497,KTN1,True
GSE199219,CID4497,SYNE2,True
GSE199219,CID4497,ZFP36L1,True
GSE199219,CID4497,SRSF5,True
GSE199219,CID4497,RBM25,True
GSE199219,CID4497,FOS,True
GSE199219,CID4497,BATF,True
GSE199219,CID4497,AHSA1,True
GSE199219,CID4497,CALM1,True
GSE199219,CID4497,DDX24,True
GSE199219,CID4497,PAPOLA,True
GSE199219,CID4497,BCL11B,True
GSE199219,CID4497,EVL,True
GSE199219,CID4497,PPP2R5C,True
GSE199219,CID4497,HSP90AA1,True
GSE199219,CID4497,EIF5,True
GSE199219,CID4497,CRIP1,True
GSE199219,CID4497,SRP14,True
GSE199219,CID4497,PDIA3,True
GSE199219,CID4497,SERF2,True
GSE199219,CID4497,EID1,True
GSE199219,CID4497,RSL24D1,True
GSE199219,CID4497,SLTM,True
GSE199219,CID4497,ANXA2,True
GSE199219,CID4497,RORA,True
GSE199219,CID4497,RPS27L,True
GSE199219,CID4497,PPIB,True
GSE199219,CID4497,RPL4,True
GSE199219,CID4497,PKM,True
GSE199219,CID4497,ARIH1,True
GSE199219,CID4497,COX5A,True
GSE199219,CID4497,MORF4L1,True
GSE199219,CID4497,RPS17,True
GSE199219,CID4497,SEC11A,True
GSE199219,CID4497,AKAP13,True
GSE199219,CID4497,ISG20,True
GSE199219,CID4497,CIB1,True
GSE199219,CID4497,IQGAP1,True
GSE199219,CID4497,CHD2,True
GSE199219,CID4497,UBE2I,True
GSE199219,CID4497,SRRM2,True
GSE199219,CID4497,ELOB,True
GSE199219,CID4497,IL32,True
GSE199219,CID4497,SOCS1,True
GSE199219,CID4497,LITAF,True
GSE199219,CID4497,GSPT1,True
GSE199219,CID4497,RPS15A,True
GSE199219,CID4497,ARL6IP1,True
GSE199219,CID4497,SMG1,True
GSE199219,CID4497,RBBP6,True
GSE199219,CID4497,CD19,False
GSE199219,CID4497,LAT,True
GSE199219,CID4497,ALDOA,True
GSE199219,CID4497,CORO1A,True
GSE199219,CID4497,FUS,True
GSE199219,CID4497,CYLD,True
GSE199219,CID4497,MT2A,True
GSE199219,CID4497,HERPUD1,True
GSE199219,CID4497,CKLF,True
GSE199219,CID4497,FAM96B,True
GSE199219,CID4497,TERF2IP,True
GSE199219,CID4497,MAF,True
GSE199219,CID4497,CMC2,True
GSE199219,CID4497,COTL1,True
GSE199219,CID4497,COX4I1,True
GSE199219,CID4497,MAP1LC3B,True
GSE199219,CID4497,CYBA,True
GSE199219,CID4497,APRT,True
GSE199219,CID4497,ANKRD11,True
GSE199219,CID4497,TCF25,True
GSE199219,CID4497,ITGAE,False
GSE199219,CID4497,PFN1,True
GSE199219,CID4497,XAF1,True
GSE199219,CID4497,EIF5A,True
GSE199219,CID4497,ACAP1,True
GSE199219,CID4497,POLR2A,True
GSE199219,CID4497,EIF4A1,True
GSE199219,CID4497,KDM6B,True
GSE199219,CID4497,TRAPPC1,True
GSE199219,CID4497,VAMP2,True
GSE199219,CID4497,RPL26,True
GSE199219,CID4497,NCOR1,True
GSE199219,CID4497,UBB,True
GSE199219,CID4497,WSB1,True
GSE199219,CID4497,RPL23A,True
GSE199219,CID4497,NUFIP2,True
GSE199219,CID4497,EVI2B,True
GSE199219,CID4497,ZNF207,True
GSE199219,CID4497,SLFN5,True
GSE199219,CID4497,CCL5,True
GSE199219,CID4497,CCL3,True
GSE199219,CID4497,CCL4,True
GSE199219,CID4497,CCL4L2,True
GSE199219,CID4497,PSMB3,True
GSE199219,CID4497,RPL23,True
GSE199219,CID4497,RPL19,True
GSE199219,CID4497,ERBB2,False
GSE199219,CID4497,CCR7,True
GSE199219,CID4497,KRT10,True
GSE199219,CID4497,STAT3,True
GSE199219,CID4497,RPL27,True
GSE199219,CID4497,HEXIM1,True
GSE199219,CID4497,FMNL1,True
GSE199219,CID4497,SKAP1,True
GSE199219,CID4497,LUC7L3,True
GSE199219,CID4497,TOB1,True
GSE199219,CID4497,VMP1,True
GSE199219,CID4497,LIMD2,True
GSE199219,CID4497,DDX5,True
GSE199219,CID4497,BPTF,True
GSE199219,CID4497,KPNA2,True
GSE199219,CID4497,RPL38,True
GSE199219,CID4497,FDXR,False
GSE199219,CID4497,JPT1,True
GSE199219,CID4497,SUMO2,True
GSE199219,CID4497,H3F3B,True
GSE199219,CID4497,UBALD2,True
GSE199219,CID4497,SRSF2,True
GSE199219,CID4497,SEPT9,True
GSE199219,CID4497,SOCS3,True
GSE199219,CID4497,EIF4A3,True
GSE199219,CID4497,RNF213,True
GSE199219,CID4497,ACTG1,True
GSE199219,CID4497,CD7,True
GSE199219,CID4497,METRNL,True
GSE199219,CID4497,SMCHD1,True
GSE199219,CID4497,MYL12A,True
GSE199219,CID4497,MYL12B,True
GSE199219,CID4497,NDUFV2,True
GSE199219,CID4497,ANKRD12,True
GSE199219,CID4497,VAPA,True
GSE199219,CID4497,CHMP1B,True
GSE199219,CID4497,LDLRAD4,True
GSE199219,CID4497,ROCK1,True
GSE199219,CID4497,RPL17,True
GSE199219,CID4497,PMAIP1,True
GSE199219,CID4497,MBP,True
GSE199219,CID4497,FKBP1A,True
GSE199219,CID4497,SNRPB,True
GSE199219,CID4497,NOP56,True
GSE199219,CID4497,PRNP,True
GSE199219,CID4497,CST7,True
GSE199219,CID4497,DYNLRB1,True
GSE199219,CID4497,RBM39,True
GSE199219,CID4497,TOP1,True
GSE199219,CID4497,YWHAB,True
GSE199219,CID4497,STK4,True
GSE199219,CID4497,ZFAS1,True
GSE199219,CID4497,CEBPB,True
GSE199219,CID4497,GNAS,True
GSE199219,CID4497,ATP5F1E,True
GSE199219,CID4497,PSMA7,True
GSE199219,CID4497,RPS21,True
GSE199219,CID4497,PPDPF,True
GSE199219,CID4497,GZMM,True
GSE199219,CID4497,PTBP1,True
GSE199219,CID4497,GPX4,True
GSE199219,CID4497,ATP5F1D,True
GSE199219,CID4497,MIDN,True
GSE199219,CID4497,CIRBP,True
GSE199219,CID4497,UQCR11,True
GSE199219,CID4497,ABHD17A,True
GSE199219,CID4497,MKNK2,True
GSE199219,CID4497,OAZ1,True
GSE199219,CID4497,LSM7,True
GSE199219,CID4497,GADD45B,True
GSE199219,CID4497,AES,True
GSE199219,CID4497,EEF2,True
GSE199219,CID4497,RPL36,True
GSE199219,CID4497,NDUFA11,True
GSE199219,CID4497,TNFSF9,True
GSE199219,CID4497,RPS28,True
GSE199219,CID4497,HNRNPM,True
GSE199219,CID4497,UBL5,True
GSE199219,CID4497,EIF3G,True
GSE199219,CID4497,ICAM3,True
GSE199219,CID4497,CDC37,True
GSE199219,CID4497,WDR83OS,True
GSE199219,CID4497,TRIR,True
GSE199219,CID4497,JUNB,True
GSE199219,CID4497,PRDX2,True
GSE199219,CID4497,CALR,True
GSE199219,CID4497,IER2,True
GSE199219,CID4497,C19orf53,True
GSE199219,CID4497,AC020916.1,True
GSE199219,CID4497,ADGRE5,True
GSE199219,CID4497,DNAJB1,True
GSE199219,CID4497,TPM4,True
GSE199219,CID4497,KLF2,True
GSE199219,CID4497,BST2,True
GSE199219,CID4497,RPL18A,True
GSE199219,CID4497,JUND,True
GSE199219,CID4497,FKBP8,True
GSE199219,CID4497,UBA52,True
GSE199219,CID4497,COPE,True
GSE199219,CID4497,NDUFA13,True
GSE199219,CID4497,FXYD5,True
GSE199219,CID4497,COX6B1,True
GSE199219,CID4497,NFKBID,True
GSE199219,CID4497,HCST,True
GSE199219,CID4497,PSMD8,True
GSE199219,CID4497,EIF3K,True
GSE199219,CID4497,ACTN4,True
GSE199219,CID4497,GMFG,True
GSE199219,CID4497,ZFP36,True
GSE199219,CID4497,RPS16,True
GSE199219,CID4497,SERTAD1,True
GSE199219,CID4497,HNRNPUL1,True
GSE199219,CID4497,TGFB1,True
GSE199219,CID4497,RPS19,True
GSE199219,CID4497,ARHGEF1,True
GSE199219,CID4497,RABAC1,True
GSE199219,CID4497,DEDD2,True
GSE199219,CID4497,FOSB,True
GSE199219,CID4497,SNRPD2,True
GSE199219,CID4497,CALM3,True
GSE199219,CID4497,NOP53,True
GSE199219,CID4497,EMP3,True
GSE199219,CID4497,RPL18,True
GSE199219,CID4497,PPP1R15A,True
GSE199219,CID4497,BAX,True
GSE199219,CID4497,FTL,True
GSE199219,CID4497,CD37,True
GSE199219,CID4497,RPL13A,True
GSE199219,CID4497,RPS11,True
GSE199219,CID4497,NKG7,True
GSE199219,CID4497,ZNF331,True
GSE199219,CID4497,MYADM,True
GSE199219,CID4497,RPS9,True
GSE199219,CID4497,UBE2S,True
GSE199219,CID4497,RPS5,True
GSE199219,CID4497,RANBP1,True
GSE199219,CID4497,MIF,True
GSE199219,CID4497,XBP1,True
GSE199219,CID4497,UQCR10,True
GSE199219,CID4497,PIK3IP1,True
GSE199219,CID4497,MYH9,True
GSE199219,CID4497,RAC2,True
GSE199219,CID4497,LGALS1,True
GSE199219,CID4497,DDX17,True
GSE199219,CID4497,APOBEC3G,True
GSE199219,CID4497,RPL3,True
GSE199219,CID4497,ATF4,True
GSE199219,CID4497,TNRC6B,True
GSE199219,CID4497,ST13,True
GSE199219,CID4497,RBX1,True
GSE199219,CID4497,SNU13,True
GSE199219,CID4497,SMDT1,True
GSE199219,CID4497,TSPO,True
GSE199219,CID4497,PIM3,True
GSE199219,CID4497,TYMP,True
GSE199219,CID4497,SAMSN1,True
GSE199219,CID4497,BTG3,True
GSE199219,CID4497,SOD1,True
GSE199219,CID4497,SON,True
GSE199219,CID4497,MRPS6,True
GSE199219,CID4497,SLC5A3,True
GSE199219,CID4497,HMGN1,True
GSE199219,CID4497,ABCG1,False
GSE199219,CID4497,CSTB,True
GSE199219,CID4497,ITGB2,True
GSE199219,CID4497,MT-ND2,True
GSE199219,CID4497,MT-ATP8,True
GSE199219,CID4497,MT-ND3,True
GSE199219,CID4497,MT-ND4L,True
GSE199219,CID4497,MT-ND5,True
GSE199219,CID4497,mm10---mt-Atp6,True
GSE199219,CID4497,mm10---mt-Co3,True
GSE199219,CID4497,mm10---mt-Co2,True
GSE199219,CID4497,mm10---mt-Cytb,True
GSE199219,CID4497,mm10---mt-Co1,True
GSE199219,CID4497,mm10---mt-Nd1,True
GSE199219,CID4497,mm10---Gm42418,True
GSE199219,CID4497,mm10---mt-Nd2,True
GSE199219,CID4497,mm10---mt-Nd4,True
GSE199219,CID4497,FAM46C,True
GSE199219,CID4497,LINC00152,True
GSE199219,CID4497,SELK,True
GSE199219,CID4497,FYB,True
GSE199219,CID4497,GNB2L1,True
GSE199219,CID4497,RP11-138A9.1,True
GSE199219,CID4497,LINC-PINT,True
GSE199219,CID4497,WHSC1L1,True
GSE199219,CID4497,ATP5L,True
GSE199219,CID4497,ATP5G2,True
GSE199219,CID4497,CCDC64,True
GSE199219,CID4497,TCEB2,True
GSE199219,CID4497,HN1,True
GSE199219,CID4497,ATP5E,True
GSE199219,CID4497,C19orf43,True
GSE199219,CID4497,CTD-3252C9.4,True
GSE199219,CID4497,GLTSCR2,True
GSE199219,CID4513,ISG15,True
GSE199219,CID4513,TNFRSF18,True
GSE199219,CID4513,TNFRSF4,True
GSE199219,CID4513,RPL22,True
GSE199219,CID4513,TNFRSF9,True
GSE199219,CID4513,PARK7,True
GSE199219,CID4513,ENO1,True
GSE199219,CID4513,TNFRSF1B,True
GSE199219,CID4513,PRDM2,True
GSE199219,CID4513,CAPZB,True
GSE199219,CID4513,MINOS1,True
GSE199219,CID4513,HP1BP3,True
GSE199219,CID4513,CDC42,True
GSE199219,CID4513,ID3,True
GSE199219,CID4513,RPL11,True
GSE199219,CID4513,PITHD1,True
GSE199219,CID4513,SRSF10,True
GSE199219,CID4513,RCAN3,True
GSE199219,CID4513,SRRM1,True
GSE199219,CID4513,RUNX3,True
GSE199219,CID4513,SYF2,True
GSE199219,CID4513,RSRP1,True
GSE199219,CID4513,TMEM50A,True
GSE199219,CID4513,STMN1,True
GSE199219,CID4513,SH3BGRL3,True
GSE199219,CID4513,CD52,True
GSE199219,CID4513,HMGN2,True
GSE199219,CID4513,NUDC,True
GSE199219,CID4513,IFI6,True
GSE199219,CID4513,SNHG12,True
GSE199219,CID4513,LAPTM5,True
GSE199219,CID4513,PTP4A2,True
GSE199219,CID4513,LCK,True
GSE199219,CID4513,MARCKSL1,True
GSE199219,CID4513,SFPQ,True
GSE199219,CID4513,NDUFS5,True
GSE199219,CID4513,MACF1,True
GSE199219,CID4513,CAP1,True
GSE199219,CID4513,SMAP2,True
GSE199219,CID4513,YBX1,True
GSE199219,CID4513,RPS8,True
GSE199219,CID4513,PLK3,True
GSE199219,CID4513,PRDX1,True
GSE199219,CID4513,NASP,True
GSE199219,CID4513,UQCRH,True
GSE199219,CID4513,TMEM59,True
GSE199219,CID4513,DHCR24,False
GSE199219,CID4513,JUN,True
GSE199219,CID4513,JAK1,True
GSE199219,CID4513,PDE4B,True
GSE199219,CID4513,SERBP1,True
GSE199219,CID4513,GADD45A,True
GSE199219,CID4513,SRSF11,True
GSE199219,CID4513,GNG5,True
GSE199219,CID4513,ODF2L,True
GSE199219,CID4513,GTF2B,True
GSE199219,CID4513,GBP2,True
GSE199219,CID4513,GBP5,True
GSE199219,CID4513,RPL5,True
GSE199219,CID4513,DNTTIP2,True
GSE199219,CID4513,PRPF38B,True
GSE199219,CID4513,CD53,True
GSE199219,CID4513,RAP1A,True
GSE199219,CID4513,CAPZA1,True
GSE199219,CID4513,PTPN22,True
GSE199219,CID4513,BCAS2,True
GSE199219,CID4513,CSDE1,True
GSE199219,CID4513,ATP1A1,True
GSE199219,CID4513,CD2,True
GSE199219,CID4513,HMGCS2,False
GSE199219,CID4513,RBM8A,True
GSE199219,CID4513,TXNIP,True
GSE199219,CID4513,MCL1,True
GSE199219,CID4513,ENSA,True
GSE199219,CID4513,S100A10,True
GSE199219,CID4513,S100A11,True
GSE199219,CID4513,S100A6,True
GSE199219,CID4513,S100A4,True
GSE199219,CID4513,JTB,True
GSE199219,CID4513,RPS27,True
GSE199219,CID4513,TPM3,True
GSE199219,CID4513,PBXIP1,True
GSE199219,CID4513,FDPS,False
GSE199219,CID4513,ASH1L,True
GSE199219,CID4513,SSR2,True
GSE199219,CID4513,LMNA,True
GSE199219,CID4513,CCT3,True
GSE199219,CID4513,IFI16,True
GSE199219,CID4513,TAGLN2,True
GSE199219,CID4513,CD48,True
GSE199219,CID4513,UFC1,True
GSE199219,CID4513,HSPA6,True
GSE199219,CID4513,HSD17B7,False
GSE199219,CID4513,CD247,True
GSE199219,CID4513,XCL2,True
GSE199219,CID4513,PRRC2C,True
GSE199219,CID4513,CACYBP,True
GSE199219,CID4513,IER5,True
GSE199219,CID4513,ARPC5,True
GSE199219,CID4513,FAM129A,True
GSE199219,CID4513,IVNS1ABP,True
GSE199219,CID4513,TPR,True
GSE199219,CID4513,RGS1,True
GSE199219,CID4513,RGS2,True
GSE199219,CID4513,PTPRC,True
GSE199219,CID4513,PTPN7,True
GSE199219,CID4513,BTG2,True
GSE199219,CID4513,NUCKS1,True
GSE199219,CID4513,CD55,True
GSE199219,CID4513,TRAF3IP3,True
GSE199219,CID4513,ATF3,True
GSE199219,CID4513,H3F3A,True
GSE199219,CID4513,ARF1,True
GSE199219,CID4513,GUK1,True
GSE199219,CID4513,TOMM20,True
GSE199219,CID4513,ARID4B,True
GSE199219,CID4513,LYST,True
GSE199219,CID4513,HNRNPU,True
GSE199219,CID4513,RPS7,True
GSE199219,CID4513,ID2,True
GSE199219,CID4513,YWHAQ,True
GSE199219,CID4513,ODC1,True
GSE199219,CID4513,OST4,True
GSE199219,CID4513,FOSL2,True
GSE199219,CID4513,PPP1CB,True
GSE199219,CID4513,YPEL5,True
GSE199219,CID4513,LBH,True
GSE199219,CID4513,SRSF7,True
GSE199219,CID4513,EML4,True
GSE199219,CID4513,ZFP36L2,True
GSE199219,CID4513,CALM2,True
GSE199219,CID4513,EPCAM,False
GSE199219,CID4513,RTN4,True
GSE199219,CID4513,RPS27A,True
GSE199219,CID4513,REL,True
GSE199219,CID4513,CCT4,True
GSE199219,CID4513,UGP2,True
GSE199219,CID4513,ACTR2,True
GSE199219,CID4513,AAK1,True
GSE199219,CID4513,PCBP1,True
GSE199219,CID4513,SNRPG,True
GSE199219,CID4513,TMSB10,True
GSE199219,CID4513,MAT2A,True
GSE199219,CID4513,VAMP8,True
GSE199219,CID4513,GNLY,True
GSE199219,CID4513,CD8A,True
GSE199219,CID4513,CD8B,True
GSE199219,CID4513,IGKC,True
GSE199219,CID4513,DUSP2,True
GSE199219,CID4513,ARID5A,True
GSE199219,CID4513,COX5B,True
GSE199219,CID4513,RPL31,True
GSE199219,CID4513,GCC2,True
GSE199219,CID4513,LIMS1,True
GSE199219,CID4513,SLC20A1,True
GSE199219,CID4513,ACTR3,True
GSE199219,CID4513,DDX18,True
GSE199219,CID4513,DBI,True
GSE199219,CID4513,GYPC,True
GSE199219,CID4513,MZT2B,True
GSE199219,CID4513,MZT2A,True
GSE199219,CID4513,UBXN4,True
GSE199219,CID4513,CXCR4,True
GSE199219,CID4513,ARHGAP15,True
GSE199219,CID4513,ZEB2,True
GSE199219,CID4513,PRPF40A,True
GSE199219,CID4513,NR4A2,True
GSE199219,CID4513,CYTIP,True
GSE199219,CID4513,TANK,True
GSE199219,CID4513,PPIG,True
GSE199219,CID4513,WIPF1,True
GSE199219,CID4513,HNRNPA3,True
GSE199219,CID4513,NFE2L2,True
GSE199219,CID4513,ITGA4,True
GSE199219,CID4513,ORMDL1,True
GSE199219,CID4513,GLS,True
GSE199219,CID4513,STAT1,True
GSE199219,CID4513,STAT4,True
GSE199219,CID4513,NABP1,True
GSE199219,CID4513,STK17B,True
GSE199219,CID4513,ANKRD44,True
GSE199219,CID4513,SF3B1,True
GSE199219,CID4513,HSPD1,True
GSE199219,CID4513,HSPE1,True
GSE199219,CID4513,BZW1,True
GSE199219,CID4513,CLK1,True
GSE199219,CID4513,CFLAR,True
GSE199219,CID4513,CASP8,True
GSE199219,CID4513,SUMO1,True
GSE199219,CID4513,NOP58,True
GSE199219,CID4513,CTLA4,True
GSE199219,CID4513,ICOS,True
GSE199219,CID4513,EEF1B2,True
GSE199219,CID4513,XRCC5,True
GSE199219,CID4513,RPL37A,True
GSE199219,CID4513,ARPC2,True
GSE199219,CID4513,TUBA4A,True
GSE199219,CID4513,SP100,True
GSE199219,CID4513,ITM2C,True
GSE199219,CID4513,NCL,True
GSE199219,CID4513,ARL4C,True
GSE199219,CID4513,LRRFIP1,True
GSE199219,CID4513,PDCD1,False
GSE199219,CID4513,BRK1,True
GSE199219,CID4513,RPL32,True
GSE199219,CID4513,ANKRD28,True
GSE199219,CID4513,RPL15,True
GSE199219,CID4513,GOLGA4,True
GSE199219,CID4513,CSRNP1,True
GSE199219,CID4513,RPSA,True
GSE199219,CID4513,EIF1B,True
GSE199219,CID4513,RPL14,True
GSE199219,CID4513,NKTR,True
GSE199219,CID4513,TMA7,True
GSE199219,CID4513,RHOA,True
GSE199219,CID4513,GNAI2,True
GSE199219,CID4513,RPL29,True
GSE199219,CID4513,SPCS1,True
GSE199219,CID4513,SELENOK,True
GSE199219,CID4513,ARF4,True
GSE199219,CID4513,ARL6IP5,True
GSE199219,CID4513,FOXP1,True
GSE199219,CID4513,MTRNR2L12,True
GSE199219,CID4513,CLDND1,True
GSE199219,CID4513,RPL24,True
GSE199219,CID4513,NFKBIZ,True
GSE199219,CID4513,BBX,True
GSE199219,CID4513,CD47,True
GSE199219,CID4513,TRAT1,True
GSE199219,CID4513,CD96,True
GSE199219,CID4513,TIGIT,True
GSE199219,CID4513,HCLS1,True
GSE199219,CID4513,GOLGB1,True
GSE199219,CID4513,CNBP,True
GSE199219,CID4513,H1FX,True
GSE199219,CID4513,CDV3,True
GSE199219,CID4513,ATP1B3,True
GSE199219,CID4513,TSC22D2,True
GSE199219,CID4513,SERP1,True
GSE199219,CID4513,MBNL1,True
GSE199219,CID4513,DHX36,True
GSE199219,CID4513,TIPARP,True
GSE199219,CID4513,CCNL1,True
GSE199219,CID4513,SEC62,True
GSE199219,CID4513,SKIL,True
GSE199219,CID4513,RPL22L1,True
GSE199219,CID4513,TRA2B,True
GSE199219,CID4513,EIF4A2,True
GSE199219,CID4513,PPP1R2,True
GSE199219,CID4513,RPL35A,True
GSE199219,CID4513,MXD4,True
GSE199219,CID4513,LYAR,True
GSE199219,CID4513,MRFAP1,True
GSE199219,CID4513,BOD1L1,True
GSE199219,CID4513,RBPJ,True
GSE199219,CID4513,ARAP2,True
GSE199219,CID4513,RPL9,True
GSE199219,CID4513,RHOH,True
GSE199219,CID4513,OCIAD2,True
GSE199219,CID4513,HOPX,True
GSE199219,CID4513,AREG,True
GSE199219,CID4513,G3BP2,True
GSE199219,CID4513,CCNI,True
GSE199219,CID4513,CXCL13,True
GSE199219,CID4513,CNOT6L,True
GSE199219,CID4513,RASGEF1B,True
GSE199219,CID4513,HNRNPDL,True
GSE199219,CID4513,H2AFZ,True
GSE199219,CID4513,NFKB1,True
GSE199219,CID4513,UBE2D3,True
GSE199219,CID4513,RPL34,True
GSE199219,CID4513,SNHG8,True
GSE199219,CID4513,C4orf3,True
GSE199219,CID4513,ANXA5,True
GSE199219,CID4513,SMARCA5,True
GSE199219,CID4513,RPS3A,True
GSE199219,CID4513,HMGB2,True
GSE199219,CID4513,ANKRD37,True
GSE199219,CID4513,SUB1,True
GSE199219,CID4513,IL7R,True
GSE199219,CID4513,FYB1,True
GSE199219,CID4513,PTGER4,True
GSE199219,CID4513,PRKAA1,False
GSE199219,CID4513,RPL37,True
GSE199219,CID4513,EMB,True
GSE199219,CID4513,GZMK,True
GSE199219,CID4513,GZMA,True
GSE199219,CID4513,GPBP1,True
GSE199219,CID4513,PIK3R1,True
GSE199219,CID4513,BTF3,True
GSE199219,CID4513,NSA2,True
GSE199219,CID4513,TBCA,True
GSE199219,CID4513,JMY,True
GSE199219,CID4513,RPS23,True
GSE199219,CID4513,COX7C,True
GSE199219,CID4513,CCNH,True
GSE199219,CID4513,GLRX,True
GSE199219,CID4513,CAST,True
GSE199219,CID4513,CHD1,True
GSE199219,CID4513,REEP5,True
GSE199219,CID4513,TNFAIP8,True
GSE199219,CID4513,HINT1,True
GSE199219,CID4513,CDC42SE2,True
GSE199219,CID4513,IRF1,True
GSE199219,CID4513,TCF7,True
GSE199219,CID4513,SKP1,True
GSE199219,CID4513,UBE2B,True
GSE199219,CID4513,HNRNPA0,True
GSE199219,CID4513,EGR1,True
GSE199219,CID4513,HSPA9,True
GSE199219,CID4513,PAIP2,True
GSE199219,CID4513,UBE2D2,True
GSE199219,CID4513,CD14,False
GSE199219,CID4513,TAF7,True
GSE199219,CID4513,NDFIP1,True
GSE199219,CID4513,NR3C1,True
GSE199219,CID4513,CSNK1A1,True
GSE199219,CID4513,CD74,True
GSE199219,CID4513,RPS14,True
GSE199219,CID4513,ITK,True
GSE199219,CID4513,NPM1,True
GSE199219,CID4513,DUSP1,True
GSE199219,CID4513,ATP6V0E1,True
GSE199219,CID4513,CREBRF,True
GSE199219,CID4513,HIGD2A,True
GSE199219,CID4513,PRELID1,True
GSE199219,CID4513,HNRNPAB,True
GSE199219,CID4513,HNRNPH1,True
GSE199219,CID4513,SQSTM1,True
GSE199219,CID4513,RACK1,True
GSE199219,CID4513,SERPINB9,True
GSE199219,CID4513,PRPF4B,True
GSE199219,CID4513,CD83,True
GSE199219,CID4513,MYLIP,True
GSE199219,CID4513,DEK,True
GSE199219,CID4513,HIST1H4C,True
GSE199219,CID4513,BTN3A2,True
GSE199219,CID4513,HLA-F,True
GSE199219,CID4513,HLA-A,True
GSE199219,CID4513,HLA-E,True
GSE199219,CID4513,PPP1R10,True
GSE199219,CID4513,TNF,True
GSE199219,CID4513,LTB,True
GSE199219,CID4513,CLIC1,True
GSE199219,CID4513,HSPA1A,True
GSE199219,CID4513,HSPA1B,True
GSE199219,CID4513,C6orf48,True
GSE199219,CID4513,NEU1,True
GSE199219,CID4513,GPSM3,True
GSE199219,CID4513,HLA-DRA,True
GSE199219,CID4513,HLA-DRB1,True
GSE199219,CID4513,HLA-DQA1,True
GSE199219,CID4513,HLA-DQB1,True
GSE199219,CID4513,PSMB8,True
GSE199219,CID4513,PSMB9,True
GSE199219,CID4513,TAP1,True
GSE199219,CID4513,BRD2,True
GSE199219,CID4513,HLA-DPA1,True
GSE199219,CID4513,HLA-DPB1,True
GSE199219,CID4513,RPS18,True
GSE199219,CID4513,TAPBP,True
GSE199219,CID4513,CUTA,True
GSE199219,CID4513,RPS10,True
GSE199219,CID4513,RPL10A,True
GSE199219,CID4513,FKBP5,True
GSE199219,CID4513,SRSF3,True
GSE199219,CID4513,CDKN1A,True
GSE199219,CID4513,HSP90AB1,True
GSE199219,CID4513,COX7A2,True
GSE199219,CID4513,ZNF292,True
GSE199219,CID4513,PNRC1,True
GSE199219,CID4513,PNISR,True
GSE199219,CID4513,PRDM1,True
GSE199219,CID4513,SNX3,True
GSE199219,CID4513,CD164,True
GSE199219,CID4513,AMD1,True
GSE199219,CID4513,FYN,True
GSE199219,CID4513,RPS12,True
GSE199219,CID4513,BCLAF1,True
GSE199219,CID4513,TNFAIP3,True
GSE199219,CID4513,ABRACL,True
GSE199219,CID4513,CITED2,True
GSE199219,CID4513,SF3B5,True
GSE199219,CID4513,DYNLT1,True
GSE199219,CID4513,SYTL3,True
GSE199219,CID4513,EZR,True
GSE199219,CID4513,TAGAP,True
GSE199219,CID4513,SOD2,True
GSE199219,CID4513,WTAP,True
GSE199219,CID4513,TCP1,True
GSE199219,CID4513,MRPL18,True
GSE199219,CID4513,RNASET2,True
GSE199219,CID4513,PSMB1,True
GSE199219,CID4513,ZFAND2A,True
GSE199219,CID4513,ACTB,True
GSE199219,CID4513,RAC1,True
GSE199219,CID4513,NDUFA4,True
GSE199219,CID4513,ARL4A,True
GSE199219,CID4513,TOMM7,True
GSE199219,CID4513,TRA2A,True
GSE199219,CID4513,CYCS,True
GSE199219,CID4513,HNRNPA2B1,True
GSE199219,CID4513,CBX3,True
GSE199219,CID4513,TAX1BP1,True
GSE199219,CID4513,SEPT7,True
GSE199219,CID4513,TRGC2,True
GSE199219,CID4513,STK17A,True
GSE199219,CID4513,PPIA,True
GSE199219,CID4513,H2AFV,True
GSE199219,CID4513,IKZF1,True
GSE199219,CID4513,SEC61G,True
GSE199219,CID4513,EGFR,False
GSE199219,CID4513,CHCHD2,True
GSE199219,CID4513,SBDS,True
GSE199219,CID4513,HSPB1,True
GSE199219,CID4513,AKAP9,True
GSE199219,CID4513,FAM133B,True
GSE199219,CID4513,ARPC1B,True
GSE199219,CID4513,LAMTOR4,True
GSE199219,CID4513,KMT2E,True
GSE199219,CID4513,NAMPT,True
GSE199219,CID4513,HBP1,True
GSE199219,CID4513,DNAJB9,True
GSE199219,CID4513,IFRD1,True
GSE199219,CID4513,AC016831.7,True
GSE199219,CID4513,AC058791.1,True
GSE199219,CID4513,ZC3HAV1,True
GSE199219,CID4513,NDUFB2,True
GSE199219,CID4513,SSBP1,True
GSE199219,CID4513,TRBC1,True
GSE199219,CID4513,TRBC2,True
GSE199219,CID4513,GSTK1,True
GSE199219,CID4513,GIMAP7,True
GSE199219,CID4513,DNAJB6,True
GSE199219,CID4513,SLC25A6,True
GSE199219,CID4513,CD99,True
GSE199219,CID4513,TMSB4X,True
GSE199219,CID4513,OFD1,True
GSE199219,CID4513,SYAP1,True
GSE199219,CID4513,SH3KBP1,True
GSE199219,CID4513,EIF1AX,True
GSE199219,CID4513,SAT1,True
GSE199219,CID4513,DDX3X,True
GSE199219,CID4513,NDUFB11,True
GSE199219,CID4513,UXT,True
GSE199219,CID4513,RBM3,True
GSE199219,CID4513,PLP2,True
GSE199219,CID4513,TSPYL2,True
GSE199219,CID4513,MSN,True
GSE199219,CID4513,IL2RG,True
GSE199219,CID4513,RPS4X,True
GSE199219,CID4513,XIST,True
GSE199219,CID4513,ATRX,True
GSE199219,CID4513,COX7B,True
GSE199219,CID4513,PGK1,True
GSE199219,CID4513,ITM2A,True
GSE199219,CID4513,SH3BGRL,True
GSE199219,CID4513,RPL36A,True
GSE199219,CID4513,TSC22D3,True
GSE199219,CID4513,SLC25A5,True
GSE199219,CID4513,SEPT6,True
GSE199219,CID4513,RPL39,True
GSE199219,CID4513,NDUFA1,True
GSE199219,CID4513,CD40LG,True
GSE199219,CID4513,RBMX,True
GSE199219,CID4513,IDS,True
GSE199219,CID4513,NSDHL,False
GSE199219,CID4513,SSR4,True
GSE199219,CID4513,FLNA,True
GSE199219,CID4513,RPL10,True
GSE199219,CID4513,G6PD,False
GSE199219,CID4513,PCM1,True
GSE199219,CID4513,DOK2,True
GSE199219,CID4513,DUSP4,True
GSE199219,CID4513,SARAF,True
GSE199219,CID4513,LEPROTL1,True
GSE199219,CID4513,RAB11FIP1,True
GSE199219,CID4513,RPS20,True
GSE199219,CID4513,SDCBP,True
GSE199219,CID4513,RPL7,True
GSE199219,CID4513,FABP5,True
GSE199219,CID4513,GEM,True
GSE199219,CID4513,UQCRB,True
GSE199219,CID4513,MTDH,True
GSE199219,CID4513,RPL30,True
GSE199219,CID4513,COX6C,True
GSE199219,CID4513,RNF19A,True
GSE199219,CID4513,PABPC1,True
GSE199219,CID4513,YWHAZ,True
GSE199219,CID4513,EIF3E,True
GSE199219,CID4513,ENY2,True
GSE199219,CID4513,EIF3H,True
GSE199219,CID4513,FAM49B,True
GSE199219,CID4513,SLA,True
GSE199219,CID4513,LY6E,True
GSE199219,CID4513,EEF1D,True
GSE199219,CID4513,VPS28,True
GSE199219,CID4513,RPL8,True
GSE199219,CID4513,DOCK8,True
GSE199219,CID4513,VLDLR,False
GSE199219,CID4513,CD274,False
GSE199219,CID4513,PLIN2,True
GSE199219,CID4513,RPS6,True
GSE199219,CID4513,DNAJA1,True
GSE199219,CID4513,ZFAND5,True
GSE199219,CID4513,ANXA1,True
GSE199219,CID4513,TLE4,True
GSE199219,CID4513,HNRNPK,True
GSE199219,CID4513,CKS2,True
GSE199219,CID4513,ANP32B,True
GSE199219,CID4513,SEC61B,True
GSE199219,CID4513,NR4A3,True
GSE199219,CID4513,TXN,True
GSE199219,CID4513,AKNA,True
GSE199219,CID4513,ATP6V1G1,True
GSE199219,CID4513,RPL35,True
GSE199219,CID4513,HSPA5,True
GSE199219,CID4513,RPL12,True
GSE199219,CID4513,C9orf16,True
GSE199219,CID4513,SPTAN1,True
GSE199219,CID4513,SET,True
GSE199219,CID4513,IER5L,True
GSE199219,CID4513,C9orf78,True
GSE199219,CID4513,FNBP1,True
GSE199219,CID4513,RPL7A,True
GSE199219,CID4513,SNHG7,True
GSE199219,CID4513,EDF1,True
GSE199219,CID4513,DPP7,True
GSE199219,CID4513,TUBB4B,True
GSE199219,CID4513,IFITM2,True
GSE199219,CID4513,RPLP2,True
GSE199219,CID4513,POLR2L,True
GSE199219,CID4513,CTSD,True
GSE199219,CID4513,LSP1,True
GSE199219,CID4513,CD81,True
GSE199219,CID4513,KCNQ1OT1,True
GSE199219,CID4513,NAP1L4,True
GSE199219,CID4513,EIF3F,True
GSE199219,CID4513,RPL27A,True
GSE199219,CID4513,MTRNR2L8,True
GSE199219,CID4513,EIF4G2,True
GSE199219,CID4513,PSMA1,True
GSE199219,CID4513,C11orf58,True
GSE199219,CID4513,RPS13,True
GSE199219,CID4513,LDHA,True
GSE199219,CID4513,CD44,True
GSE199219,CID4513,CD6,True
GSE199219,CID4513,TMEM258,True
GSE199219,CID4513,FTH1,True
GSE199219,CID4513,AHNAK,True
GSE199219,CID4513,UBXN1,True
GSE199219,CID4513,SLC3A2,True
GSE199219,CID4513,RARRES3,True
GSE199219,CID4513,COX8A,True
GSE199219,CID4513,PPP1R14B,True
GSE199219,CID4513,TRMT112,True
GSE199219,CID4513,SF1,True
GSE199219,CID4513,FAU,True
GSE199219,CID4513,NEAT1,True
GSE199219,CID4513,CFL1,True
GSE199219,CID4513,CCDC85B,True
GSE199219,CID4513,DRAP1,True
GSE199219,CID4513,PPP1CA,True
GSE199219,CID4513,TBC1D10C,True
GSE199219,CID4513,CORO1B,True
GSE199219,CID4513,DHCR7,False
GSE199219,CID4513,UCP2,True
GSE199219,CID4513,SPCS2,True
GSE199219,CID4513,RPS3,True
GSE199219,CID4513,RSF1,True
GSE199219,CID4513,NDUFC2,True
GSE199219,CID4513,PCF11,True
GSE199219,CID4513,CTSC,True
GSE199219,CID4513,CHORDC1,True
GSE199219,CID4513,TAF1D,True
GSE199219,CID4513,BIRC3,True
GSE199219,CID4513,TMEM123,True
GSE199219,CID4513,CARD16,True
GSE199219,CID4513,ATM,True
GSE199219,CID4513,NCAM1,False
GSE199219,CID4513,PCSK7,True
GSE199219,CID4513,IL10RA,True
GSE199219,CID4513,CD3E,True
GSE199219,CID4513,CD3D,True
GSE199219,CID4513,CD3G,True
GSE199219,CID4513,ATP5MG,True
GSE199219,CID4513,KMT2A,True
GSE199219,CID4513,RPS25,True
GSE199219,CID4513,H2AFX,True
GSE199219,CID4513,HSPA8,True
GSE199219,CID4513,ETS1,True
GSE199219,CID4513,IDI1,True
GSE199219,CID4513,KLF6,True
GSE199219,CID4513,CELF2,True
GSE199219,CID4513,OPTN,True
GSE199219,CID4513,FAM107B,True
GSE199219,CID4513,VIM,True
GSE199219,CID4513,YME1L1,True
GSE199219,CID4513,WAC,True
GSE199219,CID4513,KIF5B,True
GSE199219,CID4513,EPC1,True
GSE199219,CID4513,ITGB1,True
GSE199219,CID4513,CREM,True
GSE199219,CID4513,HNRNPF,True
GSE199219,CID4513,ARID5B,True
GSE199219,CID4513,JMJD1C,True
GSE199219,CID4513,HNRNPH3,True
GSE199219,CID4513,DDX21,True
GSE199219,CID4513,SRGN,True
GSE199219,CID4513,PPA1,True
GSE199219,CID4513,SPOCK2,True
GSE199219,CID4513,ANAPC16,True
GSE199219,CID4513,DDIT4,True
GSE199219,CID4513,VDAC2,True
GSE199219,CID4513,PGAM1,True
GSE199219,CID4513,NDUFB8,True
GSE199219,CID4513,DUSP5,True
GSE199219,CID4513,PDCD4,True
GSE199219,CID4513,EIF3A,True
GSE199219,CID4513,RGS10,True
GSE199219,CID4513,BUB3,True
GSE199219,CID4513,WNK1,True
GSE199219,CID4513,CCND2,True
GSE199219,CID4513,CD27,True
GSE199219,CID4513,GAPDH,True
GSE199219,CID4513,CD4,False
GSE199219,CID4513,TPI1,True
GSE199219,CID4513,C12orf57,True
GSE199219,CID4513,SLC2A3,True
GSE199219,CID4513,KLRB1,True
GSE199219,CID4513,CLEC2D,True
GSE199219,CID4513,CD69,True
GSE199219,CID4513,CLEC2B,True
GSE199219,CID4513,GABARAPL1,True
GSE199219,CID4513,KLRD1,True
GSE199219,CID4513,CDKN1B,True
GSE199219,CID4513,ATF7IP,True
GSE199219,CID4513,ARHGDIB,True
GSE199219,CID4513,LDHB,True
GSE199219,CID4513,FGFR1OP2,True
GSE199219,CID4513,KIAA1551,True
GSE199219,CID4513,SCAF11,True
GSE199219,CID4513,SLC38A1,True
GSE199219,CID4513,SLC38A2,True
GSE199219,CID4513,TUBA1B,True
GSE199219,CID4513,TUBA1A,True
GSE199219,CID4513,TUBA1C,True
GSE199219,CID4513,TMBIM6,True
GSE199219,CID4513,LIMA1,False
GSE199219,CID4513,DAZAP2,True
GSE199219,CID4513,NR4A1,True
GSE199219,CID4513,EIF4B,True
GSE199219,CID4513,PFDN5,True
GSE199219,CID4513,PCBP2,True
GSE199219,CID4513,ATP5MC2,True
GSE199219,CID4513,HNRNPA1,True
GSE199219,CID4513,BLOC1S1,True
GSE199219,CID4513,CD63,True
GSE199219,CID4513,RPS26,True
GSE199219,CID4513,RPL41,True
GSE199219,CID4513,MYL6,True
GSE199219,CID4513,PTGES3,True
GSE199219,CID4513,NACA,True
GSE199219,CID4513,USP15,True
GSE199219,CID4513,IFNG,True
GSE199219,CID4513,RAP1B,True
GSE199219,CID4513,RAB21,True
GSE199219,CID4513,GLIPR1,True
GSE199219,CID4513,PHLDA1,True
GSE199219,CID4513,NAP1L1,True
GSE199219,CID4513,PPP1R12A,True
GSE199219,CID4513,ATP2B1,True
GSE199219,CID4513,BTG1,True
GSE199219,CID4513,SLC25A3,True
GSE199219,CID4513,HSP90B1,True
GSE199219,CID4513,ISCU,True
GSE199219,CID4513,ARPC3,True
GSE199219,CID4513,ERP29,True
GSE199219,CID4513,RPL6,True
GSE199219,CID4513,PEBP1,True
GSE199219,CID4513,RPLP0,True
GSE199219,CID4513,COX6A1,True
GSE199219,CID4513,SRSF9,True
GSE199219,CID4513,DYNLL1,True
GSE199219,CID4513,RSRC2,True
GSE199219,CID4513,VPS37B,True
GSE199219,CID4513,ARL6IP4,True
GSE199219,CID4513,RILPL2,True
GSE199219,CID4513,UBC,True
GSE199219,CID4513,RAN,True
GSE199219,CID4513,MPHOSPH8,True
GSE199219,CID4513,SAP18,True
GSE199219,CID4513,RPL21,True
GSE199219,CID4513,GTF3A,True
GSE199219,CID4513,POLR1D,True
GSE199219,CID4513,POMP,True
GSE199219,CID4513,HMGB1,True
GSE199219,CID4513,ALOX5AP,True
GSE199219,CID4513,HSPH1,True
GSE199219,CID4513,N4BP2L2,True
GSE199219,CID4513,ELF1,True
GSE199219,CID4513,RGCC,True
GSE199219,CID4513,LCP1,True
GSE199219,CID4513,ITM2B,True
GSE199219,CID4513,INTS6,True
GSE199219,CID4513,COMMD6,True
GSE199219,CID4513,MYCBP2,True
GSE199219,CID4513,GPR183,True
GSE199219,CID4513,ARGLU1,True
GSE199219,CID4513,PNP,True
GSE199219,CID4513,HNRNPC,True
GSE199219,CID4513,TRAC,True
GSE199219,CID4513,DAD1,True
GSE199219,CID4513,PSME1,True
GSE199219,CID4513,PSME2,True
GSE199219,CID4513,CHMP4A,True
GSE199219,CID4513,NEDD8,True
GSE199219,CID4513,GZMH,True
GSE199219,CID4513,GZMB,True
GSE199219,CID4513,BAZ1A,True
GSE199219,CID4513,FAM177A1,True
GSE199219,CID4513,NFKBIA,True
GSE199219,CID4513,RALGAPA1,True
GSE199219,CID4513,PNN,True
GSE199219,CID4513,RPS29,True
GSE199219,CID4513,RPL36AL,True
GSE199219,CID4513,ARF6,True
GSE199219,CID4513,GNG2,True
GSE199219,CID4513,LGALS3,True
GSE199219,CID4513,KTN1,True
GSE199219,CID4513,SYNE2,True
GSE199219,CID4513,ZBTB1,True
GSE199219,CID4513,ZFP36L1,True
GSE199219,CID4513,SRSF5,True
GSE199219,CID4513,RBM25,True
GSE199219,CID4513,FOS,True
GSE199219,CID4513,BATF,True
GSE199219,CID4513,AHSA1,True
GSE199219,CID4513,CALM1,True
GSE199219,CID4513,DDX24,True
GSE199219,CID4513,PAPOLA,True
GSE199219,CID4513,BCL11B,True
GSE199219,CID4513,EVL,True
GSE199219,CID4513,PPP2R5C,True
GSE199219,CID4513,HSP90AA1,True
GSE199219,CID4513,EIF5,True
GSE199219,CID4513,CRIP1,True
GSE199219,CID4513,SRP14,True
GSE199219,CID4513,PDIA3,True
GSE199219,CID4513,SERF2,True
GSE199219,CID4513,EID1,True
GSE199219,CID4513,GABPB1-AS1,True
GSE199219,CID4513,RSL24D1,True
GSE199219,CID4513,SLTM,True
GSE199219,CID4513,ANXA2,True
GSE199219,CID4513,RORA,True
GSE199219,CID4513,RPS27L,True
GSE199219,CID4513,PPIB,True
GSE199219,CID4513,RPL4,True
GSE199219,CID4513,PKM,True
GSE199219,CID4513,ARIH1,True
GSE199219,CID4513,COX5A,True
GSE199219,CID4513,MORF4L1,True
GSE199219,CID4513,RPS17,True
GSE199219,CID4513,SEC11A,True
GSE199219,CID4513,AKAP13,True
GSE199219,CID4513,ISG20,True
GSE199219,CID4513,CIB1,True
GSE199219,CID4513,IQGAP1,True
GSE199219,CID4513,CHD2,True
GSE199219,CID4513,UBE2I,True
GSE199219,CID4513,RNPS1,True
GSE199219,CID4513,SRRM2,True
GSE199219,CID4513,ELOB,True
GSE199219,CID4513,IL32,True
GSE199219,CID4513,SOCS1,True
GSE199219,CID4513,LITAF,True
GSE199219,CID4513,RSL1D1,True
GSE199219,CID4513,GSPT1,True
GSE199219,CID4513,RPS15A,True
GSE199219,CID4513,ARL6IP1,True
GSE199219,CID4513,SMG1,True
GSE199219,CID4513,RBBP6,True
GSE199219,CID4513,CD19,False
GSE199219,CID4513,LAT,True
GSE199219,CID4513,ALDOA,True
GSE199219,CID4513,CORO1A,True
GSE199219,CID4513,FUS,True
GSE199219,CID4513,CYLD,True
GSE199219,CID4513,MT2A,True
GSE199219,CID4513,HERPUD1,True
GSE199219,CID4513,CKLF,True
GSE199219,CID4513,FAM96B,True
GSE199219,CID4513,GABARAPL2,True
GSE199219,CID4513,TERF2IP,True
GSE199219,CID4513,MAF,True
GSE199219,CID4513,CMC2,True
GSE199219,CID4513,COTL1,True
GSE199219,CID4513,COX4I1,True
GSE199219,CID4513,MAP1LC3B,True
GSE199219,CID4513,CYBA,True
GSE199219,CID4513,APRT,True
GSE199219,CID4513,ANKRD11,True
GSE199219,CID4513,TCF25,True
GSE199219,CID4513,ITGAE,False
GSE199219,CID4513,PFN1,True
GSE199219,CID4513,EIF5A,True
GSE199219,CID4513,ACAP1,True
GSE199219,CID4513,POLR2A,True
GSE199219,CID4513,EIF4A1,True
GSE199219,CID4513,KDM6B,True
GSE199219,CID4513,VAMP2,True
GSE199219,CID4513,RPL26,True
GSE199219,CID4513,NCOR1,True
GSE199219,CID4513,UBB,True
GSE199219,CID4513,WSB1,True
GSE199219,CID4513,RPL23A,True
GSE199219,CID4513,NUFIP2,True
GSE199219,CID4513,EVI2B,True
GSE199219,CID4513,ZNF207,True
GSE199219,CID4513,SLFN5,True
GSE199219,CID4513,CCL5,True
GSE199219,CID4513,CCL4,True
GSE199219,CID4513,CCL4L2,True
GSE199219,CID4513,PSMB3,True
GSE199219,CID4513,RPL23,True
GSE199219,CID4513,RPL19,True
GSE199219,CID4513,ERBB2,False
GSE199219,CID4513,CCR7,True
GSE199219,CID4513,KRT10,True
GSE199219,CID4513,STAT3,True
GSE199219,CID4513,RPL27,True
GSE199219,CID4513,HEXIM1,True
GSE199219,CID4513,FMNL1,True
GSE199219,CID4513,SKAP1,True
GSE199219,CID4513,LUC7L3,True
GSE199219,CID4513,TOB1,True
GSE199219,CID4513,VMP1,True
GSE199219,CID4513,LIMD2,True
GSE199219,CID4513,DDX5,True
GSE199219,CID4513,BPTF,True
GSE199219,CID4513,KPNA2,True
GSE199219,CID4513,RPL38,True
GSE199219,CID4513,FDXR,False
GSE199219,CID4513,JPT1,True
GSE199219,CID4513,SUMO2,True
GSE199219,CID4513,H3F3B,True
GSE199219,CID4513,UBALD2,True
GSE199219,CID4513,SRSF2,True
GSE199219,CID4513,SEPT9,True
GSE199219,CID4513,SOCS3,True
GSE199219,CID4513,EIF4A3,True
GSE199219,CID4513,RNF213,True
GSE199219,CID4513,ACTG1,True
GSE199219,CID4513,CD7,True
GSE199219,CID4513,METRNL,True
GSE199219,CID4513,SMCHD1,True
GSE199219,CID4513,MYL12A,True
GSE199219,CID4513,MYL12B,True
GSE199219,CID4513,TGIF1,True
GSE199219,CID4513,NDUFV2,True
GSE199219,CID4513,ANKRD12,True
GSE199219,CID4513,VAPA,True
GSE199219,CID4513,CHMP1B,True
GSE199219,CID4513,LDLRAD4,True
GSE199219,CID4513,ROCK1,True
GSE199219,CID4513,RPL17,True
GSE199219,CID4513,PMAIP1,True
GSE199219,CID4513,MBP,True
GSE199219,CID4513,FKBP1A,True
GSE199219,CID4513,SNRPB,True
GSE199219,CID4513,NOP56,True
GSE199219,CID4513,PRNP,True
GSE199219,CID4513,CST7,True
GSE199219,CID4513,DYNLRB1,True
GSE199219,CID4513,RBM39,True
GSE199219,CID4513,TOP1,True
GSE199219,CID4513,YWHAB,True
GSE199219,CID4513,STK4,True
GSE199219,CID4513,ZFAS1,True
GSE199219,CID4513,CEBPB,True
GSE199219,CID4513,GNAS,True
GSE199219,CID4513,ATP5F1E,True
GSE199219,CID4513,PSMA7,True
GSE199219,CID4513,RPS21,True
GSE199219,CID4513,PPDPF,True
GSE199219,CID4513,GZMM,True
GSE199219,CID4513,PTBP1,True
GSE199219,CID4513,GPX4,True
GSE199219,CID4513,MIDN,True
GSE199219,CID4513,CIRBP,True
GSE199219,CID4513,RPS15,True
GSE199219,CID4513,UQCR11,True
GSE199219,CID4513,ABHD17A,True
GSE199219,CID4513,MKNK2,True
GSE199219,CID4513,OAZ1,True
GSE199219,CID4513,LSM7,True
GSE199219,CID4513,GADD45B,True
GSE199219,CID4513,AES,True
GSE199219,CID4513,EEF2,True
GSE199219,CID4513,RPL36,True
GSE199219,CID4513,NDUFA11,True
GSE199219,CID4513,TNFSF9,True
GSE199219,CID4513,RPS28,True
GSE199219,CID4513,HNRNPM,True
GSE199219,CID4513,UBL5,True
GSE199219,CID4513,EIF3G,True
GSE199219,CID4513,ICAM3,True
GSE199219,CID4513,CDC37,True
GSE199219,CID4513,WDR83OS,True
GSE199219,CID4513,TRIR,True
GSE199219,CID4513,JUNB,True
GSE199219,CID4513,PRDX2,True
GSE199219,CID4513,CALR,True
GSE199219,CID4513,IER2,True
GSE199219,CID4513,C19orf53,True
GSE199219,CID4513,ADGRE5,True
GSE199219,CID4513,DNAJB1,True
GSE199219,CID4513,TPM4,True
GSE199219,CID4513,KLF2,True
GSE199219,CID4513,BST2,True
GSE199219,CID4513,RPL18A,True
GSE199219,CID4513,JUND,True
GSE199219,CID4513,UBA52,True
GSE199219,CID4513,COPE,True
GSE199219,CID4513,NDUFA13,True
GSE199219,CID4513,FXYD5,True
GSE199219,CID4513,COX6B1,True
GSE199219,CID4513,NFKBID,True
GSE199219,CID4513,HCST,True
GSE199219,CID4513,PSMD8,True
GSE199219,CID4513,EIF3K,True
GSE199219,CID4513,ACTN4,True
GSE199219,CID4513,GMFG,True
GSE199219,CID4513,ZFP36,True
GSE199219,CID4513,RPS16,True
GSE199219,CID4513,SERTAD1,True
GSE199219,CID4513,HNRNPUL1,True
GSE199219,CID4513,TGFB1,True
GSE199219,CID4513,RPS19,True
GSE199219,CID4513,ARHGEF1,True
GSE199219,CID4513,RABAC1,True
GSE199219,CID4513,DEDD2,True
GSE199219,CID4513,FOSB,True
GSE199219,CID4513,SNRPD2,True
GSE199219,CID4513,CALM3,True
GSE199219,CID4513,NOP53,True
GSE199219,CID4513,EMP3,True
GSE199219,CID4513,RPL18,True
GSE199219,CID4513,PPP1R15A,True
GSE199219,CID4513,BAX,True
GSE199219,CID4513,FTL,True
GSE199219,CID4513,CD37,True
GSE199219,CID4513,RPL13A,True
GSE199219,CID4513,RPS11,True
GSE199219,CID4513,NKG7,True
GSE199219,CID4513,ZNF331,True
GSE199219,CID4513,MYADM,True
GSE199219,CID4513,RPS9,True
GSE199219,CID4513,UBE2S,True
GSE199219,CID4513,RPS5,True
GSE199219,CID4513,MIF,True
GSE199219,CID4513,XBP1,True
GSE199219,CID4513,UQCR10,True
GSE199219,CID4513,PIK3IP1,True
GSE199219,CID4513,MYH9,True
GSE199219,CID4513,EIF3D,True
GSE199219,CID4513,RAC2,True
GSE199219,CID4513,LGALS1,True
GSE199219,CID4513,DDX17,True
GSE199219,CID4513,APOBEC3G,True
GSE199219,CID4513,RPL3,True
GSE199219,CID4513,ATF4,True
GSE199219,CID4513,TNRC6B,True
GSE199219,CID4513,ST13,True
GSE199219,CID4513,XRCC6,True
GSE199219,CID4513,SNU13,True
GSE199219,CID4513,SMDT1,True
GSE199219,CID4513,TSPO,True
GSE199219,CID4513,PIM3,True
GSE199219,CID4513,TYMP,True
GSE199219,CID4513,SAMSN1,True
GSE199219,CID4513,BTG3,True
GSE199219,CID4513,SOD1,True
GSE199219,CID4513,SON,True
GSE199219,CID4513,MRPS6,True
GSE199219,CID4513,SLC5A3,True
GSE199219,CID4513,HMGN1,True
GSE199219,CID4513,ABCG1,False
GSE199219,CID4513,CSTB,True
GSE199219,CID4513,ITGB2,True
GSE199219,CID4513,MT-ND2,True
GSE199219,CID4513,MT-ATP8,True
GSE199219,CID4513,MT-ND4L,True
GSE199219,CID4513,MT-ND5,True
GSE199219,CID4513,mm10---mt-Atp6,True
GSE199219,CID4513,mm10---mt-Co3,True
GSE199219,CID4513,mm10---mt-Co2,True
GSE199219,CID4513,mm10---mt-Cytb,True
GSE199219,CID4513,mm10---mt-Co1,True
GSE199219,CID4513,mm10---mt-Nd1,True
GSE199219,CID4513,mm10---Gm42418,True
GSE199219,CID4513,mm10---mt-Nd2,True
GSE199219,CID4513,mm10---mt-Nd4,True
GSE199219,CID4513,FAM46C,True
GSE199219,CID4513,LINC00152,True
GSE199219,CID4513,SELK,True
GSE199219,CID4513,FYB,True
GSE199219,CID4513,GNB2L1,True
GSE199219,CID4513,RP11-138A9.1,True
GSE199219,CID4513,LINC-PINT,True
GSE199219,CID4513,WHSC1L1,True
GSE199219,CID4513,TMEM2,True
GSE199219,CID4513,ATP5L,True
GSE199219,CID4513,ATP5G2,True
GSE199219,CID4513,CCDC64,True
GSE199219,CID4513,TCEB2,True
GSE199219,CID4513,HN1,True
GSE199219,CID4513,ATP5E,True
GSE199219,CID4513,C19orf43,True
GSE199219,CID4513,CTD-3252C9.4,True
GSE199219,CID4513,GLTSCR2,True
GSE199219,CID4660,ISG15,True
GSE199219,CID4660,TNFRSF18,True
GSE199219,CID4660,TNFRSF4,True
GSE199219,CID4660,RPL22,True
GSE199219,CID4660,TNFRSF9,True
GSE199219,CID4660,PARK7,True
GSE199219,CID4660,ENO1,True
GSE199219,CID4660,TNFRSF1B,True
GSE199219,CID4660,PRDM2,True
GSE199219,CID4660,EFHD2,True
GSE199219,CID4660,CAPZB,True
GSE199219,CID4660,MINOS1,True
GSE199219,CID4660,HP1BP3,True
GSE199219,CID4660,CDC42,True
GSE199219,CID4660,ID3,True
GSE199219,CID4660,RPL11,True
GSE199219,CID4660,SRSF10,True
GSE199219,CID4660,RCAN3,True
GSE199219,CID4660,SRRM1,True
GSE199219,CID4660,RUNX3,True
GSE199219,CID4660,SYF2,True
GSE199219,CID4660,RSRP1,True
GSE199219,CID4660,TMEM50A,True
GSE199219,CID4660,STMN1,True
GSE199219,CID4660,SH3BGRL3,True
GSE199219,CID4660,CD52,True
GSE199219,CID4660,HMGN2,True
GSE199219,CID4660,NUDC,True
GSE199219,CID4660,IFI6,True
GSE199219,CID4660,ATP5IF1,True
GSE199219,CID4660,SNHG12,True
GSE199219,CID4660,LAPTM5,True
GSE199219,CID4660,PTP4A2,True
GSE199219,CID4660,LCK,True
GSE199219,CID4660,MARCKSL1,True
GSE199219,CID4660,SFPQ,True
GSE199219,CID4660,NDUFS5,True
GSE199219,CID4660,MACF1,True
GSE199219,CID4660,CAP1,True
GSE199219,CID4660,SMAP2,True
GSE199219,CID4660,YBX1,True
GSE199219,CID4660,RPS8,True
GSE199219,CID4660,PLK3,True
GSE199219,CID4660,PRDX1,True
GSE199219,CID4660,NASP,True
GSE199219,CID4660,UQCRH,True
GSE199219,CID4660,TMEM59,True
GSE199219,CID4660,DHCR24,False
GSE199219,CID4660,JUN,True
GSE199219,CID4660,JAK1,True
GSE199219,CID4660,PDE4B,True
GSE199219,CID4660,SERBP1,True
GSE199219,CID4660,GADD45A,True
GSE199219,CID4660,SRSF11,True
GSE199219,CID4660,GNG5,True
GSE199219,CID4660,ODF2L,True
GSE199219,CID4660,GTF2B,True
GSE199219,CID4660,GBP2,True
GSE199219,CID4660,GBP5,True
GSE199219,CID4660,RPL5,True
GSE199219,CID4660,DNTTIP2,True
GSE199219,CID4660,PRPF38B,True
GSE199219,CID4660,CD53,True
GSE199219,CID4660,RAP1A,True
GSE199219,CID4660,CAPZA1,True
GSE199219,CID4660,PTPN22,True
GSE199219,CID4660,BCAS2,True
GSE199219,CID4660,CSDE1,True
GSE199219,CID4660,ATP1A1,True
GSE199219,CID4660,CD2,True
GSE199219,CID4660,HMGCS2,False
GSE199219,CID4660,RBM8A,True
GSE199219,CID4660,TXNIP,True
GSE199219,CID4660,MCL1,True
GSE199219,CID4660,ENSA,True
GSE199219,CID4660,S100A10,True
GSE199219,CID4660,S100A11,True
GSE199219,CID4660,S100A6,True
GSE199219,CID4660,S100A4,True
GSE199219,CID4660,JTB,True
GSE199219,CID4660,RPS27,True
GSE199219,CID4660,TPM3,True
GSE199219,CID4660,PBXIP1,True
GSE199219,CID4660,FDPS,False
GSE199219,CID4660,ASH1L,True
GSE199219,CID4660,SSR2,True
GSE199219,CID4660,LMNA,True
GSE199219,CID4660,CCT3,True
GSE199219,CID4660,IFI16,True
GSE199219,CID4660,TAGLN2,True
GSE199219,CID4660,CD48,True
GSE199219,CID4660,TSTD1,True
GSE199219,CID4660,UFC1,True
GSE199219,CID4660,HSPA6,True
GSE199219,CID4660,HSD17B7,False
GSE199219,CID4660,CD247,True
GSE199219,CID4660,XCL2,True
GSE199219,CID4660,XCL1,True
GSE199219,CID4660,PRRC2C,True
GSE199219,CID4660,CACYBP,True
GSE199219,CID4660,IER5,True
GSE199219,CID4660,ARPC5,True
GSE199219,CID4660,FAM129A,True
GSE199219,CID4660,IVNS1ABP,True
GSE199219,CID4660,TPR,True
GSE199219,CID4660,RGS1,True
GSE199219,CID4660,RGS2,True
GSE199219,CID4660,PTPRC,True
GSE199219,CID4660,PTPN7,True
GSE199219,CID4660,BTG2,True
GSE199219,CID4660,NUCKS1,True
GSE199219,CID4660,CD55,True
GSE199219,CID4660,TRAF3IP3,True
GSE199219,CID4660,ATF3,True
GSE199219,CID4660,H3F3A,True
GSE199219,CID4660,ARF1,True
GSE199219,CID4660,GUK1,True
GSE199219,CID4660,TOMM20,True
GSE199219,CID4660,ARID4B,True
GSE199219,CID4660,LYST,True
GSE199219,CID4660,HNRNPU,True
GSE199219,CID4660,RPS7,True
GSE199219,CID4660,ID2,True
GSE199219,CID4660,YWHAQ,True
GSE199219,CID4660,ODC1,True
GSE199219,CID4660,PDIA6,True
GSE199219,CID4660,OST4,True
GSE199219,CID4660,FOSL2,True
GSE199219,CID4660,PPP1CB,True
GSE199219,CID4660,YPEL5,True
GSE199219,CID4660,LBH,True
GSE199219,CID4660,SRSF7,True
GSE199219,CID4660,EML4,True
GSE199219,CID4660,ZFP36L2,True
GSE199219,CID4660,CALM2,True
GSE199219,CID4660,EPCAM,False
GSE199219,CID4660,RTN4,True
GSE199219,CID4660,RPS27A,True
GSE199219,CID4660,REL,True
GSE199219,CID4660,CCT4,True
GSE199219,CID4660,UGP2,True
GSE199219,CID4660,ACTR2,True
GSE199219,CID4660,AAK1,True
GSE199219,CID4660,PCBP1,True
GSE199219,CID4660,SNRPG,True
GSE199219,CID4660,TMSB10,True
GSE199219,CID4660,MAT2A,True
GSE199219,CID4660,VAMP8,True
GSE199219,CID4660,GNLY,True
GSE199219,CID4660,CD8A,True
GSE199219,CID4660,CD8B,True
GSE199219,CID4660,IGKC,True
GSE199219,CID4660,DUSP2,True
GSE199219,CID4660,ARID5A,True
GSE199219,CID4660,COX5B,True
GSE199219,CID4660,RPL31,True
GSE199219,CID4660,GCC2,True
GSE199219,CID4660,LIMS1,True
GSE199219,CID4660,ACTR3,True
GSE199219,CID4660,DDX18,True
GSE199219,CID4660,DBI,True
GSE199219,CID4660,GYPC,True
GSE199219,CID4660,MZT2B,True
GSE199219,CID4660,MZT2A,True
GSE199219,CID4660,UBXN4,True
GSE199219,CID4660,CXCR4,True
GSE199219,CID4660,ARHGAP15,True
GSE199219,CID4660,ZEB2,True
GSE199219,CID4660,PRPF40A,True
GSE199219,CID4660,NR4A2,True
GSE199219,CID4660,CYTIP,True
GSE199219,CID4660,TANK,True
GSE199219,CID4660,PPIG,True
GSE199219,CID4660,WIPF1,True
GSE199219,CID4660,HNRNPA3,True
GSE199219,CID4660,NFE2L2,True
GSE199219,CID4660,ORMDL1,True
GSE199219,CID4660,GLS,True
GSE199219,CID4660,STAT1,True
GSE199219,CID4660,STAT4,True
GSE199219,CID4660,NABP1,True
GSE199219,CID4660,STK17B,True
GSE199219,CID4660,SF3B1,True
GSE199219,CID4660,HSPD1,True
GSE199219,CID4660,HSPE1,True
GSE199219,CID4660,BZW1,True
GSE199219,CID4660,CLK1,True
GSE199219,CID4660,CFLAR,True
GSE199219,CID4660,SUMO1,True
GSE199219,CID4660,NOP58,True
GSE199219,CID4660,CTLA4,True
GSE199219,CID4660,ICOS,True
GSE199219,CID4660,EEF1B2,True
GSE199219,CID4660,XRCC5,True
GSE199219,CID4660,RPL37A,True
GSE199219,CID4660,ARPC2,True
GSE199219,CID4660,TUBA4A,True
GSE199219,CID4660,SP100,True
GSE199219,CID4660,ITM2C,True
GSE199219,CID4660,NCL,True
GSE199219,CID4660,ARL4C,True
GSE199219,CID4660,LRRFIP1,True
GSE199219,CID4660,PDCD1,False
GSE199219,CID4660,ARPC4,True
GSE199219,CID4660,BRK1,True
GSE199219,CID4660,RPL32,True
GSE199219,CID4660,ANKRD28,True
GSE199219,CID4660,RPL15,True
GSE199219,CID4660,GOLGA4,True
GSE199219,CID4660,CSRNP1,True
GSE199219,CID4660,RPSA,True
GSE199219,CID4660,EIF1B,True
GSE199219,CID4660,RPL14,True
GSE199219,CID4660,NKTR,True
GSE199219,CID4660,TMA7,True
GSE199219,CID4660,RHOA,True
GSE199219,CID4660,GNAI2,True
GSE199219,CID4660,RPL29,True
GSE199219,CID4660,SPCS1,True
GSE199219,CID4660,SELENOK,True
GSE199219,CID4660,ARF4,True
GSE199219,CID4660,ARL6IP5,True
GSE199219,CID4660,FOXP1,True
GSE199219,CID4660,MTRNR2L12,True
GSE199219,CID4660,CLDND1,True
GSE199219,CID4660,RPL24,True
GSE199219,CID4660,NFKBIZ,True
GSE199219,CID4660,CD47,True
GSE199219,CID4660,TRAT1,True
GSE199219,CID4660,CD96,True
GSE199219,CID4660,TIGIT,True
GSE199219,CID4660,NDUFB4,True
GSE199219,CID4660,HCLS1,True
GSE199219,CID4660,GOLGB1,True
GSE199219,CID4660,CNBP,True
GSE199219,CID4660,H1FX,True
GSE199219,CID4660,CDV3,True
GSE199219,CID4660,ATP1B3,True
GSE199219,CID4660,SERP1,True
GSE199219,CID4660,MBNL1,True
GSE199219,CID4660,DHX36,True
GSE199219,CID4660,TIPARP,True
GSE199219,CID4660,CCNL1,True
GSE199219,CID4660,SEC62,True
GSE199219,CID4660,SKIL,True
GSE199219,CID4660,RPL22L1,True
GSE199219,CID4660,TRA2B,True
GSE199219,CID4660,EIF4A2,True
GSE199219,CID4660,PPP1R2,True
GSE199219,CID4660,RPL35A,True
GSE199219,CID4660,MXD4,True
GSE199219,CID4660,LYAR,True
GSE199219,CID4660,MRFAP1,True
GSE199219,CID4660,BOD1L1,True
GSE199219,CID4660,RBPJ,True
GSE199219,CID4660,ARAP2,True
GSE199219,CID4660,RPL9,True
GSE199219,CID4660,RHOH,True
GSE199219,CID4660,OCIAD2,True
GSE199219,CID4660,HOPX,True
GSE199219,CID4660,AREG,True
GSE199219,CID4660,G3BP2,True
GSE199219,CID4660,CCNI,True
GSE199219,CID4660,CXCL13,True
GSE199219,CID4660,CNOT6L,True
GSE199219,CID4660,RASGEF1B,True
GSE199219,CID4660,HNRNPDL,True
GSE199219,CID4660,H2AFZ,True
GSE199219,CID4660,NFKB1,True
GSE199219,CID4660,UBE2D3,True
GSE199219,CID4660,RPL34,True
GSE199219,CID4660,SNHG8,True
GSE199219,CID4660,C4orf3,True
GSE199219,CID4660,ANXA5,True
GSE199219,CID4660,SMARCA5,True
GSE199219,CID4660,RPS3A,True
GSE199219,CID4660,HMGB2,True
GSE199219,CID4660,ANKRD37,True
GSE199219,CID4660,SUB1,True
GSE199219,CID4660,IL7R,True
GSE199219,CID4660,FYB1,True
GSE199219,CID4660,PTGER4,True
GSE199219,CID4660,PRKAA1,False
GSE199219,CID4660,RPL37,True
GSE199219,CID4660,EMB,True
GSE199219,CID4660,GZMK,True
GSE199219,CID4660,GZMA,True
GSE199219,CID4660,GPBP1,True
GSE199219,CID4660,PIK3R1,True
GSE199219,CID4660,BTF3,True
GSE199219,CID4660,NSA2,True
GSE199219,CID4660,TBCA,True
GSE199219,CID4660,JMY,True
GSE199219,CID4660,RPS23,True
GSE199219,CID4660,COX7C,True
GSE199219,CID4660,CCNH,True
GSE199219,CID4660,GLRX,True
GSE199219,CID4660,CAST,True
GSE199219,CID4660,CHD1,True
GSE199219,CID4660,REEP5,True
GSE199219,CID4660,TNFAIP8,True
GSE199219,CID4660,HINT1,True
GSE199219,CID4660,CDC42SE2,True
GSE199219,CID4660,IRF1,True
GSE199219,CID4660,SKP1,True
GSE199219,CID4660,UBE2B,True
GSE199219,CID4660,HNRNPA0,True
GSE199219,CID4660,EGR1,True
GSE199219,CID4660,HSPA9,True
GSE199219,CID4660,PAIP2,True
GSE199219,CID4660,UBE2D2,True
GSE199219,CID4660,CD14,False
GSE199219,CID4660,TAF7,True
GSE199219,CID4660,NDFIP1,True
GSE199219,CID4660,NR3C1,True
GSE199219,CID4660,CSNK1A1,True
GSE199219,CID4660,CD74,True
GSE199219,CID4660,RPS14,True
GSE199219,CID4660,ITK,True
GSE199219,CID4660,NPM1,True
GSE199219,CID4660,DUSP1,True
GSE199219,CID4660,ATP6V0E1,True
GSE199219,CID4660,CREBRF,True
GSE199219,CID4660,HIGD2A,True
GSE199219,CID4660,PRELID1,True
GSE199219,CID4660,HNRNPAB,True
GSE199219,CID4660,HNRNPH1,True
GSE199219,CID4660,SQSTM1,True
GSE199219,CID4660,RACK1,True
GSE199219,CID4660,SERPINB9,True
GSE199219,CID4660,CD83,True
GSE199219,CID4660,MYLIP,True
GSE199219,CID4660,DEK,True
GSE199219,CID4660,HIST1H4C,True
GSE199219,CID4660,BTN3A2,True
GSE199219,CID4660,HLA-F,True
GSE199219,CID4660,HLA-A,True
GSE199219,CID4660,HLA-E,True
GSE199219,CID4660,PPP1R10,True
GSE199219,CID4660,TUBB,True
GSE199219,CID4660,TNF,True
GSE199219,CID4660,LTB,True
GSE199219,CID4660,CLIC1,True
GSE199219,CID4660,HSPA1A,True
GSE199219,CID4660,HSPA1B,True
GSE199219,CID4660,C6orf48,True
GSE199219,CID4660,NEU1,True
GSE199219,CID4660,GPSM3,True
GSE199219,CID4660,HLA-DRA,True
GSE199219,CID4660,HLA-DRB1,True
GSE199219,CID4660,HLA-DQA1,True
GSE199219,CID4660,HLA-DQB1,True
GSE199219,CID4660,PSMB8,True
GSE199219,CID4660,PSMB9,True
GSE199219,CID4660,TAP1,True
GSE199219,CID4660,BRD2,True
GSE199219,CID4660,HLA-DPA1,True
GSE199219,CID4660,HLA-DPB1,True
GSE199219,CID4660,RPS18,True
GSE199219,CID4660,TAPBP,True
GSE199219,CID4660,CUTA,True
GSE199219,CID4660,RPS10,True
GSE199219,CID4660,RPL10A,True
GSE199219,CID4660,SRSF3,True
GSE199219,CID4660,CDKN1A,True
GSE199219,CID4660,HSP90AB1,True
GSE199219,CID4660,EEF1A1,True
GSE199219,CID4660,COX7A2,True
GSE199219,CID4660,ZNF292,True
GSE199219,CID4660,PNRC1,True
GSE199219,CID4660,PNISR,True
GSE199219,CID4660,PRDM1,True
GSE199219,CID4660,SNX3,True
GSE199219,CID4660,CD164,True
GSE199219,CID4660,AMD1,True
GSE199219,CID4660,FYN,True
GSE199219,CID4660,RPS12,True
GSE199219,CID4660,BCLAF1,True
GSE199219,CID4660,TNFAIP3,True
GSE199219,CID4660,ABRACL,True
GSE199219,CID4660,CITED2,True
GSE199219,CID4660,SF3B5,True
GSE199219,CID4660,DYNLT1,True
GSE199219,CID4660,SYTL3,True
GSE199219,CID4660,EZR,True
GSE199219,CID4660,TAGAP,True
GSE199219,CID4660,SOD2,True
GSE199219,CID4660,WTAP,True
GSE199219,CID4660,TCP1,True
GSE199219,CID4660,MRPL18,True
GSE199219,CID4660,RNASET2,True
GSE199219,CID4660,PSMB1,True
GSE199219,CID4660,ZFAND2A,True
GSE199219,CID4660,ACTB,True
GSE199219,CID4660,RAC1,True
GSE199219,CID4660,NDUFA4,True
GSE199219,CID4660,ARL4A,True
GSE199219,CID4660,TOMM7,True
GSE199219,CID4660,TRA2A,True
GSE199219,CID4660,CYCS,True
GSE199219,CID4660,HNRNPA2B1,True
GSE199219,CID4660,CBX3,True
GSE199219,CID4660,TAX1BP1,True
GSE199219,CID4660,SEPT7,True
GSE199219,CID4660,TRGC2,True
GSE199219,CID4660,STK17A,True
GSE199219,CID4660,PPIA,True
GSE199219,CID4660,H2AFV,True
GSE199219,CID4660,IKZF1,True
GSE199219,CID4660,SEC61G,True
GSE199219,CID4660,EGFR,False
GSE199219,CID4660,CHCHD2,True
GSE199219,CID4660,SBDS,True
GSE199219,CID4660,HSPB1,True
GSE199219,CID4660,AKAP9,True
GSE199219,CID4660,FAM133B,True
GSE199219,CID4660,ARPC1B,True
GSE199219,CID4660,LAMTOR4,True
GSE199219,CID4660,KMT2E,True
GSE199219,CID4660,NAMPT,True
GSE199219,CID4660,HBP1,True
GSE199219,CID4660,DNAJB9,True
GSE199219,CID4660,IFRD1,True
GSE199219,CID4660,AC016831.7,True
GSE199219,CID4660,AC058791.1,True
GSE199219,CID4660,ZC3HAV1,True
GSE199219,CID4660,NDUFB2,True
GSE199219,CID4660,SSBP1,True
GSE199219,CID4660,TRBC1,True
GSE199219,CID4660,TRBC2,True
GSE199219,CID4660,GSTK1,True
GSE199219,CID4660,GIMAP7,True
GSE199219,CID4660,GIMAP4,True
GSE199219,CID4660,DNAJB6,True
GSE199219,CID4660,SLC25A6,True
GSE199219,CID4660,CD99,True
GSE199219,CID4660,TMSB4X,True
GSE199219,CID4660,SYAP1,True
GSE199219,CID4660,SH3KBP1,True
GSE199219,CID4660,EIF1AX,True
GSE199219,CID4660,SAT1,True
GSE199219,CID4660,DDX3X,True
GSE199219,CID4660,NDUFB11,True
GSE199219,CID4660,UXT,True
GSE199219,CID4660,RBM3,True
GSE199219,CID4660,PLP2,True
GSE199219,CID4660,TSPYL2,True
GSE199219,CID4660,MSN,True
GSE199219,CID4660,IL2RG,True
GSE199219,CID4660,RPS4X,True
GSE199219,CID4660,XIST,True
GSE199219,CID4660,ATRX,True
GSE199219,CID4660,COX7B,True
GSE199219,CID4660,PGK1,True
GSE199219,CID4660,ITM2A,True
GSE199219,CID4660,SH3BGRL,True
GSE199219,CID4660,RPL36A,True
GSE199219,CID4660,TSC22D3,True
GSE199219,CID4660,SLC25A5,True
GSE199219,CID4660,SEPT6,True
GSE199219,CID4660,RPL39,True
GSE199219,CID4660,NDUFA1,True
GSE199219,CID4660,CD40LG,True
GSE199219,CID4660,RBMX,True
GSE199219,CID4660,IDS,True
GSE199219,CID4660,NSDHL,False
GSE199219,CID4660,SSR4,True
GSE199219,CID4660,FLNA,True
GSE199219,CID4660,RPL10,True
GSE199219,CID4660,G6PD,False
GSE199219,CID4660,PCM1,True
GSE199219,CID4660,DOK2,True
GSE199219,CID4660,DUSP4,True
GSE199219,CID4660,SARAF,True
GSE199219,CID4660,LEPROTL1,True
GSE199219,CID4660,RAB11FIP1,True
GSE199219,CID4660,NSD3,True
GSE199219,CID4660,RPS20,True
GSE199219,CID4660,SDCBP,True
GSE199219,CID4660,RPL7,True
GSE199219,CID4660,FABP5,True
GSE199219,CID4660,UQCRB,True
GSE199219,CID4660,MTDH,True
GSE199219,CID4660,RPL30,True
GSE199219,CID4660,COX6C,True
GSE199219,CID4660,RNF19A,True
GSE199219,CID4660,PABPC1,True
GSE199219,CID4660,YWHAZ,True
GSE199219,CID4660,ZNF706,True
GSE199219,CID4660,EIF3E,True
GSE199219,CID4660,ENY2,True
GSE199219,CID4660,EIF3H,True
GSE199219,CID4660,FAM49B,True
GSE199219,CID4660,SLA,True
GSE199219,CID4660,LY6E,True
GSE199219,CID4660,EEF1D,True
GSE199219,CID4660,VPS28,True
GSE199219,CID4660,RPL8,True
GSE199219,CID4660,DOCK8,True
GSE199219,CID4660,VLDLR,False
GSE199219,CID4660,CD274,False
GSE199219,CID4660,PLIN2,True
GSE199219,CID4660,RPS6,True
GSE199219,CID4660,DNAJA1,True
GSE199219,CID4660,ZFAND5,True
GSE199219,CID4660,ANXA1,True
GSE199219,CID4660,TLE4,True
GSE199219,CID4660,HNRNPK,True
GSE199219,CID4660,CKS2,True
GSE199219,CID4660,ANP32B,True
GSE199219,CID4660,SEC61B,True
GSE199219,CID4660,NR4A3,True
GSE199219,CID4660,TXN,True
GSE199219,CID4660,AKNA,True
GSE199219,CID4660,ATP6V1G1,True
GSE199219,CID4660,RPL35,True
GSE199219,CID4660,HSPA5,True
GSE199219,CID4660,RPL12,True
GSE199219,CID4660,C9orf16,True
GSE199219,CID4660,SPTAN1,True
GSE199219,CID4660,SET,True
GSE199219,CID4660,IER5L,True
GSE199219,CID4660,C9orf78,True
GSE199219,CID4660,FNBP1,True
GSE199219,CID4660,RPL7A,True
GSE199219,CID4660,SNHG7,True
GSE199219,CID4660,PHPT1,True
GSE199219,CID4660,EDF1,True
GSE199219,CID4660,DPP7,True
GSE199219,CID4660,TUBB4B,True
GSE199219,CID4660,IFITM2,True
GSE199219,CID4660,RPLP2,True
GSE199219,CID4660,POLR2L,True
GSE199219,CID4660,CTSD,True
GSE199219,CID4660,LSP1,True
GSE199219,CID4660,CD81,True
GSE199219,CID4660,KCNQ1OT1,True
GSE199219,CID4660,TRIM22,True
GSE199219,CID4660,EIF3F,True
GSE199219,CID4660,RPL27A,True
GSE199219,CID4660,MTRNR2L8,True
GSE199219,CID4660,EIF4G2,True
GSE199219,CID4660,PSMA1,True
GSE199219,CID4660,C11orf58,True
GSE199219,CID4660,RPS13,True
GSE199219,CID4660,LDHA,True
GSE199219,CID4660,CD44,True
GSE199219,CID4660,CD6,True
GSE199219,CID4660,TMEM258,True
GSE199219,CID4660,FTH1,True
GSE199219,CID4660,AHNAK,True
GSE199219,CID4660,UBXN1,True
GSE199219,CID4660,SLC3A2,True
GSE199219,CID4660,RARRES3,True
GSE199219,CID4660,COX8A,True
GSE199219,CID4660,PPP1R14B,True
GSE199219,CID4660,TRMT112,True
GSE199219,CID4660,SF1,True
GSE199219,CID4660,FAU,True
GSE199219,CID4660,NEAT1,True
GSE199219,CID4660,CFL1,True
GSE199219,CID4660,CTSW,True
GSE199219,CID4660,CCDC85B,True
GSE199219,CID4660,DRAP1,True
GSE199219,CID4660,PPP1CA,True
GSE199219,CID4660,TBC1D10C,True
GSE199219,CID4660,CORO1B,True
GSE199219,CID4660,GSTP1,True
GSE199219,CID4660,DHCR7,False
GSE199219,CID4660,UCP2,True
GSE199219,CID4660,SPCS2,True
GSE199219,CID4660,RPS3,True
GSE199219,CID4660,NDUFC2,True
GSE199219,CID4660,CTSC,True
GSE199219,CID4660,CHORDC1,True
GSE199219,CID4660,TAF1D,True
GSE199219,CID4660,BIRC3,True
GSE199219,CID4660,CARD16,True
GSE199219,CID4660,ATM,True
GSE199219,CID4660,NCAM1,False
GSE199219,CID4660,PCSK7,True
GSE199219,CID4660,IL10RA,True
GSE199219,CID4660,CD3E,True
GSE199219,CID4660,CD3D,True
GSE199219,CID4660,CD3G,True
GSE199219,CID4660,ATP5MG,True
GSE199219,CID4660,KMT2A,True
GSE199219,CID4660,RPS25,True
GSE199219,CID4660,H2AFX,True
GSE199219,CID4660,HSPA8,True
GSE199219,CID4660,ETS1,True
GSE199219,CID4660,IDI1,True
GSE199219,CID4660,KLF6,True
GSE199219,CID4660,CELF2,True
GSE199219,CID4660,OPTN,True
GSE199219,CID4660,FAM107B,True
GSE199219,CID4660,VIM,True
GSE199219,CID4660,YME1L1,True
GSE199219,CID4660,KIF5B,True
GSE199219,CID4660,EPC1,True
GSE199219,CID4660,ITGB1,True
GSE199219,CID4660,CREM,True
GSE199219,CID4660,HNRNPF,True
GSE199219,CID4660,ARID5B,True
GSE199219,CID4660,JMJD1C,True
GSE199219,CID4660,HNRNPH3,True
GSE199219,CID4660,DDX21,True
GSE199219,CID4660,SRGN,True
GSE199219,CID4660,PPA1,True
GSE199219,CID4660,SPOCK2,True
GSE199219,CID4660,ANAPC16,True
GSE199219,CID4660,DDIT4,True
GSE199219,CID4660,VDAC2,True
GSE199219,CID4660,PGAM1,True
GSE199219,CID4660,NDUFB8,True
GSE199219,CID4660,DUSP5,True
GSE199219,CID4660,PDCD4,True
GSE199219,CID4660,EIF3A,True
GSE199219,CID4660,RGS10,True
GSE199219,CID4660,BUB3,True
GSE199219,CID4660,WNK1,True
GSE199219,CID4660,CCND2,True
GSE199219,CID4660,CD27,True
GSE199219,CID4660,GAPDH,True
GSE199219,CID4660,PTMS,True
GSE199219,CID4660,CD4,False
GSE199219,CID4660,TPI1,True
GSE199219,CID4660,C12orf57,True
GSE199219,CID4660,SLC2A3,True
GSE199219,CID4660,KLRB1,True
GSE199219,CID4660,CLEC2D,True
GSE199219,CID4660,CD69,True
GSE199219,CID4660,CLEC2B,True
GSE199219,CID4660,GABARAPL1,True
GSE199219,CID4660,KLRD1,True
GSE199219,CID4660,CDKN1B,True
GSE199219,CID4660,ARHGDIB,True
GSE199219,CID4660,LDHB,True
GSE199219,CID4660,FGFR1OP2,True
GSE199219,CID4660,KIAA1551,True
GSE199219,CID4660,SCAF11,True
GSE199219,CID4660,SLC38A1,True
GSE199219,CID4660,SLC38A2,True
GSE199219,CID4660,TUBA1B,True
GSE199219,CID4660,TUBA1A,True
GSE199219,CID4660,TUBA1C,True
GSE199219,CID4660,TMBIM6,True
GSE199219,CID4660,LIMA1,False
GSE199219,CID4660,DAZAP2,True
GSE199219,CID4660,NR4A1,True
GSE199219,CID4660,EIF4B,True
GSE199219,CID4660,PFDN5,True
GSE199219,CID4660,PCBP2,True
GSE199219,CID4660,ATP5MC2,True
GSE199219,CID4660,HNRNPA1,True
GSE199219,CID4660,BLOC1S1,True
GSE199219,CID4660,CD63,True
GSE199219,CID4660,RPS26,True
GSE199219,CID4660,RPL41,True
GSE199219,CID4660,MYL6,True
GSE199219,CID4660,PTGES3,True
GSE199219,CID4660,NACA,True
GSE199219,CID4660,USP15,True
GSE199219,CID4660,IFNG,True
GSE199219,CID4660,RAP1B,True
GSE199219,CID4660,GLIPR1,True
GSE199219,CID4660,PHLDA1,True
GSE199219,CID4660,NAP1L1,True
GSE199219,CID4660,PPP1R12A,True
GSE199219,CID4660,ATP2B1,True
GSE199219,CID4660,BTG1,True
GSE199219,CID4660,SLC25A3,True
GSE199219,CID4660,HSP90B1,True
GSE199219,CID4660,C12orf75,True
GSE199219,CID4660,ISCU,True
GSE199219,CID4660,ARPC3,True
GSE199219,CID4660,ERP29,True
GSE199219,CID4660,RPL6,True
GSE199219,CID4660,PEBP1,True
GSE199219,CID4660,RPLP0,True
GSE199219,CID4660,COX6A1,True
GSE199219,CID4660,SRSF9,True
GSE199219,CID4660,DYNLL1,True
GSE199219,CID4660,OASL,True
GSE199219,CID4660,RSRC2,True
GSE199219,CID4660,VPS37B,True
GSE199219,CID4660,ARL6IP4,True
GSE199219,CID4660,RILPL2,True
GSE199219,CID4660,UBC,True
GSE199219,CID4660,RAN,True
GSE199219,CID4660,MPHOSPH8,True
GSE199219,CID4660,SAP18,True
GSE199219,CID4660,RPL21,True
GSE199219,CID4660,GTF3A,True
GSE199219,CID4660,POLR1D,True
GSE199219,CID4660,POMP,True
GSE199219,CID4660,HMGB1,True
GSE199219,CID4660,ALOX5AP,True
GSE199219,CID4660,HSPH1,True
GSE199219,CID4660,N4BP2L2,True
GSE199219,CID4660,ELF1,True
GSE199219,CID4660,RGCC,True
GSE199219,CID4660,EPSTI1,True
GSE199219,CID4660,TPT1,True
GSE199219,CID4660,LCP1,True
GSE199219,CID4660,ITM2B,True
GSE199219,CID4660,INTS6,True
GSE199219,CID4660,COMMD6,True
GSE199219,CID4660,MYCBP2,True
GSE199219,CID4660,GPR183,True
GSE199219,CID4660,ARGLU1,True
GSE199219,CID4660,PNP,True
GSE199219,CID4660,HNRNPC,True
GSE199219,CID4660,TRAC,True
GSE199219,CID4660,DAD1,True
GSE199219,CID4660,PSME1,True
GSE199219,CID4660,PSME2,True
GSE199219,CID4660,CHMP4A,True
GSE199219,CID4660,NEDD8,True
GSE199219,CID4660,GZMH,True
GSE199219,CID4660,GZMB,True
GSE199219,CID4660,BAZ1A,True
GSE199219,CID4660,FAM177A1,True
GSE199219,CID4660,NFKBIA,True
GSE199219,CID4660,RALGAPA1,True
GSE199219,CID4660,PNN,True
GSE199219,CID4660,RPS29,True
GSE199219,CID4660,RPL36AL,True
GSE199219,CID4660,ARF6,True
GSE199219,CID4660,GNG2,True
GSE199219,CID4660,LGALS3,True
GSE199219,CID4660,KTN1,True
GSE199219,CID4660,SYNE2,True
GSE199219,CID4660,ZFP36L1,True
GSE199219,CID4660,SRSF5,True
GSE199219,CID4660,RBM25,True
GSE199219,CID4660,FOS,True
GSE199219,CID4660,BATF,True
GSE199219,CID4660,AHSA1,True
GSE199219,CID4660,CALM1,True
GSE199219,CID4660,DDX24,True
GSE199219,CID4660,PAPOLA,True
GSE199219,CID4660,BCL11B,True
GSE199219,CID4660,EVL,True
GSE199219,CID4660,PPP2R5C,True
GSE199219,CID4660,HSP90AA1,True
GSE199219,CID4660,EIF5,True
GSE199219,CID4660,CRIP1,True
GSE199219,CID4660,SRP14,True
GSE199219,CID4660,PDIA3,True
GSE199219,CID4660,SERF2,True
GSE199219,CID4660,EID1,True
GSE199219,CID4660,RSL24D1,True
GSE199219,CID4660,SLTM,True
GSE199219,CID4660,ANXA2,True
GSE199219,CID4660,RORA,True
GSE199219,CID4660,RPS27L,True
GSE199219,CID4660,PPIB,True
GSE199219,CID4660,RPL4,True
GSE199219,CID4660,PKM,True
GSE199219,CID4660,ARIH1,True
GSE199219,CID4660,COX5A,True
GSE199219,CID4660,MORF4L1,True
GSE199219,CID4660,RPS17,True
GSE199219,CID4660,SEC11A,True
GSE199219,CID4660,AKAP13,True
GSE199219,CID4660,ISG20,True
GSE199219,CID4660,CIB1,True
GSE199219,CID4660,IQGAP1,True
GSE199219,CID4660,CHD2,True
GSE199219,CID4660,UBE2I,True
GSE199219,CID4660,RNPS1,True
GSE199219,CID4660,SRRM2,True
GSE199219,CID4660,ELOB,True
GSE199219,CID4660,IL32,True
GSE199219,CID4660,SOCS1,True
GSE199219,CID4660,LITAF,True
GSE199219,CID4660,GSPT1,True
GSE199219,CID4660,RPS15A,True
GSE199219,CID4660,ARL6IP1,True
GSE199219,CID4660,SMG1,True
GSE199219,CID4660,RBBP6,True
GSE199219,CID4660,CD19,False
GSE199219,CID4660,LAT,True
GSE199219,CID4660,ALDOA,True
GSE199219,CID4660,CORO1A,True
GSE199219,CID4660,FUS,True
GSE199219,CID4660,CYLD,True
GSE199219,CID4660,MT2A,True
GSE199219,CID4660,HERPUD1,True
GSE199219,CID4660,CKLF,True
GSE199219,CID4660,FAM96B,True
GSE199219,CID4660,GABARAPL2,True
GSE199219,CID4660,TERF2IP,True
GSE199219,CID4660,MAF,True
GSE199219,CID4660,CMC2,True
GSE199219,CID4660,COTL1,True
GSE199219,CID4660,COX4I1,True
GSE199219,CID4660,MAP1LC3B,True
GSE199219,CID4660,CYBA,True
GSE199219,CID4660,APRT,True
GSE199219,CID4660,ANKRD11,True
GSE199219,CID4660,TCF25,True
GSE199219,CID4660,ITGAE,False
GSE199219,CID4660,PFN1,True
GSE199219,CID4660,EIF5A,True
GSE199219,CID4660,ACAP1,True
GSE199219,CID4660,POLR2A,True
GSE199219,CID4660,EIF4A1,True
GSE199219,CID4660,KDM6B,True
GSE199219,CID4660,VAMP2,True
GSE199219,CID4660,RPL26,True
GSE199219,CID4660,NCOR1,True
GSE199219,CID4660,UBB,True
GSE199219,CID4660,WSB1,True
GSE199219,CID4660,RPL23A,True
GSE199219,CID4660,NUFIP2,True
GSE199219,CID4660,EVI2B,True
GSE199219,CID4660,ZNF207,True
GSE199219,CID4660,SLFN5,True
GSE199219,CID4660,CCL5,True
GSE199219,CID4660,CCL3,True
GSE199219,CID4660,CCL4,True
GSE199219,CID4660,CCL4L2,True
GSE199219,CID4660,PSMB3,True
GSE199219,CID4660,RPL23,True
GSE199219,CID4660,RPL19,True
GSE199219,CID4660,ERBB2,False
GSE199219,CID4660,CCR7,True
GSE199219,CID4660,KRT10,True
GSE199219,CID4660,STAT3,True
GSE199219,CID4660,RPL27,True
GSE199219,CID4660,HEXIM1,True
GSE199219,CID4660,FMNL1,True
GSE199219,CID4660,SKAP1,True
GSE199219,CID4660,LUC7L3,True
GSE199219,CID4660,TOB1,True
GSE199219,CID4660,VMP1,True
GSE199219,CID4660,LIMD2,True
GSE199219,CID4660,DDX5,True
GSE199219,CID4660,BPTF,True
GSE199219,CID4660,KPNA2,True
GSE199219,CID4660,RPL38,True
GSE199219,CID4660,FDXR,False
GSE199219,CID4660,JPT1,True
GSE199219,CID4660,SUMO2,True
GSE199219,CID4660,H3F3B,True
GSE199219,CID4660,UBALD2,True
GSE199219,CID4660,SRSF2,True
GSE199219,CID4660,SEPT9,True
GSE199219,CID4660,SOCS3,True
GSE199219,CID4660,EIF4A3,True
GSE199219,CID4660,RNF213,True
GSE199219,CID4660,ACTG1,True
GSE199219,CID4660,CD7,True
GSE199219,CID4660,METRNL,True
GSE199219,CID4660,SMCHD1,True
GSE199219,CID4660,MYL12A,True
GSE199219,CID4660,MYL12B,True
GSE199219,CID4660,NDUFV2,True
GSE199219,CID4660,ANKRD12,True
GSE199219,CID4660,VAPA,True
GSE199219,CID4660,CHMP1B,True
GSE199219,CID4660,LDLRAD4,True
GSE199219,CID4660,ROCK1,True
GSE199219,CID4660,RPL17,True
GSE199219,CID4660,PMAIP1,True
GSE199219,CID4660,MBP,True
GSE199219,CID4660,FKBP1A,True
GSE199219,CID4660,SNRPB,True
GSE199219,CID4660,NOP56,True
GSE199219,CID4660,PRNP,True
GSE199219,CID4660,CST7,True
GSE199219,CID4660,DYNLRB1,True
GSE199219,CID4660,RBM39,True
GSE199219,CID4660,TOP1,True
GSE199219,CID4660,YWHAB,True
GSE199219,CID4660,STK4,True
GSE199219,CID4660,ZFAS1,True
GSE199219,CID4660,CEBPB,True
GSE199219,CID4660,GNAS,True
GSE199219,CID4660,ATP5F1E,True
GSE199219,CID4660,PSMA7,True
GSE199219,CID4660,RPS21,True
GSE199219,CID4660,PPDPF,True
GSE199219,CID4660,GZMM,True
GSE199219,CID4660,PTBP1,True
GSE199219,CID4660,GPX4,True
GSE199219,CID4660,ATP5F1D,True
GSE199219,CID4660,MIDN,True
GSE199219,CID4660,CIRBP,True
GSE199219,CID4660,RPS15,True
GSE199219,CID4660,UQCR11,True
GSE199219,CID4660,ABHD17A,True
GSE199219,CID4660,MKNK2,True
GSE199219,CID4660,OAZ1,True
GSE199219,CID4660,LSM7,True
GSE199219,CID4660,GADD45B,True
GSE199219,CID4660,AES,True
GSE199219,CID4660,EEF2,True
GSE199219,CID4660,RPL36,True
GSE199219,CID4660,NDUFA11,True
GSE199219,CID4660,TNFSF9,True
GSE199219,CID4660,RPS28,True
GSE199219,CID4660,HNRNPM,True
GSE199219,CID4660,UBL5,True
GSE199219,CID4660,EIF3G,True
GSE199219,CID4660,ICAM3,True
GSE199219,CID4660,CDC37,True
GSE199219,CID4660,WDR83OS,True
GSE199219,CID4660,TRIR,True
GSE199219,CID4660,JUNB,True
GSE199219,CID4660,PRDX2,True
GSE199219,CID4660,CALR,True
GSE199219,CID4660,IER2,True
GSE199219,CID4660,C19orf53,True
GSE199219,CID4660,ADGRE5,True
GSE199219,CID4660,DNAJB1,True
GSE199219,CID4660,TPM4,True
GSE199219,CID4660,KLF2,True
GSE199219,CID4660,BST2,True
GSE199219,CID4660,RPL18A,True
GSE199219,CID4660,JUND,True
GSE199219,CID4660,UBA52,True
GSE199219,CID4660,COPE,True
GSE199219,CID4660,NDUFA13,True
GSE199219,CID4660,FXYD5,True
GSE199219,CID4660,COX6B1,True
GSE199219,CID4660,NFKBID,True
GSE199219,CID4660,HCST,True
GSE199219,CID4660,PSMD8,True
GSE199219,CID4660,EIF3K,True
GSE199219,CID4660,ACTN4,True
GSE199219,CID4660,GMFG,True
GSE199219,CID4660,ZFP36,True
GSE199219,CID4660,RPS16,True
GSE199219,CID4660,SERTAD1,True
GSE199219,CID4660,TGFB1,True
GSE199219,CID4660,RPS19,True
GSE199219,CID4660,ARHGEF1,True
GSE199219,CID4660,RABAC1,True
GSE199219,CID4660,DEDD2,True
GSE199219,CID4660,FOSB,True
GSE199219,CID4660,SNRPD2,True
GSE199219,CID4660,CALM3,True
GSE199219,CID4660,NOP53,True
GSE199219,CID4660,EMP3,True
GSE199219,CID4660,RPL18,True
GSE199219,CID4660,PPP1R15A,True
GSE199219,CID4660,BAX,True
GSE199219,CID4660,FTL,True
GSE199219,CID4660,CD37,True
GSE199219,CID4660,RPL13A,True
GSE199219,CID4660,RPS11,True
GSE199219,CID4660,NKG7,True
GSE199219,CID4660,ZNF331,True
GSE199219,CID4660,MYADM,True
GSE199219,CID4660,RPS9,True
GSE199219,CID4660,UBE2S,True
GSE199219,CID4660,RPS5,True
GSE199219,CID4660,RANBP1,True
GSE199219,CID4660,MIF,True
GSE199219,CID4660,XBP1,True
GSE199219,CID4660,UQCR10,True
GSE199219,CID4660,PIK3IP1,True
GSE199219,CID4660,MYH9,True
GSE199219,CID4660,RAC2,True
GSE199219,CID4660,LGALS1,True
GSE199219,CID4660,DDX17,True
GSE199219,CID4660,APOBEC3G,True
GSE199219,CID4660,RPL3,True
GSE199219,CID4660,ATF4,True
GSE199219,CID4660,TNRC6B,True
GSE199219,CID4660,ST13,True
GSE199219,CID4660,RBX1,True
GSE199219,CID4660,XRCC6,True
GSE199219,CID4660,SNU13,True
GSE199219,CID4660,SMDT1,True
GSE199219,CID4660,TSPO,True
GSE199219,CID4660,PIM3,True
GSE199219,CID4660,TYMP,True
GSE199219,CID4660,SAMSN1,True
GSE199219,CID4660,BTG3,True
GSE199219,CID4660,SOD1,True
GSE199219,CID4660,SON,True
GSE199219,CID4660,MRPS6,True
GSE199219,CID4660,SLC5A3,True
GSE199219,CID4660,HMGN1,True
GSE199219,CID4660,ABCG1,False
GSE199219,CID4660,CSTB,True
GSE199219,CID4660,ITGB2,True
GSE199219,CID4660,MT-ND2,True
GSE199219,CID4660,MT-ATP8,True
GSE199219,CID4660,MT-ND3,True
GSE199219,CID4660,MT-ND4L,True
GSE199219,CID4660,MT-ND5,True
GSE199219,CID4660,mm10---mt-Atp6,True
GSE199219,CID4660,mm10---mt-Co3,True
GSE199219,CID4660,mm10---mt-Co2,True
GSE199219,CID4660,mm10---mt-Cytb,True
GSE199219,CID4660,mm10---mt-Co1,True
GSE199219,CID4660,mm10---mt-Nd1,True
GSE199219,CID4660,mm10---Gm42418,True
GSE199219,CID4660,mm10---mt-Nd2,True
GSE199219,CID4660,mm10---mt-Nd4,True
GSE199219,CID4660,FAM46C,True
GSE199219,CID4660,LINC00152,True
GSE199219,CID4660,SELK,True
GSE199219,CID4660,FYB,True
GSE199219,CID4660,GNB2L1,True
GSE199219,CID4660,RP11-138A9.1,True
GSE199219,CID4660,LINC-PINT,True
GSE199219,CID4660,WHSC1L1,True
GSE199219,CID4660,ATP5L,True
GSE199219,CID4660,ATP5G2,True
GSE199219,CID4660,CCDC64,True
GSE199219,CID4660,TCEB2,True
GSE199219,CID4660,HN1,True
GSE199219,CID4660,ATP5E,True
GSE199219,CID4660,C19orf43,True
GSE199219,CID4660,CTD-3252C9.4,True
GSE199219,CID4660,GLTSCR2,True
GSE199219,CID4664,ISG15,True
GSE199219,CID4664,TNFRSF18,True
GSE199219,CID4664,TNFRSF4,True
GSE199219,CID4664,RPL22,True
GSE199219,CID4664,TNFRSF9,True
GSE199219,CID4664,PARK7,True
GSE199219,CID4664,ENO1,True
GSE199219,CID4664,TNFRSF1B,True
GSE199219,CID4664,PRDM2,True
GSE199219,CID4664,CAPZB,True
GSE199219,CID4664,MINOS1,True
GSE199219,CID4664,HP1BP3,True
GSE199219,CID4664,CDC42,True
GSE199219,CID4664,ID3,True
GSE199219,CID4664,SRSF10,True
GSE199219,CID4664,RCAN3,True
GSE199219,CID4664,SRRM1,True
GSE199219,CID4664,RUNX3,True
GSE199219,CID4664,SYF2,True
GSE199219,CID4664,RSRP1,True
GSE199219,CID4664,TMEM50A,True
GSE199219,CID4664,STMN1,True
GSE199219,CID4664,SH3BGRL3,True
GSE199219,CID4664,CD52,True
GSE199219,CID4664,HMGN2,True
GSE199219,CID4664,NUDC,True
GSE199219,CID4664,IFI6,True
GSE199219,CID4664,SNHG12,True
GSE199219,CID4664,LAPTM5,True
GSE199219,CID4664,PTP4A2,True
GSE199219,CID4664,LCK,True
GSE199219,CID4664,MARCKSL1,True
GSE199219,CID4664,SFPQ,True
GSE199219,CID4664,NDUFS5,True
GSE199219,CID4664,MACF1,True
GSE199219,CID4664,CAP1,True
GSE199219,CID4664,SMAP2,True
GSE199219,CID4664,YBX1,True
GSE199219,CID4664,RPS8,True
GSE199219,CID4664,PLK3,True
GSE199219,CID4664,PRDX1,True
GSE199219,CID4664,NASP,True
GSE199219,CID4664,UQCRH,True
GSE199219,CID4664,TMEM59,True
GSE199219,CID4664,DHCR24,False
GSE199219,CID4664,JUN,True
GSE199219,CID4664,JAK1,True
GSE199219,CID4664,PDE4B,True
GSE199219,CID4664,SERBP1,True
GSE199219,CID4664,GADD45A,True
GSE199219,CID4664,SRSF11,True
GSE199219,CID4664,DNAJB4,True
GSE199219,CID4664,GNG5,True
GSE199219,CID4664,ODF2L,True
GSE199219,CID4664,GTF2B,True
GSE199219,CID4664,GBP2,True
GSE199219,CID4664,GBP5,True
GSE199219,CID4664,RPL5,True
GSE199219,CID4664,DNTTIP2,True
GSE199219,CID4664,PRPF38B,True
GSE199219,CID4664,CD53,True
GSE199219,CID4664,RAP1A,True
GSE199219,CID4664,CAPZA1,True
GSE199219,CID4664,PTPN22,True
GSE199219,CID4664,BCAS2,True
GSE199219,CID4664,CSDE1,True
GSE199219,CID4664,ATP1A1,True
GSE199219,CID4664,CD2,True
GSE199219,CID4664,HMGCS2,False
GSE199219,CID4664,RBM8A,True
GSE199219,CID4664,TXNIP,True
GSE199219,CID4664,MCL1,True
GSE199219,CID4664,ENSA,True
GSE199219,CID4664,S100A10,True
GSE199219,CID4664,S100A11,True
GSE199219,CID4664,S100A6,True
GSE199219,CID4664,S100A4,True
GSE199219,CID4664,JTB,True
GSE199219,CID4664,RPS27,True
GSE199219,CID4664,TPM3,True
GSE199219,CID4664,PBXIP1,True
GSE199219,CID4664,FDPS,False
GSE199219,CID4664,ASH1L,True
GSE199219,CID4664,SSR2,True
GSE199219,CID4664,LMNA,True
GSE199219,CID4664,CCT3,True
GSE199219,CID4664,IFI16,True
GSE199219,CID4664,TAGLN2,True
GSE199219,CID4664,CD48,True
GSE199219,CID4664,HSPA6,True
GSE199219,CID4664,HSD17B7,False
GSE199219,CID4664,CD247,True
GSE199219,CID4664,XCL2,True
GSE199219,CID4664,XCL1,True
GSE199219,CID4664,PRRC2C,True
GSE199219,CID4664,PRDX6,True
GSE199219,CID4664,CACYBP,True
GSE199219,CID4664,IER5,True
GSE199219,CID4664,ARPC5,True
GSE199219,CID4664,FAM129A,True
GSE199219,CID4664,IVNS1ABP,True
GSE199219,CID4664,TPR,True
GSE199219,CID4664,RGS1,True
GSE199219,CID4664,RGS2,True
GSE199219,CID4664,PTPRC,True
GSE199219,CID4664,PTPN7,True
GSE199219,CID4664,BTG2,True
GSE199219,CID4664,NUCKS1,True
GSE199219,CID4664,CD55,True
GSE199219,CID4664,TRAF3IP3,True
GSE199219,CID4664,ATF3,True
GSE199219,CID4664,H3F3A,True
GSE199219,CID4664,ARF1,True
GSE199219,CID4664,GUK1,True
GSE199219,CID4664,TOMM20,True
GSE199219,CID4664,ARID4B,True
GSE199219,CID4664,LYST,True
GSE199219,CID4664,HNRNPU,True
GSE199219,CID4664,RPS7,True
GSE199219,CID4664,ID2,True
GSE199219,CID4664,YWHAQ,True
GSE199219,CID4664,ODC1,True
GSE199219,CID4664,PDIA6,True
GSE199219,CID4664,OST4,True
GSE199219,CID4664,FOSL2,True
GSE199219,CID4664,PPP1CB,True
GSE199219,CID4664,YPEL5,True
GSE199219,CID4664,LBH,True
GSE199219,CID4664,SRSF7,True
GSE199219,CID4664,EML4,True
GSE199219,CID4664,ZFP36L2,True
GSE199219,CID4664,CALM2,True
GSE199219,CID4664,EPCAM,False
GSE199219,CID4664,RTN4,True
GSE199219,CID4664,REL,True
GSE199219,CID4664,CCT4,True
GSE199219,CID4664,UGP2,True
GSE199219,CID4664,ACTR2,True
GSE199219,CID4664,AAK1,True
GSE199219,CID4664,PCBP1,True
GSE199219,CID4664,SNRPG,True
GSE199219,CID4664,TMSB10,True
GSE199219,CID4664,MAT2A,True
GSE199219,CID4664,VAMP8,True
GSE199219,CID4664,GNLY,True
GSE199219,CID4664,CD8A,True
GSE199219,CID4664,CD8B,True
GSE199219,CID4664,IGKC,True
GSE199219,CID4664,DUSP2,True
GSE199219,CID4664,ARID5A,True
GSE199219,CID4664,COX5B,True
GSE199219,CID4664,RPL31,True
GSE199219,CID4664,GCC2,True
GSE199219,CID4664,LIMS1,True
GSE199219,CID4664,ACTR3,True
GSE199219,CID4664,DDX18,True
GSE199219,CID4664,DBI,True
GSE199219,CID4664,GYPC,True
GSE199219,CID4664,MZT2B,True
GSE199219,CID4664,MZT2A,True
GSE199219,CID4664,UBXN4,True
GSE199219,CID4664,CXCR4,True
GSE199219,CID4664,ZEB2,True
GSE199219,CID4664,PRPF40A,True
GSE199219,CID4664,NR4A2,True
GSE199219,CID4664,CYTIP,True
GSE199219,CID4664,TANK,True
GSE199219,CID4664,PPIG,True
GSE199219,CID4664,WIPF1,True
GSE199219,CID4664,HNRNPA3,True
GSE199219,CID4664,NFE2L2,True
GSE199219,CID4664,ITGA4,True
GSE199219,CID4664,ORMDL1,True
GSE199219,CID4664,GLS,True
GSE199219,CID4664,STAT1,True
GSE199219,CID4664,STAT4,True
GSE199219,CID4664,NABP1,True
GSE199219,CID4664,STK17B,True
GSE199219,CID4664,SF3B1,True
GSE199219,CID4664,HSPD1,True
GSE199219,CID4664,HSPE1,True
GSE199219,CID4664,MOB4,True
GSE199219,CID4664,BZW1,True
GSE199219,CID4664,CLK1,True
GSE199219,CID4664,CFLAR,True
GSE199219,CID4664,CASP8,True
GSE199219,CID4664,SUMO1,True
GSE199219,CID4664,NOP58,True
GSE199219,CID4664,CTLA4,True
GSE199219,CID4664,ICOS,True
GSE199219,CID4664,EEF1B2,True
GSE199219,CID4664,XRCC5,True
GSE199219,CID4664,RPL37A,True
GSE199219,CID4664,ARPC2,True
GSE199219,CID4664,TUBA4A,True
GSE199219,CID4664,SP100,True
GSE199219,CID4664,ITM2C,True
GSE199219,CID4664,NCL,True
GSE199219,CID4664,ARL4C,True
GSE199219,CID4664,LRRFIP1,True
GSE199219,CID4664,PDCD1,False
GSE199219,CID4664,ARPC4,True
GSE199219,CID4664,BRK1,True
GSE199219,CID4664,RPL32,True
GSE199219,CID4664,ANKRD28,True
GSE199219,CID4664,RPL15,True
GSE199219,CID4664,GOLGA4,True
GSE199219,CID4664,CSRNP1,True
GSE199219,CID4664,RPSA,True
GSE199219,CID4664,RPL14,True
GSE199219,CID4664,NKTR,True
GSE199219,CID4664,TMA7,True
GSE199219,CID4664,RHOA,True
GSE199219,CID4664,GNAI2,True
GSE199219,CID4664,RPL29,True
GSE199219,CID4664,SPCS1,True
GSE199219,CID4664,SELENOK,True
GSE199219,CID4664,ARF4,True
GSE199219,CID4664,ARL6IP5,True
GSE199219,CID4664,FOXP1,True
GSE199219,CID4664,MTRNR2L12,True
GSE199219,CID4664,CLDND1,True
GSE199219,CID4664,RPL24,True
GSE199219,CID4664,NFKBIZ,True
GSE199219,CID4664,CD47,True
GSE199219,CID4664,TRAT1,True
GSE199219,CID4664,CD96,True
GSE199219,CID4664,TIGIT,True
GSE199219,CID4664,NDUFB4,True
GSE199219,CID4664,HCLS1,True
GSE199219,CID4664,GOLGB1,True
GSE199219,CID4664,CNBP,True
GSE199219,CID4664,H1FX,True
GSE199219,CID4664,CDV3,True
GSE199219,CID4664,ATP1B3,True
GSE199219,CID4664,SERP1,True
GSE199219,CID4664,GPR171,True
GSE199219,CID4664,MBNL1,True
GSE199219,CID4664,DHX36,True
GSE199219,CID4664,TIPARP,True
GSE199219,CID4664,CCNL1,True
GSE199219,CID4664,SEC62,True
GSE199219,CID4664,SKIL,True
GSE199219,CID4664,RPL22L1,True
GSE199219,CID4664,TRA2B,True
GSE199219,CID4664,EIF4A2,True
GSE199219,CID4664,PPP1R2,True
GSE199219,CID4664,RPL35A,True
GSE199219,CID4664,MXD4,True
GSE199219,CID4664,LYAR,True
GSE199219,CID4664,BOD1L1,True
GSE199219,CID4664,RBPJ,True
GSE199219,CID4664,ARAP2,True
GSE199219,CID4664,RPL9,True
GSE199219,CID4664,RHOH,True
GSE199219,CID4664,OCIAD2,True
GSE199219,CID4664,HOPX,True
GSE199219,CID4664,AREG,True
GSE199219,CID4664,G3BP2,True
GSE199219,CID4664,CCNI,True
GSE199219,CID4664,CXCL13,True
GSE199219,CID4664,CNOT6L,True
GSE199219,CID4664,RASGEF1B,True
GSE199219,CID4664,HNRNPDL,True
GSE199219,CID4664,H2AFZ,True
GSE199219,CID4664,NFKB1,True
GSE199219,CID4664,UBE2D3,True
GSE199219,CID4664,RPL34,True
GSE199219,CID4664,SNHG8,True
GSE199219,CID4664,C4orf3,True
GSE199219,CID4664,ANXA5,True
GSE199219,CID4664,SMARCA5,True
GSE199219,CID4664,RPS3A,True
GSE199219,CID4664,HMGB2,True
GSE199219,CID4664,ANKRD37,True
GSE199219,CID4664,SUB1,True
GSE199219,CID4664,IL7R,True
GSE199219,CID4664,PTGER4,True
GSE199219,CID4664,PRKAA1,False
GSE199219,CID4664,RPL37,True
GSE199219,CID4664,EMB,True
GSE199219,CID4664,PARP8,True
GSE199219,CID4664,GZMK,True
GSE199219,CID4664,GZMA,True
GSE199219,CID4664,GPBP1,True
GSE199219,CID4664,PIK3R1,True
GSE199219,CID4664,BTF3,True
GSE199219,CID4664,NSA2,True
GSE199219,CID4664,TBCA,True
GSE199219,CID4664,JMY,True
GSE199219,CID4664,RPS23,True
GSE199219,CID4664,COX7C,True
GSE199219,CID4664,CCNH,True
GSE199219,CID4664,GLRX,True
GSE199219,CID4664,CAST,True
GSE199219,CID4664,CHD1,True
GSE199219,CID4664,REEP5,True
GSE199219,CID4664,TNFAIP8,True
GSE199219,CID4664,HINT1,True
GSE199219,CID4664,CDC42SE2,True
GSE199219,CID4664,IRF1,True
GSE199219,CID4664,HSPA4,True
GSE199219,CID4664,SKP1,True
GSE199219,CID4664,UBE2B,True
GSE199219,CID4664,HNRNPA0,True
GSE199219,CID4664,EGR1,True
GSE199219,CID4664,HSPA9,True
GSE199219,CID4664,PAIP2,True
GSE199219,CID4664,UBE2D2,True
GSE199219,CID4664,CD14,False
GSE199219,CID4664,TAF7,True
GSE199219,CID4664,NDFIP1,True
GSE199219,CID4664,NR3C1,True
GSE199219,CID4664,CSNK1A1,True
GSE199219,CID4664,CD74,True
GSE199219,CID4664,RPS14,True
GSE199219,CID4664,ANXA6,True
GSE199219,CID4664,ITK,True
GSE199219,CID4664,NPM1,True
GSE199219,CID4664,DUSP1,True
GSE199219,CID4664,ATP6V0E1,True
GSE199219,CID4664,CREBRF,True
GSE199219,CID4664,HIGD2A,True
GSE199219,CID4664,PRELID1,True
GSE199219,CID4664,HNRNPAB,True
GSE199219,CID4664,HNRNPH1,True
GSE199219,CID4664,SQSTM1,True
GSE199219,CID4664,RACK1,True
GSE199219,CID4664,SERPINB9,True
GSE199219,CID4664,PRPF4B,True
GSE199219,CID4664,CD83,True
GSE199219,CID4664,MYLIP,True
GSE199219,CID4664,DEK,True
GSE199219,CID4664,HIST1H4C,True
GSE199219,CID4664,BTN3A2,True
GSE199219,CID4664,HLA-F,True
GSE199219,CID4664,HLA-E,True
GSE199219,CID4664,PPP1R10,True
GSE199219,CID4664,TUBB,True
GSE199219,CID4664,TNF,True
GSE199219,CID4664,LTB,True
GSE199219,CID4664,CLIC1,True
GSE199219,CID4664,HSPA1A,True
GSE199219,CID4664,HSPA1B,True
GSE199219,CID4664,C6orf48,True
GSE199219,CID4664,NEU1,True
GSE199219,CID4664,GPSM3,True
GSE199219,CID4664,HLA-DRA,True
GSE199219,CID4664,HLA-DRB1,True
GSE199219,CID4664,HLA-DQA1,True
GSE199219,CID4664,HLA-DQB1,True
GSE199219,CID4664,PSMB8,True
GSE199219,CID4664,PSMB9,True
GSE199219,CID4664,TAP1,True
GSE199219,CID4664,BRD2,True
GSE199219,CID4664,HLA-DPA1,True
GSE199219,CID4664,HLA-DPB1,True
GSE199219,CID4664,RPS18,True
GSE199219,CID4664,TAPBP,True
GSE199219,CID4664,CUTA,True
GSE199219,CID4664,RPS10,True
GSE199219,CID4664,RPL10A,True
GSE199219,CID4664,FKBP5,True
GSE199219,CID4664,SRSF3,True
GSE199219,CID4664,HSP90AB1,True
GSE199219,CID4664,EEF1A1,True
GSE199219,CID4664,COX7A2,True
GSE199219,CID4664,ZNF292,True
GSE199219,CID4664,PNRC1,True
GSE199219,CID4664,PNISR,True
GSE199219,CID4664,PRDM1,True
GSE199219,CID4664,SNX3,True
GSE199219,CID4664,CD164,True
GSE199219,CID4664,AMD1,True
GSE199219,CID4664,FYN,True
GSE199219,CID4664,RPS12,True
GSE199219,CID4664,BCLAF1,True
GSE199219,CID4664,TNFAIP3,True
GSE199219,CID4664,ABRACL,True
GSE199219,CID4664,CITED2,True
GSE199219,CID4664,SF3B5,True
GSE199219,CID4664,DYNLT1,True
GSE199219,CID4664,SYTL3,True
GSE199219,CID4664,EZR,True
GSE199219,CID4664,TAGAP,True
GSE199219,CID4664,SOD2,True
GSE199219,CID4664,WTAP,True
GSE199219,CID4664,TCP1,True
GSE199219,CID4664,MRPL18,True
GSE199219,CID4664,PSMB1,True
GSE199219,CID4664,ZFAND2A,True
GSE199219,CID4664,ACTB,True
GSE199219,CID4664,RAC1,True
GSE199219,CID4664,NDUFA4,True
GSE199219,CID4664,ARL4A,True
GSE199219,CID4664,TOMM7,True
GSE199219,CID4664,CYCS,True
GSE199219,CID4664,HNRNPA2B1,True
GSE199219,CID4664,CBX3,True
GSE199219,CID4664,TAX1BP1,True
GSE199219,CID4664,SEPT7,True
GSE199219,CID4664,TRGC2,True
GSE199219,CID4664,STK17A,True
GSE199219,CID4664,PPIA,True
GSE199219,CID4664,H2AFV,True
GSE199219,CID4664,IKZF1,True
GSE199219,CID4664,SEC61G,True
GSE199219,CID4664,EGFR,False
GSE199219,CID4664,CHCHD2,True
GSE199219,CID4664,SBDS,True
GSE199219,CID4664,HSPB1,True
GSE199219,CID4664,AKAP9,True
GSE199219,CID4664,FAM133B,True
GSE199219,CID4664,SAMD9,True
GSE199219,CID4664,ARPC1B,True
GSE199219,CID4664,LAMTOR4,True
GSE199219,CID4664,POLR2J3,True
GSE199219,CID4664,KMT2E,True
GSE199219,CID4664,NAMPT,True
GSE199219,CID4664,HBP1,True
GSE199219,CID4664,DNAJB9,True
GSE199219,CID4664,IFRD1,True
GSE199219,CID4664,AC016831.7,True
GSE199219,CID4664,AC058791.1,True
GSE199219,CID4664,ZC3HAV1,True
GSE199219,CID4664,NDUFB2,True
GSE199219,CID4664,SSBP1,True
GSE199219,CID4664,TRBC1,True
GSE199219,CID4664,TRBC2,True
GSE199219,CID4664,GSTK1,True
GSE199219,CID4664,GIMAP7,True
GSE199219,CID4664,GIMAP4,True
GSE199219,CID4664,DNAJB6,True
GSE199219,CID4664,SLC25A6,True
GSE199219,CID4664,CD99,True
GSE199219,CID4664,TMSB4X,True
GSE199219,CID4664,OFD1,True
GSE199219,CID4664,SYAP1,True
GSE199219,CID4664,SH3KBP1,True
GSE199219,CID4664,EIF1AX,True
GSE199219,CID4664,SAT1,True
GSE199219,CID4664,DDX3X,True
GSE199219,CID4664,NDUFB11,True
GSE199219,CID4664,UXT,True
GSE199219,CID4664,RBM3,True
GSE199219,CID4664,PLP2,True
GSE199219,CID4664,TSPYL2,True
GSE199219,CID4664,MSN,True
GSE199219,CID4664,IL2RG,True
GSE199219,CID4664,RPS4X,True
GSE199219,CID4664,XIST,True
GSE199219,CID4664,ATRX,True
GSE199219,CID4664,COX7B,True
GSE199219,CID4664,PGK1,True
GSE199219,CID4664,ITM2A,True
GSE199219,CID4664,SH3BGRL,True
GSE199219,CID4664,RPL36A,True
GSE199219,CID4664,TSC22D3,True
GSE199219,CID4664,SLC25A5,True
GSE199219,CID4664,SEPT6,True
GSE199219,CID4664,RPL39,True
GSE199219,CID4664,NDUFA1,True
GSE199219,CID4664,CD40LG,True
GSE199219,CID4664,RBMX,True
GSE199219,CID4664,IDS,True
GSE199219,CID4664,NSDHL,False
GSE199219,CID4664,SSR4,True
GSE199219,CID4664,FLNA,True
GSE199219,CID4664,RPL10,True
GSE199219,CID4664,G6PD,False
GSE199219,CID4664,PCM1,True
GSE199219,CID4664,DOK2,True
GSE199219,CID4664,DUSP4,True
GSE199219,CID4664,SARAF,True
GSE199219,CID4664,LEPROTL1,True
GSE199219,CID4664,RAB11FIP1,True
GSE199219,CID4664,RPS20,True
GSE199219,CID4664,SDCBP,True
GSE199219,CID4664,RPL7,True
GSE199219,CID4664,FABP5,True
GSE199219,CID4664,UQCRB,True
GSE199219,CID4664,MTDH,True
GSE199219,CID4664,RPL30,True
GSE199219,CID4664,COX6C,True
GSE199219,CID4664,POLR2K,True
GSE199219,CID4664,RNF19A,True
GSE199219,CID4664,PABPC1,True
GSE199219,CID4664,YWHAZ,True
GSE199219,CID4664,ZNF706,True
GSE199219,CID4664,EIF3E,True
GSE199219,CID4664,ENY2,True
GSE199219,CID4664,EIF3H,True
GSE199219,CID4664,FAM49B,True
GSE199219,CID4664,SLA,True
GSE199219,CID4664,LY6E,True
GSE199219,CID4664,EEF1D,True
GSE199219,CID4664,VPS28,True
GSE199219,CID4664,RPL8,True
GSE199219,CID4664,DOCK8,True
GSE199219,CID4664,VLDLR,False
GSE199219,CID4664,CD274,False
GSE199219,CID4664,PLIN2,True
GSE199219,CID4664,RPS6,True
GSE199219,CID4664,DNAJA1,True
GSE199219,CID4664,ZFAND5,True
GSE199219,CID4664,ANXA1,True
GSE199219,CID4664,TLE4,True
GSE199219,CID4664,HNRNPK,True
GSE199219,CID4664,CKS2,True
GSE199219,CID4664,ANP32B,True
GSE199219,CID4664,SEC61B,True
GSE199219,CID4664,NR4A3,True
GSE199219,CID4664,TXN,True
GSE199219,CID4664,AKNA,True
GSE199219,CID4664,ATP6V1G1,True
GSE199219,CID4664,RPL35,True
GSE199219,CID4664,HSPA5,True
GSE199219,CID4664,RPL12,True
GSE199219,CID4664,C9orf16,True
GSE199219,CID4664,SPTAN1,True
GSE199219,CID4664,SET,True
GSE199219,CID4664,IER5L,True
GSE199219,CID4664,C9orf78,True
GSE199219,CID4664,FNBP1,True
GSE199219,CID4664,RPL7A,True
GSE199219,CID4664,SNHG7,True
GSE199219,CID4664,PHPT1,True
GSE199219,CID4664,EDF1,True
GSE199219,CID4664,DPP7,True
GSE199219,CID4664,TUBB4B,True
GSE199219,CID4664,IFITM2,True
GSE199219,CID4664,RPLP2,True
GSE199219,CID4664,POLR2L,True
GSE199219,CID4664,CTSD,True
GSE199219,CID4664,LSP1,True
GSE199219,CID4664,CD81,True
GSE199219,CID4664,KCNQ1OT1,True
GSE199219,CID4664,NAP1L4,True
GSE199219,CID4664,TRIM22,True
GSE199219,CID4664,EIF3F,True
GSE199219,CID4664,RPL27A,True
GSE199219,CID4664,MTRNR2L8,True
GSE199219,CID4664,EIF4G2,True
GSE199219,CID4664,PSMA1,True
GSE199219,CID4664,C11orf58,True
GSE199219,CID4664,RPS13,True
GSE199219,CID4664,LDHA,True
GSE199219,CID4664,CD44,True
GSE199219,CID4664,CD6,True
GSE199219,CID4664,TMEM258,True
GSE199219,CID4664,FTH1,True
GSE199219,CID4664,AHNAK,True
GSE199219,CID4664,UBXN1,True
GSE199219,CID4664,SLC3A2,True
GSE199219,CID4664,RARRES3,True
GSE199219,CID4664,COX8A,True
GSE199219,CID4664,PPP1R14B,True
GSE199219,CID4664,TRMT112,True
GSE199219,CID4664,SF1,True
GSE199219,CID4664,FAU,True
GSE199219,CID4664,NEAT1,True
GSE199219,CID4664,CFL1,True
GSE199219,CID4664,DRAP1,True
GSE199219,CID4664,PPP1CA,True
GSE199219,CID4664,TBC1D10C,True
GSE199219,CID4664,CORO1B,True
GSE199219,CID4664,GSTP1,True
GSE199219,CID4664,DHCR7,False
GSE199219,CID4664,UCP2,True
GSE199219,CID4664,SPCS2,True
GSE199219,CID4664,RPS3,True
GSE199219,CID4664,NDUFC2,True
GSE199219,CID4664,CTSC,True
GSE199219,CID4664,CHORDC1,True
GSE199219,CID4664,TAF1D,True
GSE199219,CID4664,BIRC3,True
GSE199219,CID4664,CARD16,True
GSE199219,CID4664,ATM,True
GSE199219,CID4664,NCAM1,False
GSE199219,CID4664,PCSK7,True
GSE199219,CID4664,IL10RA,True
GSE199219,CID4664,CD3E,True
GSE199219,CID4664,CD3D,True
GSE199219,CID4664,CD3G,True
GSE199219,CID4664,ATP5MG,True
GSE199219,CID4664,KMT2A,True
GSE199219,CID4664,RPS25,True
GSE199219,CID4664,H2AFX,True
GSE199219,CID4664,HSPA8,True
GSE199219,CID4664,ETS1,True
GSE199219,CID4664,IDI1,True
GSE199219,CID4664,KLF6,True
GSE199219,CID4664,CELF2,True
GSE199219,CID4664,OPTN,True
GSE199219,CID4664,FAM107B,True
GSE199219,CID4664,VIM,True
GSE199219,CID4664,APBB1IP,True
GSE199219,CID4664,YME1L1,True
GSE199219,CID4664,KIF5B,True
GSE199219,CID4664,EPC1,True
GSE199219,CID4664,ITGB1,True
GSE199219,CID4664,CREM,True
GSE199219,CID4664,HNRNPF,True
GSE199219,CID4664,ARID5B,True
GSE199219,CID4664,JMJD1C,True
GSE199219,CID4664,HNRNPH3,True
GSE199219,CID4664,DDX21,True
GSE199219,CID4664,SRGN,True
GSE199219,CID4664,PPA1,True
GSE199219,CID4664,SPOCK2,True
GSE199219,CID4664,ANAPC16,True
GSE199219,CID4664,DDIT4,True
GSE199219,CID4664,VDAC2,True
GSE199219,CID4664,PGAM1,True
GSE199219,CID4664,NDUFB8,True
GSE199219,CID4664,DUSP5,True
GSE199219,CID4664,PDCD4,True
GSE199219,CID4664,EIF3A,True
GSE199219,CID4664,RGS10,True
GSE199219,CID4664,BUB3,True
GSE199219,CID4664,WNK1,True
GSE199219,CID4664,CCND2,True
GSE199219,CID4664,CD27,True
GSE199219,CID4664,GAPDH,True
GSE199219,CID4664,CD4,False
GSE199219,CID4664,TPI1,True
GSE199219,CID4664,C12orf57,True
GSE199219,CID4664,SLC2A3,True
GSE199219,CID4664,KLRB1,True
GSE199219,CID4664,CLEC2D,True
GSE199219,CID4664,CD69,True
GSE199219,CID4664,CLEC2B,True
GSE199219,CID4664,GABARAPL1,True
GSE199219,CID4664,KLRD1,True
GSE199219,CID4664,CDKN1B,True
GSE199219,CID4664,ATF7IP,True
GSE199219,CID4664,ARHGDIB,True
GSE199219,CID4664,LDHB,True
GSE199219,CID4664,FGFR1OP2,True
GSE199219,CID4664,KIAA1551,True
GSE199219,CID4664,SCAF11,True
GSE199219,CID4664,SLC38A1,True
GSE199219,CID4664,SLC38A2,True
GSE199219,CID4664,TUBA1B,True
GSE199219,CID4664,TUBA1A,True
GSE199219,CID4664,TUBA1C,True
GSE199219,CID4664,TMBIM6,True
GSE199219,CID4664,LIMA1,False
GSE199219,CID4664,DAZAP2,True
GSE199219,CID4664,NR4A1,True
GSE199219,CID4664,EIF4B,True
GSE199219,CID4664,PFDN5,True
GSE199219,CID4664,PRR13,True
GSE199219,CID4664,PCBP2,True
GSE199219,CID4664,ATP5MC2,True
GSE199219,CID4664,HNRNPA1,True
GSE199219,CID4664,BLOC1S1,True
GSE199219,CID4664,CD63,True
GSE199219,CID4664,RPS26,True
GSE199219,CID4664,RPL41,True
GSE199219,CID4664,MYL6,True
GSE199219,CID4664,PTGES3,True
GSE199219,CID4664,NACA,True
GSE199219,CID4664,USP15,True
GSE199219,CID4664,IFNG,True
GSE199219,CID4664,RAP1B,True
GSE199219,CID4664,GLIPR1,True
GSE199219,CID4664,PHLDA1,True
GSE199219,CID4664,NAP1L1,True
GSE199219,CID4664,PPP1R12A,True
GSE199219,CID4664,ATP2B1,True
GSE199219,CID4664,BTG1,True
GSE199219,CID4664,SLC25A3,True
GSE199219,CID4664,HSP90B1,True
GSE199219,CID4664,C12orf75,True
GSE199219,CID4664,ISCU,True
GSE199219,CID4664,ARPC3,True
GSE199219,CID4664,ERP29,True
GSE199219,CID4664,RPL6,True
GSE199219,CID4664,PEBP1,True
GSE199219,CID4664,RPLP0,True
GSE199219,CID4664,COX6A1,True
GSE199219,CID4664,SRSF9,True
GSE199219,CID4664,DYNLL1,True
GSE199219,CID4664,OASL,True
GSE199219,CID4664,RSRC2,True
GSE199219,CID4664,VPS37B,True
GSE199219,CID4664,ARL6IP4,True
GSE199219,CID4664,RILPL2,True
GSE199219,CID4664,UBC,True
GSE199219,CID4664,RAN,True
GSE199219,CID4664,MPHOSPH8,True
GSE199219,CID4664,SAP18,True
GSE199219,CID4664,RPL21,True
GSE199219,CID4664,GTF3A,True
GSE199219,CID4664,POLR1D,True
GSE199219,CID4664,POMP,True
GSE199219,CID4664,HMGB1,True
GSE199219,CID4664,ALOX5AP,True
GSE199219,CID4664,HSPH1,True
GSE199219,CID4664,N4BP2L2,True
GSE199219,CID4664,ELF1,True
GSE199219,CID4664,RGCC,True
GSE199219,CID4664,EPSTI1,True
GSE199219,CID4664,LCP1,True
GSE199219,CID4664,ITM2B,True
GSE199219,CID4664,INTS6,True
GSE199219,CID4664,COMMD6,True
GSE199219,CID4664,MYCBP2,True
GSE199219,CID4664,GPR183,True
GSE199219,CID4664,ARGLU1,True
GSE199219,CID4664,PNP,True
GSE199219,CID4664,HNRNPC,True
GSE199219,CID4664,TRAC,True
GSE199219,CID4664,DAD1,True
GSE199219,CID4664,PSME1,True
GSE199219,CID4664,PSME2,True
GSE199219,CID4664,CHMP4A,True
GSE199219,CID4664,NEDD8,True
GSE199219,CID4664,GZMH,True
GSE199219,CID4664,GZMB,True
GSE199219,CID4664,BAZ1A,True
GSE199219,CID4664,FAM177A1,True
GSE199219,CID4664,NFKBIA,True
GSE199219,CID4664,RALGAPA1,True
GSE199219,CID4664,PNN,True
GSE199219,CID4664,RPS29,True
GSE199219,CID4664,RPL36AL,True
GSE199219,CID4664,ARF6,True
GSE199219,CID4664,GNG2,True
GSE199219,CID4664,LGALS3,True
GSE199219,CID4664,KTN1,True
GSE199219,CID4664,SYNE2,True
GSE199219,CID4664,ZBTB1,True
GSE199219,CID4664,ZFP36L1,True
GSE199219,CID4664,SRSF5,True
GSE199219,CID4664,RBM25,True
GSE199219,CID4664,FOS,True
GSE199219,CID4664,BATF,True
GSE199219,CID4664,AHSA1,True
GSE199219,CID4664,CALM1,True
GSE199219,CID4664,DDX24,True
GSE199219,CID4664,PAPOLA,True
GSE199219,CID4664,BCL11B,True
GSE199219,CID4664,EVL,True
GSE199219,CID4664,PPP2R5C,True
GSE199219,CID4664,HSP90AA1,True
GSE199219,CID4664,EIF5,True
GSE199219,CID4664,CRIP1,True
GSE199219,CID4664,SRP14,True
GSE199219,CID4664,PDIA3,True
GSE199219,CID4664,SERF2,True
GSE199219,CID4664,EID1,True
GSE199219,CID4664,GABPB1,True
GSE199219,CID4664,GABPB1-AS1,True
GSE199219,CID4664,RSL24D1,True
GSE199219,CID4664,SLTM,True
GSE199219,CID4664,ANXA2,True
GSE199219,CID4664,RORA,True
GSE199219,CID4664,RPS27L,True
GSE199219,CID4664,PPIB,True
GSE199219,CID4664,RPL4,True
GSE199219,CID4664,PKM,True
GSE199219,CID4664,ARIH1,True
GSE199219,CID4664,COX5A,True
GSE199219,CID4664,MORF4L1,True
GSE199219,CID4664,RPS17,True
GSE199219,CID4664,SEC11A,True
GSE199219,CID4664,AKAP13,True
GSE199219,CID4664,ISG20,True
GSE199219,CID4664,CIB1,True
GSE199219,CID4664,IQGAP1,True
GSE199219,CID4664,CHD2,True
GSE199219,CID4664,UBE2I,True
GSE199219,CID4664,RNPS1,True
GSE199219,CID4664,SRRM2,True
GSE199219,CID4664,IL32,True
GSE199219,CID4664,SOCS1,True
GSE199219,CID4664,LITAF,True
GSE199219,CID4664,GSPT1,True
GSE199219,CID4664,RPS15A,True
GSE199219,CID4664,ARL6IP1,True
GSE199219,CID4664,SMG1,True
GSE199219,CID4664,RBBP6,True
GSE199219,CID4664,CD19,False
GSE199219,CID4664,LAT,True
GSE199219,CID4664,ALDOA,True
GSE199219,CID4664,CORO1A,True
GSE199219,CID4664,FUS,True
GSE199219,CID4664,CYLD,True
GSE199219,CID4664,MT2A,True
GSE199219,CID4664,HERPUD1,True
GSE199219,CID4664,CKLF,True
GSE199219,CID4664,FAM96B,True
GSE199219,CID4664,GABARAPL2,True
GSE199219,CID4664,TERF2IP,True
GSE199219,CID4664,MAF,True
GSE199219,CID4664,COTL1,True
GSE199219,CID4664,COX4I1,True
GSE199219,CID4664,MAP1LC3B,True
GSE199219,CID4664,CYBA,True
GSE199219,CID4664,APRT,True
GSE199219,CID4664,ANKRD11,True
GSE199219,CID4664,TCF25,True
GSE199219,CID4664,ITGAE,False
GSE199219,CID4664,PFN1,True
GSE199219,CID4664,EIF5A,True
GSE199219,CID4664,ACAP1,True
GSE199219,CID4664,POLR2A,True
GSE199219,CID4664,EIF4A1,True
GSE199219,CID4664,KDM6B,True
GSE199219,CID4664,VAMP2,True
GSE199219,CID4664,RPL26,True
GSE199219,CID4664,NCOR1,True
GSE199219,CID4664,UBB,True
GSE199219,CID4664,WSB1,True
GSE199219,CID4664,RPL23A,True
GSE199219,CID4664,NUFIP2,True
GSE199219,CID4664,EVI2B,True
GSE199219,CID4664,ZNF207,True
GSE199219,CID4664,SLFN5,True
GSE199219,CID4664,CCL5,True
GSE199219,CID4664,CCL3,True
GSE199219,CID4664,CCL4,True
GSE199219,CID4664,CCL4L2,True
GSE199219,CID4664,PSMB3,True
GSE199219,CID4664,RPL23,True
GSE199219,CID4664,RPL19,True
GSE199219,CID4664,ERBB2,False
GSE199219,CID4664,CCR7,True
GSE199219,CID4664,KRT10,True
GSE199219,CID4664,EIF1,True
GSE199219,CID4664,STAT3,True
GSE199219,CID4664,RPL27,True
GSE199219,CID4664,HEXIM1,True
GSE199219,CID4664,FMNL1,True
GSE199219,CID4664,SKAP1,True
GSE199219,CID4664,LUC7L3,True
GSE199219,CID4664,TOB1,True
GSE199219,CID4664,VMP1,True
GSE199219,CID4664,LIMD2,True
GSE199219,CID4664,DDX5,True
GSE199219,CID4664,BPTF,True
GSE199219,CID4664,KPNA2,True
GSE199219,CID4664,RPL38,True
GSE199219,CID4664,FDXR,False
GSE199219,CID4664,SUMO2,True
GSE199219,CID4664,H3F3B,True
GSE199219,CID4664,UBALD2,True
GSE199219,CID4664,SRSF2,True
GSE199219,CID4664,SEPT9,True
GSE199219,CID4664,SOCS3,True
GSE199219,CID4664,EIF4A3,True
GSE199219,CID4664,RNF213,True
GSE199219,CID4664,ACTG1,True
GSE199219,CID4664,CD7,True
GSE199219,CID4664,METRNL,True
GSE199219,CID4664,SMCHD1,True
GSE199219,CID4664,MYL12A,True
GSE199219,CID4664,MYL12B,True
GSE199219,CID4664,NDUFV2,True
GSE199219,CID4664,ANKRD12,True
GSE199219,CID4664,VAPA,True
GSE199219,CID4664,CHMP1B,True
GSE199219,CID4664,LDLRAD4,True
GSE199219,CID4664,ROCK1,True
GSE199219,CID4664,RPL17,True
GSE199219,CID4664,PMAIP1,True
GSE199219,CID4664,MBP,True
GSE199219,CID4664,FKBP1A,True
GSE199219,CID4664,SNRPB,True
GSE199219,CID4664,NOP56,True
GSE199219,CID4664,PRNP,True
GSE199219,CID4664,CST7,True
GSE199219,CID4664,RBM39,True
GSE199219,CID4664,TOP1,True
GSE199219,CID4664,YWHAB,True
GSE199219,CID4664,STK4,True
GSE199219,CID4664,ZFAS1,True
GSE199219,CID4664,CEBPB,True
GSE199219,CID4664,GNAS,True
GSE199219,CID4664,ATP5F1E,True
GSE199219,CID4664,PSMA7,True
GSE199219,CID4664,RPS21,True
GSE199219,CID4664,PPDPF,True
GSE199219,CID4664,GZMM,True
GSE199219,CID4664,PTBP1,True
GSE199219,CID4664,GPX4,True
GSE199219,CID4664,MIDN,True
GSE199219,CID4664,CIRBP,True
GSE199219,CID4664,UQCR11,True
GSE199219,CID4664,ABHD17A,True
GSE199219,CID4664,MKNK2,True
GSE199219,CID4664,OAZ1,True
GSE199219,CID4664,GADD45B,True
GSE199219,CID4664,AES,True
GSE199219,CID4664,EEF2,True
GSE199219,CID4664,RPL36,True
GSE199219,CID4664,NDUFA11,True
GSE199219,CID4664,TNFSF9,True
GSE199219,CID4664,RPS28,True
GSE199219,CID4664,HNRNPM,True
GSE199219,CID4664,UBL5,True
GSE199219,CID4664,EIF3G,True
GSE199219,CID4664,ICAM3,True
GSE199219,CID4664,CDC37,True
GSE199219,CID4664,WDR83OS,True
GSE199219,CID4664,JUNB,True
GSE199219,CID4664,PRDX2,True
GSE199219,CID4664,CALR,True
GSE199219,CID4664,IER2,True
GSE199219,CID4664,C19orf53,True
GSE199219,CID4664,ADGRE5,True
GSE199219,CID4664,DNAJB1,True
GSE199219,CID4664,TPM4,True
GSE199219,CID4664,KLF2,True
GSE199219,CID4664,BST2,True
GSE199219,CID4664,RPL18A,True
GSE199219,CID4664,JUND,True
GSE199219,CID4664,UBA52,True
GSE199219,CID4664,COPE,True
GSE199219,CID4664,NDUFA13,True
GSE199219,CID4664,FXYD5,True
GSE199219,CID4664,COX6B1,True
GSE199219,CID4664,HCST,True
GSE199219,CID4664,PSMD8,True
GSE199219,CID4664,EIF3K,True
GSE199219,CID4664,ACTN4,True
GSE199219,CID4664,GMFG,True
GSE199219,CID4664,ZFP36,True
GSE199219,CID4664,RPS16,True
GSE199219,CID4664,SERTAD1,True
GSE199219,CID4664,TGFB1,True
GSE199219,CID4664,RPS19,True
GSE199219,CID4664,ARHGEF1,True
GSE199219,CID4664,RABAC1,True
GSE199219,CID4664,DEDD2,True
GSE199219,CID4664,FOSB,True
GSE199219,CID4664,SNRPD2,True
GSE199219,CID4664,CALM3,True
GSE199219,CID4664,EMP3,True
GSE199219,CID4664,RPL18,True
GSE199219,CID4664,PPP1R15A,True
GSE199219,CID4664,BAX,True
GSE199219,CID4664,FTL,True
GSE199219,CID4664,CD37,True
GSE199219,CID4664,RPL13A,True
GSE199219,CID4664,RPS11,True
GSE199219,CID4664,NKG7,True
GSE199219,CID4664,ZNF331,True
GSE199219,CID4664,MYADM,True
GSE199219,CID4664,RPS9,True
GSE199219,CID4664,UBE2S,True
GSE199219,CID4664,RPS5,True
GSE199219,CID4664,XBP1,True
GSE199219,CID4664,UQCR10,True
GSE199219,CID4664,PIK3IP1,True
GSE199219,CID4664,MYH9,True
GSE199219,CID4664,RAC2,True
GSE199219,CID4664,LGALS1,True
GSE199219,CID4664,DDX17,True
GSE199219,CID4664,APOBEC3G,True
GSE199219,CID4664,RPL3,True
GSE199219,CID4664,ATF4,True
GSE199219,CID4664,TNRC6B,True
GSE199219,CID4664,ST13,True
GSE199219,CID4664,RBX1,True
GSE199219,CID4664,XRCC6,True
GSE199219,CID4664,SNU13,True
GSE199219,CID4664,TSPO,True
GSE199219,CID4664,PIM3,True
GSE199219,CID4664,TYMP,True
GSE199219,CID4664,SAMSN1,True
GSE199219,CID4664,BTG3,True
GSE199219,CID4664,SOD1,True
GSE199219,CID4664,SON,True
GSE199219,CID4664,MRPS6,True
GSE199219,CID4664,SLC5A3,True
GSE199219,CID4664,HMGN1,True
GSE199219,CID4664,ABCG1,False
GSE199219,CID4664,CSTB,True
GSE199219,CID4664,ITGB2,True
GSE199219,CID4664,MT-ND2,True
GSE199219,CID4664,MT-ATP8,True
GSE199219,CID4664,MT-ND3,True
GSE199219,CID4664,MT-ND4L,True
GSE199219,CID4664,MT-ND5,True
GSE199219,CID4664,mm10---mt-Atp6,True
GSE199219,CID4664,mm10---mt-Co3,True
GSE199219,CID4664,mm10---mt-Co2,True
GSE199219,CID4664,mm10---mt-Cytb,True
GSE199219,CID4664,mm10---mt-Co1,True
GSE199219,CID4664,mm10---mt-Nd1,True
GSE199219,CID4664,mm10---Gm42418,True
GSE199219,CID4664,mm10---mt-Nd2,True
GSE199219,CID4664,mm10---mt-Nd4,True
GSE199219,CID4664,ATPIF1,True
GSE199219,CID4664,FAM46C,True
GSE199219,CID4664,LINC00152,True
GSE199219,CID4664,GPX1,True
GSE199219,CID4664,SELK,True
GSE199219,CID4664,FYB,True
GSE199219,CID4664,GNB2L1,True
GSE199219,CID4664,RP11-138A9.1,True
GSE199219,CID4664,RP11-138A9.2,True
GSE199219,CID4664,LINC-PINT,True
GSE199219,CID4664,WHSC1L1,True
GSE199219,CID4664,TMEM2,True
GSE199219,CID4664,ATP5L,True
GSE199219,CID4664,USMG5,True
GSE199219,CID4664,ATP5G2,True
GSE199219,CID4664,ATP5B,True
GSE199219,CID4664,CCDC64,True
GSE199219,CID4664,C14orf166,True
GSE199219,CID4664,TCEB2,True
GSE199219,CID4664,HN1,True
GSE199219,CID4664,ATP5E,True
GSE199219,CID4664,ATP5D,True
GSE199219,CID4664,C19orf43,True
GSE199219,CID4664,CTD-3252C9.4,True
GSE199219,CID4664,GLTSCR2,True
GSE199219,CID4664,SEPW1,True
GSE267552,BC07,ISG15,True
GSE267552,BC07,SSU72,True
GSE267552,BC07,GNB1,True
GSE267552,BC07,RPL22,True
GSE267552,BC07,PARK7,True
GSE267552,BC07,ENO1,True
GSE267552,BC07,EFHD2,True
GSE267552,BC07,CAPZB,True
GSE267552,BC07,MICOS10,True
GSE267552,BC07,HP1BP3,True
GSE267552,BC07,CDC42,True
GSE267552,BC07,PNRC2,True
GSE267552,BC07,SRSF10,True
GSE267552,BC07,SRRM1,True
GSE267552,BC07,RUNX3,True
GSE267552,BC07,SYF2,True
GSE267552,BC07,RSRP1,True
GSE267552,BC07,TMEM50A,True
GSE267552,BC07,SH3BGRL3,True
GSE267552,BC07,CD52,True
GSE267552,BC07,ZNF683,True
GSE267552,BC07,HMGN2,True
GSE267552,BC07,IFI6,True
GSE267552,BC07,DNAJC8,True
GSE267552,BC07,ATP5IF1,True
GSE267552,BC07,AL137857.1,True
GSE267552,BC07,LAPTM5,True
GSE267552,BC07,PTP4A2,True
GSE267552,BC07,KHDRBS1,True
GSE267552,BC07,LCK,True
GSE267552,BC07,SFPQ,True
GSE267552,BC07,THRAP3,True
GSE267552,BC07,NDUFS5,True
GSE267552,BC07,MACF1,True
GSE267552,BC07,CAP1,True
GSE267552,BC07,SMAP2,True
GSE267552,BC07,YBX1,True
GSE267552,BC07,PRDX1,True
GSE267552,BC07,UQCRH,True
GSE267552,BC07,EPS15,True
GSE267552,BC07,TUT4,True
GSE267552,BC07,TMEM59,True
GSE267552,BC07,DHCR24,False
GSE267552,BC07,JUN,True
GSE267552,BC07,JAK1,True
GSE267552,BC07,PDE4B,True
GSE267552,BC07,MIER1,True
GSE267552,BC07,SERBP1,True
GSE267552,BC07,SRSF11,True
GSE267552,BC07,ZRANB2,True
GSE267552,BC07,DNAJB4,True
GSE267552,BC07,PRKACB,True
GSE267552,BC07,GNG5,True
GSE267552,BC07,GTF2B,True
GSE267552,BC07,GBP2,True
GSE267552,BC07,GBP5,True
GSE267552,BC07,RPL5,True
GSE267552,BC07,PRPF38B,True
GSE267552,BC07,PSMA5,True
GSE267552,BC07,CD53,True
GSE267552,BC07,DENND2D,True
GSE267552,BC07,ATP5PB,True
GSE267552,BC07,RAP1A,True
GSE267552,BC07,CSDE1,True
GSE267552,BC07,CD2,True
GSE267552,BC07,TENT5C,True
GSE267552,BC07,HMGCS2,False
GSE267552,BC07,RBM8A,True
GSE267552,BC07,TXNIP,True
GSE267552,BC07,LINC01138,True
GSE267552,BC07,MRPS21,True
GSE267552,BC07,MCL1,True
GSE267552,BC07,ENSA,True
GSE267552,BC07,CDC42SE1,True
GSE267552,BC07,S100A10,True
GSE267552,BC07,S100A11,True
GSE267552,BC07,S100A6,True
GSE267552,BC07,S100A4,True
GSE267552,BC07,TPM3,True
GSE267552,BC07,ADAR,True
GSE267552,BC07,KRTCAP2,True
GSE267552,BC07,FDPS,False
GSE267552,BC07,SSR2,True
GSE267552,BC07,SH2D2A,True
GSE267552,BC07,PYHIN1,True
GSE267552,BC07,IFI16,True
GSE267552,BC07,TAGLN2,True
GSE267552,BC07,CD48,True
GSE267552,BC07,TSTD1,True
GSE267552,BC07,ARHGAP30,True
GSE267552,BC07,HSPA6,True
GSE267552,BC07,HSD17B7,False
GSE267552,BC07,CD247,True
GSE267552,BC07,RCSD1,True
GSE267552,BC07,XCL2,True
GSE267552,BC07,XCL1,True
GSE267552,BC07,SELL,True
GSE267552,BC07,PRRC2C,True
GSE267552,BC07,PRDX6,True
GSE267552,BC07,GAS5,True
GSE267552,BC07,RABGAP1L,True
GSE267552,BC07,CACYBP,True
GSE267552,BC07,ARPC5,True
GSE267552,BC07,TPR,True
GSE267552,BC07,RGS1,True
GSE267552,BC07,RGS2,True
GSE267552,BC07,PTPRC,True
GSE267552,BC07,PTPN7,True
GSE267552,BC07,BTG2,True
GSE267552,BC07,NUCKS1,True
GSE267552,BC07,FCMR,True
GSE267552,BC07,TRAF3IP3,True
GSE267552,BC07,ATF3,True
GSE267552,BC07,CAPN2,True
GSE267552,BC07,H3F3A,True
GSE267552,BC07,ARF1,True
GSE267552,BC07,GUK1,True
GSE267552,BC07,TOMM20,True
GSE267552,BC07,ARID4B,True
GSE267552,BC07,LYST,True
GSE267552,BC07,HNRNPU,True
GSE267552,BC07,LINC01871,True
GSE267552,BC07,ID2,True
GSE267552,BC07,YWHAQ,True
GSE267552,BC07,ODC1,True
GSE267552,BC07,PDIA6,True
GSE267552,BC07,RHOB,True
GSE267552,BC07,OST4,True
GSE267552,BC07,YPEL5,True
GSE267552,BC07,LBH,True
GSE267552,BC07,HNRNPLL,True
GSE267552,BC07,SRSF7,True
GSE267552,BC07,EML4,True
GSE267552,BC07,ZFP36L2,True
GSE267552,BC07,CALM2,True
GSE267552,BC07,EPCAM,False
GSE267552,BC07,REL,True
GSE267552,BC07,CCT4,True
GSE267552,BC07,ACTR2,True
GSE267552,BC07,AAK1,True
GSE267552,BC07,PCBP1,True
GSE267552,BC07,SNRPG,True
GSE267552,BC07,MOB1A,True
GSE267552,BC07,TMSB10,True
GSE267552,BC07,VAMP8,True
GSE267552,BC07,GNLY,True
GSE267552,BC07,CD8A,True
GSE267552,BC07,CD8B,True
GSE267552,BC07,CYTOR,True
GSE267552,BC07,DUSP2,True
GSE267552,BC07,COX5B,True
GSE267552,BC07,ZAP70,True
GSE267552,BC07,MGAT4A,True
GSE267552,BC07,EIF5B,True
GSE267552,BC07,RPL31,True
GSE267552,BC07,GCC2,True
GSE267552,BC07,RANBP2,True
GSE267552,BC07,ACTR3,True
GSE267552,BC07,DDX18,True
GSE267552,BC07,DBI,True
GSE267552,BC07,GYPC,True
GSE267552,BC07,MZT2B,True
GSE267552,BC07,MZT2A,True
GSE267552,BC07,UBXN4,True
GSE267552,BC07,CXCR4,True
GSE267552,BC07,ARHGAP15,True
GSE267552,BC07,PRPF40A,True
GSE267552,BC07,NR4A2,True
GSE267552,BC07,CYTIP,True
GSE267552,BC07,PPIG,True
GSE267552,BC07,WIPF1,True
GSE267552,BC07,ATP5MC3,True
GSE267552,BC07,HNRNPA3,True
GSE267552,BC07,NFE2L2,True
GSE267552,BC07,ITGA4,True
GSE267552,BC07,GLS,True
GSE267552,BC07,STAT1,True
GSE267552,BC07,STK17B,True
GSE267552,BC07,ANKRD44,True
GSE267552,BC07,SF3B1,True
GSE267552,BC07,HSPD1,True
GSE267552,BC07,HSPE1,True
GSE267552,BC07,BZW1,True
GSE267552,BC07,CLK1,True
GSE267552,BC07,CFLAR,True
GSE267552,BC07,CTLA4,False
GSE267552,BC07,EEF1B2,True
GSE267552,BC07,XRCC5,True
GSE267552,BC07,RPL37A,True
GSE267552,BC07,ARPC2,True
GSE267552,BC07,TUBA4A,True
GSE267552,BC07,SP110,True
GSE267552,BC07,SP100,True
GSE267552,BC07,ITM2C,True
GSE267552,BC07,NCL,True
GSE267552,BC07,ARL4C,True
GSE267552,BC07,LRRFIP1,True
GSE267552,BC07,COPS9,True
GSE267552,BC07,PDCD1,False
GSE267552,BC07,ARPC4,True
GSE267552,BC07,BRK1,True
GSE267552,BC07,OXNAD1,True
GSE267552,BC07,RPL15,True
GSE267552,BC07,EOMES,True
GSE267552,BC07,CMC1,True
GSE267552,BC07,TGFBR2,True
GSE267552,BC07,RPSA,True
GSE267552,BC07,RPL14,True
GSE267552,BC07,CXCR6,True
GSE267552,BC07,TMA7,True
GSE267552,BC07,SHISA5,True
GSE267552,BC07,RHOA,True
GSE267552,BC07,GNAI2,True
GSE267552,BC07,RPL29,True
GSE267552,BC07,SPCS1,True
GSE267552,BC07,SELENOK,True
GSE267552,BC07,ARL6IP5,True
GSE267552,BC07,CGGBP1,True
GSE267552,BC07,CLDND1,True
GSE267552,BC07,RPL24,True
GSE267552,BC07,NFKBIZ,True
GSE267552,BC07,CBLB,True
GSE267552,BC07,TRAT1,True
GSE267552,BC07,CD96,True
GSE267552,BC07,TIGIT,True
GSE267552,BC07,COX17,True
GSE267552,BC07,NDUFB4,True
GSE267552,BC07,HCLS1,True
GSE267552,BC07,RPN1,True
GSE267552,BC07,CNBP,True
GSE267552,BC07,H1FX,True
GSE267552,BC07,CDV3,True
GSE267552,BC07,ZBTB38,True
GSE267552,BC07,U2SURP,True
GSE267552,BC07,GYG1,True
GSE267552,BC07,SERP1,True
GSE267552,BC07,MBNL1,True
GSE267552,BC07,CCNL1,True
GSE267552,BC07,SEC62,True
GSE267552,BC07,RPL22L1,True
GSE267552,BC07,TRA2B,True
GSE267552,BC07,EIF4A2,True
GSE267552,BC07,PPP1R2,True
GSE267552,BC07,PAK2,True
GSE267552,BC07,ATP5ME,True
GSE267552,BC07,LYAR,True
GSE267552,BC07,WDR1,True
GSE267552,BC07,BOD1L1,True
GSE267552,BC07,ARAP2,True
GSE267552,BC07,RPL9,True
GSE267552,BC07,RHOH,True
GSE267552,BC07,OCIAD2,True
GSE267552,BC07,HOPX,True
GSE267552,BC07,YTHDC1,True
GSE267552,BC07,AREG,True
GSE267552,BC07,G3BP2,True
GSE267552,BC07,CCNI,True
GSE267552,BC07,CXCL13,True
GSE267552,BC07,HNRNPD,True
GSE267552,BC07,HNRNPDL,True
GSE267552,BC07,H2AFZ,True
GSE267552,BC07,UBE2D3,True
GSE267552,BC07,SNHG8,True
GSE267552,BC07,C4orf3,True
GSE267552,BC07,ANXA5,True
GSE267552,BC07,HMGB2,True
GSE267552,BC07,SUB1,True
GSE267552,BC07,IL7R,True
GSE267552,BC07,FYB1,True
GSE267552,BC07,PTGER4,True
GSE267552,BC07,PRKAA1,False
GSE267552,BC07,EMB,True
GSE267552,BC07,PARP8,True
GSE267552,BC07,GZMK,True
GSE267552,BC07,GZMA,True
GSE267552,BC07,GPBP1,True
GSE267552,BC07,KIF2A,True
GSE267552,BC07,PIK3R1,True
GSE267552,BC07,BTF3,True
GSE267552,BC07,NSA2,True
GSE267552,BC07,TBCA,True
GSE267552,BC07,COX7C,True
GSE267552,BC07,CCNH,True
GSE267552,BC07,CAST,True
GSE267552,BC07,LNPEP,True
GSE267552,BC07,REEP5,True
GSE267552,BC07,TNFAIP8,True
GSE267552,BC07,HINT1,True
GSE267552,BC07,CDC42SE2,True
GSE267552,BC07,C5orf56,True
GSE267552,BC07,IRF1,True
GSE267552,BC07,UQCRQ,True
GSE267552,BC07,TCF7,True
GSE267552,BC07,SKP1,True
GSE267552,BC07,UBE2B,True
GSE267552,BC07,HNRNPA0,True
GSE267552,BC07,EGR1,True
GSE267552,BC07,MATR3,True
GSE267552,BC07,PAIP2,True
GSE267552,BC07,UBE2D2,True
GSE267552,BC07,CD14,False
GSE267552,BC07,IK,True
GSE267552,BC07,NDFIP1,True
GSE267552,BC07,NR3C1,True
GSE267552,BC07,CD74,True
GSE267552,BC07,ANXA6,True
GSE267552,BC07,ITK,True
GSE267552,BC07,MAT2B,True
GSE267552,BC07,LCP2,True
GSE267552,BC07,NPM1,True
GSE267552,BC07,DUSP1,True
GSE267552,BC07,ATP6V0E1,True
GSE267552,BC07,HIGD2A,True
GSE267552,BC07,PRELID1,True
GSE267552,BC07,CANX,True
GSE267552,BC07,SQSTM1,True
GSE267552,BC07,RACK1,True
GSE267552,BC07,SERPINB9,True
GSE267552,BC07,PRPF4B,True
GSE267552,BC07,TMEM14B,True
GSE267552,BC07,NOL7,True
GSE267552,BC07,DEK,True
GSE267552,BC07,HIST1H4C,True
GSE267552,BC07,HIST1H1E,True
GSE267552,BC07,HIST1H1D,True
GSE267552,BC07,BTN3A2,True
GSE267552,BC07,HLA-F,True
GSE267552,BC07,PPP1R18,True
GSE267552,BC07,TUBB,True
GSE267552,BC07,TNF,True
GSE267552,BC07,LTB,True
GSE267552,BC07,CSNK2B,True
GSE267552,BC07,CLIC1,True
GSE267552,BC07,HSPA1A,True
GSE267552,BC07,HSPA1B,True
GSE267552,BC07,GPSM3,True
GSE267552,BC07,HLA-DRA,True
GSE267552,BC07,HLA-DRB5,True
GSE267552,BC07,HLA-DRB1,True
GSE267552,BC07,HLA-DQA1,True
GSE267552,BC07,HLA-DQB1,True
GSE267552,BC07,TAP2,True
GSE267552,BC07,PSMB8,True
GSE267552,BC07,PSMB9,True
GSE267552,BC07,TAP1,True
GSE267552,BC07,BRD2,True
GSE267552,BC07,HLA-DPA1,True
GSE267552,BC07,HLA-DPB1,True
GSE267552,BC07,RPS18,True
GSE267552,BC07,TAPBP,True
GSE267552,BC07,CUTA,True
GSE267552,BC07,DEF6,True
GSE267552,BC07,RPL10A,True
GSE267552,BC07,FKBP5,True
GSE267552,BC07,SRSF3,True
GSE267552,BC07,TOMM6,True
GSE267552,BC07,CCND3,True
GSE267552,BC07,HSP90AB1,True
GSE267552,BC07,PHF3,True
GSE267552,BC07,COX7A2,True
GSE267552,BC07,SNHG5,True
GSE267552,BC07,PNRC1,True
GSE267552,BC07,PNISR,True
GSE267552,BC07,PRDM1,True
GSE267552,BC07,CRYBG1,True
GSE267552,BC07,SNX3,True
GSE267552,BC07,CD164,True
GSE267552,BC07,FYN,True
GSE267552,BC07,RWDD1,True
GSE267552,BC07,SERINC1,True
GSE267552,BC07,THEMIS,True
GSE267552,BC07,SAMD3,True
GSE267552,BC07,BCLAF1,True
GSE267552,BC07,TNFAIP3,True
GSE267552,BC07,ABRACL,True
GSE267552,BC07,CITED2,True
GSE267552,BC07,UTRN,True
GSE267552,BC07,SYNE1,True
GSE267552,BC07,DYNLT1,True
GSE267552,BC07,SYTL3,True
GSE267552,BC07,EZR,True
GSE267552,BC07,TAGAP,True
GSE267552,BC07,WTAP,True
GSE267552,BC07,PSMB1,True
GSE267552,BC07,ACTB,True
GSE267552,BC07,RAC1,True
GSE267552,BC07,NDUFA4,True
GSE267552,BC07,TOMM7,True
GSE267552,BC07,CYCS,True
GSE267552,BC07,HNRNPA2B1,True
GSE267552,BC07,CBX3,True
GSE267552,BC07,TAX1BP1,True
GSE267552,BC07,HERPUD2,True
GSE267552,BC07,SEPTIN7,True
GSE267552,BC07,AOAH,True
GSE267552,BC07,TRG-AS1,True
GSE267552,BC07,STK17A,True
GSE267552,BC07,PPIA,True
GSE267552,BC07,H2AFV,True
GSE267552,BC07,IKZF1,True
GSE267552,BC07,SEC61G,True
GSE267552,BC07,EGFR,False
GSE267552,BC07,CHCHD2,True
GSE267552,BC07,SBDS,True
GSE267552,BC07,MDH2,True
GSE267552,BC07,HSPB1,True
GSE267552,BC07,SRI,True
GSE267552,BC07,AKAP9,True
GSE267552,BC07,SEM1,True
GSE267552,BC07,ARPC1B,True
GSE267552,BC07,ATP5MF,True
GSE267552,BC07,LAMTOR4,True
GSE267552,BC07,GNB2,True
GSE267552,BC07,KMT2E,True
GSE267552,BC07,ARF5,True
GSE267552,BC07,ZC3HAV1,True
GSE267552,BC07,NDUFB2,True
GSE267552,BC07,TRBV7-9,True
GSE267552,BC07,TRBV27,True
GSE267552,BC07,TRBC1,True
GSE267552,BC07,TRBC2,True
GSE267552,BC07,GSTK1,True
GSE267552,BC07,ZYX,True
GSE267552,BC07,GIMAP7,True
GSE267552,BC07,GIMAP4,True
GSE267552,BC07,GIMAP5,True
GSE267552,BC07,DNAJB6,True
GSE267552,BC07,PCM1,True
GSE267552,BC07,DOK2,True
GSE267552,BC07,DUSP4,True
GSE267552,BC07,SARAF,True
GSE267552,BC07,LEPROTL1,True
GSE267552,BC07,TCEA1,True
GSE267552,BC07,RPS20,True
GSE267552,BC07,SDCBP,True
GSE267552,BC07,PDE7A,True
GSE267552,BC07,SNHG6,True
GSE267552,BC07,TRAM1,True
GSE267552,BC07,RPL7,True
GSE267552,BC07,FABP5,True
GSE267552,BC07,RBIS,True
GSE267552,BC07,UQCRB,True
GSE267552,BC07,MTDH,True
GSE267552,BC07,COX6C,True
GSE267552,BC07,RNF19A,True
GSE267552,BC07,PABPC1,True
GSE267552,BC07,YWHAZ,True
GSE267552,BC07,ZNF706,True
GSE267552,BC07,EIF3E,True
GSE267552,BC07,EIF3H,True
GSE267552,BC07,RAD21,True
GSE267552,BC07,NDUFB9,True
GSE267552,BC07,FAM49B,True
GSE267552,BC07,SLA,True
GSE267552,BC07,LY6E,True
GSE267552,BC07,EEF1D,True
GSE267552,BC07,VPS28,True
GSE267552,BC07,DOCK8,True
GSE267552,BC07,SMARCA2,True
GSE267552,BC07,VLDLR,False
GSE267552,BC07,CD274,False
GSE267552,BC07,PSIP1,True
GSE267552,BC07,RPS6,True
GSE267552,BC07,DNAJA1,True
GSE267552,BC07,VCP,True
GSE267552,BC07,TLN1,True
GSE267552,BC07,GLIPR2,True
GSE267552,BC07,ZFAND5,True
GSE267552,BC07,ANXA1,True
GSE267552,BC07,OSTF1,True
GSE267552,BC07,HNRNPK,True
GSE267552,BC07,SEMA4D,True
GSE267552,BC07,ANP32B,True
GSE267552,BC07,SEC61B,True
GSE267552,BC07,TXN,True
GSE267552,BC07,PTBP3,True
GSE267552,BC07,AKNA,True
GSE267552,BC07,ATP6V1G1,True
GSE267552,BC07,STOM,True
GSE267552,BC07,RPL35,True
GSE267552,BC07,ARPC5L,True
GSE267552,BC07,HSPA5,True
GSE267552,BC07,C9orf16,True
GSE267552,BC07,SPTAN1,True
GSE267552,BC07,SET,True
GSE267552,BC07,C9orf78,True
GSE267552,BC07,FNBP1,True
GSE267552,BC07,EDF1,True
GSE267552,BC07,PAXX,True
GSE267552,BC07,MRPL41,True
GSE267552,BC07,KLF6,True
GSE267552,BC07,GDI2,True
GSE267552,BC07,ATP5F1C,True
GSE267552,BC07,CELF2,True
GSE267552,BC07,OPTN,True
GSE267552,BC07,FAM107B,True
GSE267552,BC07,VIM,True
GSE267552,BC07,AL133415.1,True
GSE267552,BC07,PIP4K2A,True
GSE267552,BC07,APBB1IP,True
GSE267552,BC07,EPC1,True
GSE267552,BC07,ITGB1,True
GSE267552,BC07,CREM,True
GSE267552,BC07,HNRNPF,True
GSE267552,BC07,DDX21,True
GSE267552,BC07,SRGN,True
GSE267552,BC07,PRF1,True
GSE267552,BC07,PSAP,True
GSE267552,BC07,SPOCK2,True
GSE267552,BC07,ANAPC16,True
GSE267552,BC07,DDIT4,True
GSE267552,BC07,ANXA11,True
GSE267552,BC07,GHITM,True
GSE267552,BC07,CCSER2,True
GSE267552,BC07,PGAM1,True
GSE267552,BC07,NDUFB8,True
GSE267552,BC07,OGA,True
GSE267552,BC07,ATP5MD,True
GSE267552,BC07,DUSP5,True
GSE267552,BC07,PDCD4,True
GSE267552,BC07,RGS10,True
GSE267552,BC07,BUB3,True
GSE267552,BC07,IFITM2,True
GSE267552,BC07,IFITM1,True
GSE267552,BC07,POLR2L,True
GSE267552,BC07,CTSD,True
GSE267552,BC07,LSP1,True
GSE267552,BC07,CD81,True
GSE267552,BC07,NAP1L4,True
GSE267552,BC07,RHOG,True
GSE267552,BC07,TRIM22,True
GSE267552,BC07,TAF10,True
GSE267552,BC07,EIF3F,True
GSE267552,BC07,RPL27A,True
GSE267552,BC07,EIF4G2,True
GSE267552,BC07,PSMA1,True
GSE267552,BC07,C11orf58,True
GSE267552,BC07,RPS13,True
GSE267552,BC07,NUCB2,True
GSE267552,BC07,LDHA,True
GSE267552,BC07,EIF3M,True
GSE267552,BC07,CD44,True
GSE267552,BC07,CD82,True
GSE267552,BC07,UBE2L6,True
GSE267552,BC07,SELENOH,True
GSE267552,BC07,CD6,True
GSE267552,BC07,CD5,True
GSE267552,BC07,TMEM258,True
GSE267552,BC07,FTH1,True
GSE267552,BC07,AHNAK,True
GSE267552,BC07,EEF1G,True
GSE267552,BC07,UBXN1,True
GSE267552,BC07,SLC3A2,True
GSE267552,BC07,PLAAT4,True
GSE267552,BC07,COX8A,True
GSE267552,BC07,PPP1R14B,True
GSE267552,BC07,TRMT112,True
GSE267552,BC07,SF1,True
GSE267552,BC07,NEAT1,True
GSE267552,BC07,MALAT1,True
GSE267552,BC07,CFL1,True
GSE267552,BC07,CTSW,True
GSE267552,BC07,CCDC85B,True
GSE267552,BC07,DRAP1,True
GSE267552,BC07,SF3B2,True
GSE267552,BC07,PPP1CA,True
GSE267552,BC07,TBC1D10C,True
GSE267552,BC07,PTPRCAP,True
GSE267552,BC07,CORO1B,True
GSE267552,BC07,GSTP1,True
GSE267552,BC07,DHCR7,False
GSE267552,BC07,UCP2,True
GSE267552,BC07,SPCS2,True
GSE267552,BC07,RSF1,True
GSE267552,BC07,NDUFC2,True
GSE267552,BC07,CTSC,True
GSE267552,BC07,CHORDC1,True
GSE267552,BC07,TAF1D,True
GSE267552,BC07,BIRC3,True
GSE267552,BC07,TMEM123,True
GSE267552,BC07,CASP4,True
GSE267552,BC07,CARD16,True
GSE267552,BC07,ATM,True
GSE267552,BC07,NCAM1,False
GSE267552,BC07,IL10RA,True
GSE267552,BC07,CD3E,True
GSE267552,BC07,CD3D,True
GSE267552,BC07,CD3G,True
GSE267552,BC07,ATP5MG,True
GSE267552,BC07,KMT2A,True
GSE267552,BC07,DDX6,True
GSE267552,BC07,CRTAM,True
GSE267552,BC07,HSPA8,True
GSE267552,BC07,ETS1,True
GSE267552,BC07,WNK1,True
GSE267552,BC07,CCND2,True
GSE267552,BC07,CD27,True
GSE267552,BC07,GAPDH,True
GSE267552,BC07,LAG3,True
GSE267552,BC07,CD4,False
GSE267552,BC07,TPI1,True
GSE267552,BC07,C12orf57,True
GSE267552,BC07,PTPN6,True
GSE267552,BC07,SLC2A3,True
GSE267552,BC07,KLRG1,True
GSE267552,BC07,CLEC2D,True
GSE267552,BC07,CD69,True
GSE267552,BC07,CLEC2B,True
GSE267552,BC07,KLRD1,True
GSE267552,BC07,KLRK1,True
GSE267552,BC07,KLRC4,True
GSE267552,BC07,LINC02446,True
GSE267552,BC07,CDKN1B,True
GSE267552,BC07,ATF7IP,True
GSE267552,BC07,ARHGDIB,True
GSE267552,BC07,LDHB,True
GSE267552,BC07,RESF1,True
GSE267552,BC07,SCAF11,True
GSE267552,BC07,SLC38A1,True
GSE267552,BC07,SLC38A2,True
GSE267552,BC07,PCED1B,True
GSE267552,BC07,PCED1B-AS1,True
GSE267552,BC07,TUBA1B,True
GSE267552,BC07,TUBA1A,True
GSE267552,BC07,TMBIM6,True
GSE267552,BC07,LIMA1,False
GSE267552,BC07,DAZAP2,True
GSE267552,BC07,BIN2,True
GSE267552,BC07,NR4A1,True
GSE267552,BC07,EIF4B,True
GSE267552,BC07,PFDN5,True
GSE267552,BC07,PRR13,True
GSE267552,BC07,ATP5MC2,True
GSE267552,BC07,HNRNPA1,True
GSE267552,BC07,BLOC1S1,True
GSE267552,BC07,CD63,True
GSE267552,BC07,PA2G4,True
GSE267552,BC07,MYL6,True
GSE267552,BC07,ATP5F1B,True
GSE267552,BC07,PTGES3,True
GSE267552,BC07,NACA,True
GSE267552,BC07,ARHGAP9,True
GSE267552,BC07,USP15,True
GSE267552,BC07,TMBIM4,True
GSE267552,BC07,IFNG,True
GSE267552,BC07,RAP1B,True
GSE267552,BC07,GLIPR1,True
GSE267552,BC07,NAP1L1,True
GSE267552,BC07,PPP1R12A,True
GSE267552,BC07,SLC25A3,True
GSE267552,BC07,HSP90B1,True
GSE267552,BC07,C12orf75,True
GSE267552,BC07,ISCU,True
GSE267552,BC07,SELPLG,True
GSE267552,BC07,ARPC3,True
GSE267552,BC07,ERP29,True
GSE267552,BC07,PEBP1,True
GSE267552,BC07,RPLP0,True
GSE267552,BC07,COX6A1,True
GSE267552,BC07,SRSF9,True
GSE267552,BC07,DYNLL1,True
GSE267552,BC07,OASL,True
GSE267552,BC07,RSRC2,True
GSE267552,BC07,ARL6IP4,True
GSE267552,BC07,UBC,True
GSE267552,BC07,RAN,True
GSE267552,BC07,MPHOSPH8,True
GSE267552,BC07,SAP18,True
GSE267552,BC07,MRPL57,True
GSE267552,BC07,RPL21,True
GSE267552,BC07,GTF3A,True
GSE267552,BC07,POMP,True
GSE267552,BC07,HMGB1,True
GSE267552,BC07,ALOX5AP,True
GSE267552,BC07,HSPH1,True
GSE267552,BC07,N4BP2L2,True
GSE267552,BC07,ELF1,True
GSE267552,BC07,RGCC,True
GSE267552,BC07,TPT1,True
GSE267552,BC07,AL138963.4,True
GSE267552,BC07,LCP1,True
GSE267552,BC07,ITM2B,True
GSE267552,BC07,COMMD6,True
GSE267552,BC07,MYCBP2,True
GSE267552,BC07,GPR183,True
GSE267552,BC07,ARGLU1,True
GSE267552,BC07,LAMP1,True
GSE267552,BC07,HNRNPC,True
GSE267552,BC07,TRAC,True
GSE267552,BC07,DAD1,True
GSE267552,BC07,PSME1,True
GSE267552,BC07,PSME2,True
GSE267552,BC07,NEDD8,True
GSE267552,BC07,GZMH,True
GSE267552,BC07,GZMB,True
GSE267552,BC07,SNX6,True
GSE267552,BC07,FAM177A1,True
GSE267552,BC07,PSMA6,True
GSE267552,BC07,NFKBIA,True
GSE267552,BC07,PNN,True
GSE267552,BC07,RPL36AL,True
GSE267552,BC07,ARF6,True
GSE267552,BC07,GNG2,True
GSE267552,BC07,LGALS3,True
GSE267552,BC07,KTN1,True
GSE267552,BC07,DHRS7,True
GSE267552,BC07,PRKCH,True
GSE267552,BC07,HIF1A,True
GSE267552,BC07,SYNE2,True
GSE267552,BC07,CHURC1,True
GSE267552,BC07,ZFP36L1,True
GSE267552,BC07,SRSF5,True
GSE267552,BC07,RBM25,True
GSE267552,BC07,TMED10,True
GSE267552,BC07,FOS,True
GSE267552,BC07,CALM1,True
GSE267552,BC07,TC2N,True
GSE267552,BC07,NDUFB1,True
GSE267552,BC07,DDX24,True
GSE267552,BC07,PAPOLA,True
GSE267552,BC07,BCL11B,True
GSE267552,BC07,EVL,True
GSE267552,BC07,PPP2R5C,True
GSE267552,BC07,HSP90AA1,True
GSE267552,BC07,EIF5,True
GSE267552,BC07,ATP5MPL,True
GSE267552,BC07,CRIP1,True
GSE267552,BC07,SNRPN,True
GSE267552,BC07,NSMCE3,True
GSE267552,BC07,SRP14,True
GSE267552,BC07,PDIA3,True
GSE267552,BC07,SERF2,True
GSE267552,BC07,EID1,True
GSE267552,BC07,TMOD3,True
GSE267552,BC07,VPS13C,True
GSE267552,BC07,RPS27L,True
GSE267552,BC07,RAB8B,True
GSE267552,BC07,PPIB,True
GSE267552,BC07,RPL4,True
GSE267552,BC07,PKM,True
GSE267552,BC07,CSK,True
GSE267552,BC07,COX5A,True
GSE267552,BC07,MORF4L1,True
GSE267552,BC07,IL16,True
GSE267552,BC07,RPS17,True
GSE267552,BC07,AKAP13,True
GSE267552,BC07,ISG20,True
GSE267552,BC07,IDH2,True
GSE267552,BC07,CIB1,True
GSE267552,BC07,IQGAP1,True
GSE267552,BC07,LINC01578,True
GSE267552,BC07,UBE2I,True
GSE267552,BC07,NDUFB10,True
GSE267552,BC07,ATP6V0C,True
GSE267552,BC07,SRRM2,True
GSE267552,BC07,ELOB,True
GSE267552,BC07,IL32,True
GSE267552,BC07,SOCS1,True
GSE267552,BC07,LITAF,True
GSE267552,BC07,GSPT1,True
GSE267552,BC07,ARL6IP1,True
GSE267552,BC07,RBBP6,True
GSE267552,BC07,CD19,False
GSE267552,BC07,LAT,True
GSE267552,BC07,ALDOA,True
GSE267552,BC07,YPEL3,True
GSE267552,BC07,CORO1A,True
GSE267552,BC07,SEPTIN1,True
GSE267552,BC07,FUS,True
GSE267552,BC07,CYLD,True
GSE267552,BC07,RBL2,True
GSE267552,BC07,MT2A,True
GSE267552,BC07,HERPUD1,True
GSE267552,BC07,CKLF,True
GSE267552,BC07,CIAO2B,True
GSE267552,BC07,PSMB10,True
GSE267552,BC07,GABARAPL2,True
GSE267552,BC07,TERF2IP,True
GSE267552,BC07,COTL1,True
GSE267552,BC07,COX4I1,True
GSE267552,BC07,MAP1LC3B,True
GSE267552,BC07,SLC7A5,True
GSE267552,BC07,CYBA,True
GSE267552,BC07,APRT,True
GSE267552,BC07,ANKRD11,True
GSE267552,BC07,TCF25,True
GSE267552,BC07,ITGAE,False
GSE267552,BC07,PFN1,True
GSE267552,BC07,RNASEK,True
GSE267552,BC07,GABARAP,True
GSE267552,BC07,EIF5A,True
GSE267552,BC07,ACAP1,True
GSE267552,BC07,EIF4A1,True
GSE267552,BC07,TRAPPC1,True
GSE267552,BC07,VAMP2,True
GSE267552,BC07,NCOR1,True
GSE267552,BC07,UBB,True
GSE267552,BC07,SNHG29,True
GSE267552,BC07,RPL23A,True
GSE267552,BC07,EVI2B,True
GSE267552,BC07,SLFN5,True
GSE267552,BC07,CCL5,True
GSE267552,BC07,CCL4,True
GSE267552,BC07,CCL4L2,True
GSE267552,BC07,SYNRG,True
GSE267552,BC07,PSMB3,True
GSE267552,BC07,RPL23,True
GSE267552,BC07,ERBB2,False
GSE267552,BC07,IKZF3,True
GSE267552,BC07,KRT10,True
GSE267552,BC07,EIF1,True
GSE267552,BC07,STAT3,True
GSE267552,BC07,RPL27,True
GSE267552,BC07,SKAP1,True
GSE267552,BC07,TOB1,True
GSE267552,BC07,NME2,True
GSE267552,BC07,LIMD2,True
GSE267552,BC07,ERN1,True
GSE267552,BC07,DDX5,True
GSE267552,BC07,PITPNC1,True
GSE267552,BC07,PRKAR1A,True
GSE267552,BC07,RPL38,True
GSE267552,BC07,SLC9A3R1,True
GSE267552,BC07,FDXR,False
GSE267552,BC07,ATP5PD,True
GSE267552,BC07,JPT1,True
GSE267552,BC07,SUMO2,True
GSE267552,BC07,H3F3B,True
GSE267552,BC07,UBALD2,True
GSE267552,BC07,SRSF2,True
GSE267552,BC07,SEPTIN9,True
GSE267552,BC07,EIF4A3,True
GSE267552,BC07,RNF213,True
GSE267552,BC07,ACTG1,True
GSE267552,BC07,P4HB,True
GSE267552,BC07,ARHGDIA,True
GSE267552,BC07,CD7,True
GSE267552,BC07,METRNL,True
GSE267552,BC07,SMCHD1,True
GSE267552,BC07,MYL12A,True
GSE267552,BC07,MYL12B,True
GSE267552,BC07,NDUFV2,True
GSE267552,BC07,ANKRD12,True
GSE267552,BC07,ROCK1,True
GSE267552,BC07,TTC39C,True
GSE267552,BC07,ATP5F1A,True
GSE267552,BC07,RPL17,True
GSE267552,BC07,PMAIP1,True
GSE267552,BC07,MBP,True
GSE267552,BC07,GZMM,True
GSE267552,BC07,BSG,True
GSE267552,BC07,CNN2,True
GSE267552,BC07,GPX4,True
GSE267552,BC07,ATP5F1D,True
GSE267552,BC07,CIRBP,True
GSE267552,BC07,UQCR11,True
GSE267552,BC07,ABHD17A,True
GSE267552,BC07,OAZ1,True
GSE267552,BC07,LSM7,True
GSE267552,BC07,GADD45B,True
GSE267552,BC07,TLE5,True
GSE267552,BC07,EEF2,True
GSE267552,BC07,MAP2K2,True
GSE267552,BC07,NDUFA11,True
GSE267552,BC07,TNFSF9,True
GSE267552,BC07,PET100,True
GSE267552,BC07,HNRNPM,True
GSE267552,BC07,UBL5,True
GSE267552,BC07,SHFL,True
GSE267552,BC07,EIF3G,True
GSE267552,BC07,ICAM3,True
GSE267552,BC07,CDC37,True
GSE267552,BC07,WDR83OS,True
GSE267552,BC07,TRIR,True
GSE267552,BC07,JUNB,True
GSE267552,BC07,CALR,True
GSE267552,BC07,IER2,True
GSE267552,BC07,C19orf53,True
GSE267552,BC07,ADGRE5,True
GSE267552,BC07,DNAJB1,True
GSE267552,BC07,TECR,True
GSE267552,BC07,RASAL3,True
GSE267552,BC07,KLF2,True
GSE267552,BC07,BST2,True
GSE267552,BC07,JUND,True
GSE267552,BC07,FKBP8,True
GSE267552,BC07,UBA52,True
GSE267552,BC07,REX1BD,True
GSE267552,BC07,COPE,True
GSE267552,BC07,NDUFA13,True
GSE267552,BC07,LSM14A,True
GSE267552,BC07,GPI,True
GSE267552,BC07,FXYD5,True
GSE267552,BC07,COX6B1,True
GSE267552,BC07,HCST,True
GSE267552,BC07,CAPNS1,True
GSE267552,BC07,EIF3K,True
GSE267552,BC07,ACTN4,True
GSE267552,BC07,ECH1,True
GSE267552,BC07,HNRNPL,True
GSE267552,BC07,GMFG,True
GSE267552,BC07,ZFP36,True
GSE267552,BC07,RPS16,True
GSE267552,BC07,SERTAD1,True
GSE267552,BC07,TGFB1,True
GSE267552,BC07,RPS19,True
GSE267552,BC07,ARHGEF1,True
GSE267552,BC07,RABAC1,True
GSE267552,BC07,FOSB,True
GSE267552,BC07,SNRPD2,True
GSE267552,BC07,CALM3,True
GSE267552,BC07,NOP53,True
GSE267552,BC07,SELENOW,True
GSE267552,BC07,EMP3,True
GSE267552,BC07,PPP1R15A,True
GSE267552,BC07,BAX,True
GSE267552,BC07,FTL,True
GSE267552,BC07,CD37,True
GSE267552,BC07,RPL13A,True
GSE267552,BC07,RPS11,True
GSE267552,BC07,NKG7,True
GSE267552,BC07,ZNF331,True
GSE267552,BC07,MYADM,True
GSE267552,BC07,NDUFA3,True
GSE267552,BC07,RPS9,True
GSE267552,BC07,UBE2S,True
GSE267552,BC07,RPS5,True
GSE267552,BC07,SNRPB,True
GSE267552,BC07,TMX4,True
GSE267552,BC07,CST7,True
GSE267552,BC07,APMAP,True
GSE267552,BC07,RALY,True
GSE267552,BC07,EIF2S2,True
GSE267552,BC07,ROMO1,True
GSE267552,BC07,RBM39,True
GSE267552,BC07,SCAND1,True
GSE267552,BC07,SAMHD1,True
GSE267552,BC07,YWHAB,True
GSE267552,BC07,STK4,True
GSE267552,BC07,PREX1,True
GSE267552,BC07,ZFAS1,True
GSE267552,BC07,UBE2V1,True
GSE267552,BC07,NFATC2,True
GSE267552,BC07,GNAS,True
GSE267552,BC07,ATP5F1E,True
GSE267552,BC07,PSMA7,True
GSE267552,BC07,PPDPF,True
GSE267552,BC07,LIME1,True
GSE267552,BC07,SAMSN1,True
GSE267552,BC07,ATP5PF,True
GSE267552,BC07,SOD1,True
GSE267552,BC07,SON,True
GSE267552,BC07,ATP5PO,True
GSE267552,BC07,MRPS6,True
GSE267552,BC07,HMGN1,True
GSE267552,BC07,MX1,True
GSE267552,BC07,ABCG1,False
GSE267552,BC07,CSTB,True
GSE267552,BC07,ITGB2,True
GSE267552,BC07,PRMT2,True
GSE267552,BC07,CHCHD10,True
GSE267552,BC07,MIF,True
GSE267552,BC07,EWSR1,True
GSE267552,BC07,UQCR10,True
GSE267552,BC07,PIK3IP1,True
GSE267552,BC07,MYH9,True
GSE267552,BC07,RAC2,True
GSE267552,BC07,LGALS1,True
GSE267552,BC07,DDX17,True
GSE267552,BC07,SUN2,True
GSE267552,BC07,APOBEC3G,True
GSE267552,BC07,RPL3,True
GSE267552,BC07,ST13,True
GSE267552,BC07,XRCC6,True
GSE267552,BC07,SNU13,True
GSE267552,BC07,SMDT1,True
GSE267552,BC07,TSPO,True
GSE267552,BC07,SLC25A6,True
GSE267552,BC07,CD99,True
GSE267552,BC07,SH3KBP1,True
GSE267552,BC07,EIF1AX,True
GSE267552,BC07,SAT1,True
GSE267552,BC07,DDX3X,True
GSE267552,BC07,NDUFB11,True
GSE267552,BC07,UXT,True
GSE267552,BC07,RBM3,True
GSE267552,BC07,WAS,True
GSE267552,BC07,PLP2,True
GSE267552,BC07,TSPYL2,True
GSE267552,BC07,MSN,True
GSE267552,BC07,IL2RG,True
GSE267552,BC07,CXCR3,True
GSE267552,BC07,ATRX,True
GSE267552,BC07,COX7B,True
GSE267552,BC07,PGK1,True
GSE267552,BC07,ITM2A,True
GSE267552,BC07,SH3BGRL,True
GSE267552,BC07,RPL36A,True
GSE267552,BC07,TSC22D3,True
GSE267552,BC07,SLC25A5,True
GSE267552,BC07,SEPTIN6,True
GSE267552,BC07,NDUFA1,True
GSE267552,BC07,SH2D1A,True
GSE267552,BC07,RBMX,True
GSE267552,BC07,IDS,True
GSE267552,BC07,NSDHL,False
GSE267552,BC07,BCAP31,True
GSE267552,BC07,SSR4,True
GSE267552,BC07,FLNA,True
GSE267552,BC07,EMD,True
GSE267552,BC07,G6PD,False
GSE267552,BC07,MT-ND1,True
GSE267552,BC07,MT-ND2,True
GSE267552,BC07,MT-CO1,True
GSE267552,BC07,MT-CO2,True
GSE267552,BC07,MT-ATP8,True
GSE267552,BC07,MT-ATP6,True
GSE267552,BC07,MT-CO3,True
GSE267552,BC07,MT-ND3,True
GSE267552,BC07,MT-ND4L,True
GSE267552,BC07,MT-ND4,True
GSE267552,BC07,MT-ND5,True
GSE267552,BC07,MT-CYB,True
GSE267552,BC08,ISG15,True
GSE267552,BC08,SSU72,True
GSE267552,BC08,GNB1,True
GSE267552,BC08,RPL22,True
GSE267552,BC08,PARK7,True
GSE267552,BC08,ENO1,True
GSE267552,BC08,CAPZB,True
GSE267552,BC08,MICOS10,True
GSE267552,BC08,HP1BP3,True
GSE267552,BC08,CDC42,True
GSE267552,BC08,PNRC2,True
GSE267552,BC08,SRSF10,True
GSE267552,BC08,SRRM1,True
GSE267552,BC08,RUNX3,True
GSE267552,BC08,SYF2,True
GSE267552,BC08,RSRP1,True
GSE267552,BC08,TMEM50A,True
GSE267552,BC08,SH3BGRL3,True
GSE267552,BC08,CD52,True
GSE267552,BC08,ZNF683,True
GSE267552,BC08,HMGN2,True
GSE267552,BC08,ATP5IF1,True
GSE267552,BC08,AL137857.1,True
GSE267552,BC08,LAPTM5,True
GSE267552,BC08,PTP4A2,True
GSE267552,BC08,KHDRBS1,True
GSE267552,BC08,LCK,True
GSE267552,BC08,SFPQ,True
GSE267552,BC08,THRAP3,True
GSE267552,BC08,NDUFS5,True
GSE267552,BC08,MACF1,True
GSE267552,BC08,CAP1,True
GSE267552,BC08,SMAP2,True
GSE267552,BC08,YBX1,True
GSE267552,BC08,PRDX1,True
GSE267552,BC08,UQCRH,True
GSE267552,BC08,CMPK1,True
GSE267552,BC08,EPS15,True
GSE267552,BC08,TMEM59,True
GSE267552,BC08,DHCR24,False
GSE267552,BC08,JUN,True
GSE267552,BC08,JAK1,True
GSE267552,BC08,PDE4B,True
GSE267552,BC08,SERBP1,True
GSE267552,BC08,SRSF11,True
GSE267552,BC08,DNAJB4,True
GSE267552,BC08,PRKACB,True
GSE267552,BC08,GNG5,True
GSE267552,BC08,GTF2B,True
GSE267552,BC08,GBP5,True
GSE267552,BC08,RPL5,True
GSE267552,BC08,PRPF38B,True
GSE267552,BC08,CD53,True
GSE267552,BC08,DENND2D,True
GSE267552,BC08,RAP1A,True
GSE267552,BC08,BCAS2,True
GSE267552,BC08,CSDE1,True
GSE267552,BC08,ATP1A1,True
GSE267552,BC08,CD2,True
GSE267552,BC08,TENT5C,True
GSE267552,BC08,HMGCS2,False
GSE267552,BC08,RBM8A,True
GSE267552,BC08,TXNIP,True
GSE267552,BC08,LINC01138,True
GSE267552,BC08,MRPS21,True
GSE267552,BC08,MCL1,True
GSE267552,BC08,ENSA,True
GSE267552,BC08,CDC42SE1,True
GSE267552,BC08,S100A10,True
GSE267552,BC08,S100A11,True
GSE267552,BC08,S100A6,True
GSE267552,BC08,S100A4,True
GSE267552,BC08,TPM3,True
GSE267552,BC08,ADAR,True
GSE267552,BC08,KRTCAP2,True
GSE267552,BC08,FDPS,False
GSE267552,BC08,SSR2,True
GSE267552,BC08,SH2D2A,True
GSE267552,BC08,PYHIN1,True
GSE267552,BC08,IFI16,True
GSE267552,BC08,TAGLN2,True
GSE267552,BC08,CD48,True
GSE267552,BC08,TSTD1,True
GSE267552,BC08,ARHGAP30,True
GSE267552,BC08,HSPA6,True
GSE267552,BC08,HSD17B7,False
GSE267552,BC08,CD247,True
GSE267552,BC08,RCSD1,True
GSE267552,BC08,XCL2,True
GSE267552,BC08,XCL1,True
GSE267552,BC08,SELL,True
GSE267552,BC08,PRRC2C,True
GSE267552,BC08,PRDX6,True
GSE267552,BC08,GAS5,True
GSE267552,BC08,RABGAP1L,True
GSE267552,BC08,CACYBP,True
GSE267552,BC08,GLUL,True
GSE267552,BC08,ARPC5,True
GSE267552,BC08,TPR,True
GSE267552,BC08,RGS1,True
GSE267552,BC08,RGS2,True
GSE267552,BC08,PTPRC,True
GSE267552,BC08,PTPN7,True
GSE267552,BC08,BTG2,True
GSE267552,BC08,NUCKS1,True
GSE267552,BC08,FCMR,True
GSE267552,BC08,CD55,True
GSE267552,BC08,TRAF3IP3,True
GSE267552,BC08,ATF3,True
GSE267552,BC08,CAPN2,True
GSE267552,BC08,H3F3A,True
GSE267552,BC08,ARF1,True
GSE267552,BC08,GUK1,True
GSE267552,BC08,TOMM20,True
GSE267552,BC08,ARID4B,True
GSE267552,BC08,LYST,True
GSE267552,BC08,HNRNPU,True
GSE267552,BC08,LINC01871,True
GSE267552,BC08,ID2,True
GSE267552,BC08,YWHAQ,True
GSE267552,BC08,ODC1,True
GSE267552,BC08,PDIA6,True
GSE267552,BC08,RHOB,True
GSE267552,BC08,OST4,True
GSE267552,BC08,YPEL5,True
GSE267552,BC08,LBH,True
GSE267552,BC08,CDC42EP3,True
GSE267552,BC08,SRSF7,True
GSE267552,BC08,EML4,True
GSE267552,BC08,ZFP36L2,True
GSE267552,BC08,CALM2,True
GSE267552,BC08,EPCAM,False
GSE267552,BC08,REL,True
GSE267552,BC08,CCT4,True
GSE267552,BC08,ACTR2,True
GSE267552,BC08,AAK1,True
GSE267552,BC08,PCBP1,True
GSE267552,BC08,SNRPG,True
GSE267552,BC08,MOB1A,True
GSE267552,BC08,VAMP8,True
GSE267552,BC08,GNLY,True
GSE267552,BC08,CD8A,True
GSE267552,BC08,CD8B,True
GSE267552,BC08,CYTOR,True
GSE267552,BC08,DUSP2,True
GSE267552,BC08,COX5B,True
GSE267552,BC08,ZAP70,True
GSE267552,BC08,RPL31,True
GSE267552,BC08,GCC2,True
GSE267552,BC08,RANBP2,True
GSE267552,BC08,ACTR3,True
GSE267552,BC08,DDX18,True
GSE267552,BC08,DBI,True
GSE267552,BC08,GYPC,True
GSE267552,BC08,MZT2B,True
GSE267552,BC08,UBXN4,True
GSE267552,BC08,CXCR4,True
GSE267552,BC08,ARHGAP15,True
GSE267552,BC08,PRPF40A,True
GSE267552,BC08,NR4A2,True
GSE267552,BC08,CYTIP,True
GSE267552,BC08,RBMS1,True
GSE267552,BC08,PPIG,True
GSE267552,BC08,WIPF1,True
GSE267552,BC08,ATP5MC3,True
GSE267552,BC08,HNRNPA3,True
GSE267552,BC08,NFE2L2,True
GSE267552,BC08,ITGA4,True
GSE267552,BC08,ZC3H15,True
GSE267552,BC08,GLS,True
GSE267552,BC08,STAT1,True
GSE267552,BC08,STK17B,True
GSE267552,BC08,ANKRD44,True
GSE267552,BC08,SF3B1,True
GSE267552,BC08,HSPD1,True
GSE267552,BC08,HSPE1,True
GSE267552,BC08,BZW1,True
GSE267552,BC08,CLK1,True
GSE267552,BC08,CFLAR,True
GSE267552,BC08,NOP58,True
GSE267552,BC08,CTLA4,False
GSE267552,BC08,EEF1B2,True
GSE267552,BC08,XRCC5,True
GSE267552,BC08,RPL37A,True
GSE267552,BC08,ARPC2,True
GSE267552,BC08,TUBA4A,True
GSE267552,BC08,SP110,True
GSE267552,BC08,SP100,True
GSE267552,BC08,ITM2C,True
GSE267552,BC08,NCL,True
GSE267552,BC08,ARL4C,True
GSE267552,BC08,LRRFIP1,True
GSE267552,BC08,COPS9,True
GSE267552,BC08,PDCD1,False
GSE267552,BC08,ARPC4,True
GSE267552,BC08,BRK1,True
GSE267552,BC08,OXNAD1,True
GSE267552,BC08,RPL15,True
GSE267552,BC08,CMC1,True
GSE267552,BC08,TGFBR2,True
GSE267552,BC08,CSRNP1,True
GSE267552,BC08,RPSA,True
GSE267552,BC08,CXCR6,True
GSE267552,BC08,TMA7,True
GSE267552,BC08,SHISA5,True
GSE267552,BC08,RHOA,True
GSE267552,BC08,GNAI2,True
GSE267552,BC08,SPCS1,True
GSE267552,BC08,SELENOK,True
GSE267552,BC08,ARL6IP5,True
GSE267552,BC08,CGGBP1,True
GSE267552,BC08,CLDND1,True
GSE267552,BC08,NFKBIZ,True
GSE267552,BC08,CBLB,True
GSE267552,BC08,CD47,True
GSE267552,BC08,TRAT1,True
GSE267552,BC08,CD96,True
GSE267552,BC08,TIGIT,True
GSE267552,BC08,COX17,True
GSE267552,BC08,NDUFB4,True
GSE267552,BC08,HCLS1,True
GSE267552,BC08,CNBP,True
GSE267552,BC08,H1FX,True
GSE267552,BC08,CDV3,True
GSE267552,BC08,ZBTB38,True
GSE267552,BC08,U2SURP,True
GSE267552,BC08,SERP1,True
GSE267552,BC08,MBNL1,True
GSE267552,BC08,CCNL1,True
GSE267552,BC08,SEC62,True
GSE267552,BC08,RPL22L1,True
GSE267552,BC08,TRA2B,True
GSE267552,BC08,EIF4A2,True
GSE267552,BC08,PPP1R2,True
GSE267552,BC08,PAK2,True
GSE267552,BC08,ATP5ME,True
GSE267552,BC08,LYAR,True
GSE267552,BC08,WDR1,True
GSE267552,BC08,BOD1L1,True
GSE267552,BC08,ARAP2,True
GSE267552,BC08,RPL9,True
GSE267552,BC08,RHOH,True
GSE267552,BC08,OCIAD2,True
GSE267552,BC08,HOPX,True
GSE267552,BC08,YTHDC1,True
GSE267552,BC08,AREG,True
GSE267552,BC08,G3BP2,True
GSE267552,BC08,CCNI,True
GSE267552,BC08,CXCL13,True
GSE267552,BC08,HNRNPD,True
GSE267552,BC08,HNRNPDL,True
GSE267552,BC08,H2AFZ,True
GSE267552,BC08,UBE2D3,True
GSE267552,BC08,SNHG8,True
GSE267552,BC08,C4orf3,True
GSE267552,BC08,ANXA5,True
GSE267552,BC08,HMGB2,True
GSE267552,BC08,ANKRD37,True
GSE267552,BC08,SUB1,True
GSE267552,BC08,IL7R,True
GSE267552,BC08,FYB1,True
GSE267552,BC08,PTGER4,True
GSE267552,BC08,PRKAA1,False
GSE267552,BC08,EMB,True
GSE267552,BC08,PARP8,True
GSE267552,BC08,GZMK,True
GSE267552,BC08,GZMA,True
GSE267552,BC08,GPBP1,True
GSE267552,BC08,KIF2A,True
GSE267552,BC08,PIK3R1,True
GSE267552,BC08,BTF3,True
GSE267552,BC08,NSA2,True
GSE267552,BC08,TBCA,True
GSE267552,BC08,COX7C,True
GSE267552,BC08,CCNH,True
GSE267552,BC08,CAST,True
GSE267552,BC08,LNPEP,True
GSE267552,BC08,CHD1,True
GSE267552,BC08,CAMK4,True
GSE267552,BC08,REEP5,True
GSE267552,BC08,TNFAIP8,True
GSE267552,BC08,HINT1,True
GSE267552,BC08,CDC42SE2,True
GSE267552,BC08,C5orf56,True
GSE267552,BC08,IRF1,True
GSE267552,BC08,UQCRQ,True
GSE267552,BC08,TCF7,True
GSE267552,BC08,SKP1,True
GSE267552,BC08,UBE2B,True
GSE267552,BC08,HNRNPA0,True
GSE267552,BC08,EGR1,True
GSE267552,BC08,MATR3,True
GSE267552,BC08,PAIP2,True
GSE267552,BC08,UBE2D2,True
GSE267552,BC08,CD14,False
GSE267552,BC08,IK,True
GSE267552,BC08,TAF7,True
GSE267552,BC08,NDFIP1,True
GSE267552,BC08,NR3C1,True
GSE267552,BC08,CD74,True
GSE267552,BC08,ANXA6,True
GSE267552,BC08,ITK,True
GSE267552,BC08,MAT2B,True
GSE267552,BC08,LCP2,True
GSE267552,BC08,NPM1,True
GSE267552,BC08,DUSP1,True
GSE267552,BC08,ATP6V0E1,True
GSE267552,BC08,HIGD2A,True
GSE267552,BC08,PRELID1,True
GSE267552,BC08,CANX,True
GSE267552,BC08,SQSTM1,True
GSE267552,BC08,RACK1,True
GSE267552,BC08,SERPINB9,True
GSE267552,BC08,PRPF4B,True
GSE267552,BC08,TMEM14B,True
GSE267552,BC08,DEK,True
GSE267552,BC08,HIST1H4C,True
GSE267552,BC08,HIST1H1E,True
GSE267552,BC08,HIST1H1D,True
GSE267552,BC08,HLA-F,True
GSE267552,BC08,PPP1R10,True
GSE267552,BC08,PPP1R18,True
GSE267552,BC08,TUBB,True
GSE267552,BC08,TNF,True
GSE267552,BC08,LTB,True
GSE267552,BC08,CSNK2B,True
GSE267552,BC08,CLIC1,True
GSE267552,BC08,HSPA1A,True
GSE267552,BC08,HSPA1B,True
GSE267552,BC08,GPSM3,True
GSE267552,BC08,HLA-DRA,True
GSE267552,BC08,HLA-DRB5,True
GSE267552,BC08,HLA-DRB1,True
GSE267552,BC08,TAP2,True
GSE267552,BC08,PSMB8,True
GSE267552,BC08,PSMB9,True
GSE267552,BC08,TAP1,True
GSE267552,BC08,BRD2,True
GSE267552,BC08,HLA-DPA1,True
GSE267552,BC08,HLA-DPB1,True
GSE267552,BC08,TAPBP,True
GSE267552,BC08,CUTA,True
GSE267552,BC08,DEF6,True
GSE267552,BC08,RPL10A,True
GSE267552,BC08,FKBP5,True
GSE267552,BC08,SRSF3,True
GSE267552,BC08,CDKN1A,True
GSE267552,BC08,TOMM6,True
GSE267552,BC08,CCND3,True
GSE267552,BC08,HSP90AB1,True
GSE267552,BC08,PHF3,True
GSE267552,BC08,COX7A2,True
GSE267552,BC08,SNHG5,True
GSE267552,BC08,PNRC1,True
GSE267552,BC08,PNISR,True
GSE267552,BC08,PRDM1,True
GSE267552,BC08,CRYBG1,True
GSE267552,BC08,SNX3,True
GSE267552,BC08,CD164,True
GSE267552,BC08,AMD1,True
GSE267552,BC08,FYN,True
GSE267552,BC08,RWDD1,True
GSE267552,BC08,SERINC1,True
GSE267552,BC08,THEMIS,True
GSE267552,BC08,SAMD3,True
GSE267552,BC08,BCLAF1,True
GSE267552,BC08,TNFAIP3,True
GSE267552,BC08,ABRACL,True
GSE267552,BC08,CITED2,True
GSE267552,BC08,SF3B5,True
GSE267552,BC08,UTRN,True
GSE267552,BC08,SYNE1,True
GSE267552,BC08,DYNLT1,True
GSE267552,BC08,SYTL3,True
GSE267552,BC08,EZR,True
GSE267552,BC08,TAGAP,True
GSE267552,BC08,WTAP,True
GSE267552,BC08,TCP1,True
GSE267552,BC08,MRPL18,True
GSE267552,BC08,PSMB1,True
GSE267552,BC08,RAC1,True
GSE267552,BC08,NDUFA4,True
GSE267552,BC08,TOMM7,True
GSE267552,BC08,CYCS,True
GSE267552,BC08,HNRNPA2B1,True
GSE267552,BC08,CBX3,True
GSE267552,BC08,TAX1BP1,True
GSE267552,BC08,HERPUD2,True
GSE267552,BC08,SEPTIN7,True
GSE267552,BC08,AOAH,True
GSE267552,BC08,TRG-AS1,True
GSE267552,BC08,TRGV2,True
GSE267552,BC08,STK17A,True
GSE267552,BC08,PPIA,True
GSE267552,BC08,H2AFV,True
GSE267552,BC08,IKZF1,True
GSE267552,BC08,SEC61G,True
GSE267552,BC08,EGFR,False
GSE267552,BC08,CHCHD2,True
GSE267552,BC08,SBDS,True
GSE267552,BC08,MDH2,True
GSE267552,BC08,HSPB1,True
GSE267552,BC08,SRI,True
GSE267552,BC08,AKAP9,True
GSE267552,BC08,SEM1,True
GSE267552,BC08,ARPC1B,True
GSE267552,BC08,ATP5MF,True
GSE267552,BC08,LAMTOR4,True
GSE267552,BC08,GNB2,True
GSE267552,BC08,KMT2E,True
GSE267552,BC08,IFRD1,True
GSE267552,BC08,LSM8,True
GSE267552,BC08,ARF5,True
GSE267552,BC08,ZC3HAV1,True
GSE267552,BC08,NDUFB2,True
GSE267552,BC08,TRBV7-6,True
GSE267552,BC08,TRBV7-9,True
GSE267552,BC08,TRBV27,True
GSE267552,BC08,TRBC1,True
GSE267552,BC08,TRBC2,True
GSE267552,BC08,GSTK1,True
GSE267552,BC08,ZYX,True
GSE267552,BC08,GIMAP7,True
GSE267552,BC08,GIMAP4,True
GSE267552,BC08,GIMAP5,True
GSE267552,BC08,DNAJB6,True
GSE267552,BC08,PCM1,True
GSE267552,BC08,DOK2,True
GSE267552,BC08,DUSP4,True
GSE267552,BC08,SARAF,True
GSE267552,BC08,LEPROTL1,True
GSE267552,BC08,TCEA1,True
GSE267552,BC08,RPS20,True
GSE267552,BC08,SDCBP,True
GSE267552,BC08,PDE7A,True
GSE267552,BC08,SNHG6,True
GSE267552,BC08,TRAM1,True
GSE267552,BC08,RPL7,True
GSE267552,BC08,FABP5,True
GSE267552,BC08,RBIS,True
GSE267552,BC08,UQCRB,True
GSE267552,BC08,MTDH,True
GSE267552,BC08,COX6C,True
GSE267552,BC08,RNF19A,True
GSE267552,BC08,PABPC1,True
GSE267552,BC08,YWHAZ,True
GSE267552,BC08,EIF3E,True
GSE267552,BC08,EIF3H,True
GSE267552,BC08,RAD21,True
GSE267552,BC08,NDUFB9,True
GSE267552,BC08,FAM49B,True
GSE267552,BC08,SLA,True
GSE267552,BC08,LY6E,True
GSE267552,BC08,EEF1D,True
GSE267552,BC08,VPS28,True
GSE267552,BC08,DOCK8,True
GSE267552,BC08,VLDLR,False
GSE267552,BC08,CD274,False
GSE267552,BC08,PSIP1,True
GSE267552,BC08,RPS6,True
GSE267552,BC08,DNAJA1,True
GSE267552,BC08,VCP,True
GSE267552,BC08,TLN1,True
GSE267552,BC08,CEMIP2,True
GSE267552,BC08,ZFAND5,True
GSE267552,BC08,ANXA1,True
GSE267552,BC08,OSTF1,True
GSE267552,BC08,HNRNPK,True
GSE267552,BC08,CKS2,True
GSE267552,BC08,SEMA4D,True
GSE267552,BC08,ANP32B,True
GSE267552,BC08,SEC61B,True
GSE267552,BC08,TXN,True
GSE267552,BC08,AKNA,True
GSE267552,BC08,ATP6V1G1,True
GSE267552,BC08,STOM,True
GSE267552,BC08,RPL35,True
GSE267552,BC08,ARPC5L,True
GSE267552,BC08,HSPA5,True
GSE267552,BC08,C9orf16,True
GSE267552,BC08,SPTAN1,True
GSE267552,BC08,SET,True
GSE267552,BC08,C9orf78,True
GSE267552,BC08,FNBP1,True
GSE267552,BC08,SNHG7,True
GSE267552,BC08,EDF1,True
GSE267552,BC08,PAXX,True
GSE267552,BC08,TUBB4B,True
GSE267552,BC08,KLF6,True
GSE267552,BC08,GDI2,True
GSE267552,BC08,PFKFB3,True
GSE267552,BC08,ATP5F1C,True
GSE267552,BC08,CELF2,True
GSE267552,BC08,OPTN,True
GSE267552,BC08,FAM107B,True
GSE267552,BC08,VIM,True
GSE267552,BC08,AL133415.1,True
GSE267552,BC08,PIP4K2A,True
GSE267552,BC08,APBB1IP,True
GSE267552,BC08,YME1L1,True
GSE267552,BC08,EPC1,True
GSE267552,BC08,ITGB1,True
GSE267552,BC08,CREM,True
GSE267552,BC08,HNRNPF,True
GSE267552,BC08,JMJD1C,True
GSE267552,BC08,DDX21,True
GSE267552,BC08,SRGN,True
GSE267552,BC08,PRF1,True
GSE267552,BC08,PSAP,True
GSE267552,BC08,SPOCK2,True
GSE267552,BC08,ANAPC16,True
GSE267552,BC08,DDIT4,True
GSE267552,BC08,ANXA11,True
GSE267552,BC08,GHITM,True
GSE267552,BC08,CCSER2,True
GSE267552,BC08,PGAM1,True
GSE267552,BC08,NDUFB8,True
GSE267552,BC08,OGA,True
GSE267552,BC08,ATP5MD,True
GSE267552,BC08,DUSP5,True
GSE267552,BC08,PDCD4,True
GSE267552,BC08,RGS10,True
GSE267552,BC08,BUB3,True
GSE267552,BC08,IFITM2,True
GSE267552,BC08,IFITM1,True
GSE267552,BC08,POLR2L,True
GSE267552,BC08,CTSD,True
GSE267552,BC08,LSP1,True
GSE267552,BC08,CD81,True
GSE267552,BC08,NAP1L4,True
GSE267552,BC08,TRIM22,True
GSE267552,BC08,TAF10,True
GSE267552,BC08,EIF3F,True
GSE267552,BC08,RPL27A,True
GSE267552,BC08,EIF4G2,True
GSE267552,BC08,C11orf58,True
GSE267552,BC08,NUCB2,True
GSE267552,BC08,LDHA,True
GSE267552,BC08,EIF3M,True
GSE267552,BC08,CD44,True
GSE267552,BC08,UBE2L6,True
GSE267552,BC08,SELENOH,True
GSE267552,BC08,CD6,True
GSE267552,BC08,CD5,True
GSE267552,BC08,TMEM258,True
GSE267552,BC08,FTH1,True
GSE267552,BC08,AHNAK,True
GSE267552,BC08,EEF1G,True
GSE267552,BC08,UBXN1,True
GSE267552,BC08,SLC3A2,True
GSE267552,BC08,PLAAT4,True
GSE267552,BC08,COX8A,True
GSE267552,BC08,PPP1R14B,True
GSE267552,BC08,TRMT112,True
GSE267552,BC08,SF1,True
GSE267552,BC08,NEAT1,True
GSE267552,BC08,MALAT1,True
GSE267552,BC08,CFL1,True
GSE267552,BC08,CTSW,True
GSE267552,BC08,CCDC85B,True
GSE267552,BC08,DRAP1,True
GSE267552,BC08,SF3B2,True
GSE267552,BC08,RAB1B,True
GSE267552,BC08,PPP1CA,True
GSE267552,BC08,TBC1D10C,True
GSE267552,BC08,PTPRCAP,True
GSE267552,BC08,CORO1B,True
GSE267552,BC08,GSTP1,True
GSE267552,BC08,DHCR7,False
GSE267552,BC08,UCP2,True
GSE267552,BC08,SPCS2,True
GSE267552,BC08,RSF1,True
GSE267552,BC08,CTSC,True
GSE267552,BC08,CHORDC1,True
GSE267552,BC08,TAF1D,True
GSE267552,BC08,BIRC3,True
GSE267552,BC08,TMEM123,True
GSE267552,BC08,CARD16,True
GSE267552,BC08,ATM,True
GSE267552,BC08,NCAM1,False
GSE267552,BC08,IL10RA,True
GSE267552,BC08,CD3D,True
GSE267552,BC08,CD3G,True
GSE267552,BC08,ATP5MG,True
GSE267552,BC08,KMT2A,True
GSE267552,BC08,DDX6,True
GSE267552,BC08,CRTAM,True
GSE267552,BC08,HSPA8,True
GSE267552,BC08,ETS1,True
GSE267552,BC08,WNK1,True
GSE267552,BC08,CCND2,True
GSE267552,BC08,CD27,True
GSE267552,BC08,GAPDH,True
GSE267552,BC08,LAG3,True
GSE267552,BC08,CD4,False
GSE267552,BC08,TPI1,True
GSE267552,BC08,C12orf57,True
GSE267552,BC08,PTPN6,True
GSE267552,BC08,SLC2A3,True
GSE267552,BC08,KLRG1,True
GSE267552,BC08,CLEC2D,True
GSE267552,BC08,CD69,True
GSE267552,BC08,CLEC2B,True
GSE267552,BC08,GABARAPL1,True
GSE267552,BC08,KLRD1,True
GSE267552,BC08,KLRK1,True
GSE267552,BC08,KLRC4,True
GSE267552,BC08,KLRC2,True
GSE267552,BC08,LINC02446,True
GSE267552,BC08,CDKN1B,True
GSE267552,BC08,ATF7IP,True
GSE267552,BC08,ARHGDIB,True
GSE267552,BC08,LDHB,True
GSE267552,BC08,FGFR1OP2,True
GSE267552,BC08,RESF1,True
GSE267552,BC08,SCAF11,True
GSE267552,BC08,SLC38A1,True
GSE267552,BC08,SLC38A2,True
GSE267552,BC08,PCED1B-AS1,True
GSE267552,BC08,TUBA1B,True
GSE267552,BC08,TUBA1A,True
GSE267552,BC08,TMBIM6,True
GSE267552,BC08,LIMA1,False
GSE267552,BC08,DAZAP2,True
GSE267552,BC08,BIN2,True
GSE267552,BC08,NR4A1,True
GSE267552,BC08,EIF4B,True
GSE267552,BC08,PFDN5,True
GSE267552,BC08,PRR13,True
GSE267552,BC08,ATP5MC2,True
GSE267552,BC08,HNRNPA1,True
GSE267552,BC08,BLOC1S1,True
GSE267552,BC08,CD63,True
GSE267552,BC08,PA2G4,True
GSE267552,BC08,MYL6,True
GSE267552,BC08,ATP5F1B,True
GSE267552,BC08,PTGES3,True
GSE267552,BC08,NACA,True
GSE267552,BC08,ARHGAP9,True
GSE267552,BC08,USP15,True
GSE267552,BC08,TMBIM4,True
GSE267552,BC08,IFNG,True
GSE267552,BC08,RAP1B,True
GSE267552,BC08,GLIPR1,True
GSE267552,BC08,PHLDA1,True
GSE267552,BC08,NAP1L1,True
GSE267552,BC08,PPP1R12A,True
GSE267552,BC08,AC025164.1,True
GSE267552,BC08,SLC25A3,True
GSE267552,BC08,HSP90B1,True
GSE267552,BC08,C12orf75,True
GSE267552,BC08,ISCU,True
GSE267552,BC08,SELPLG,True
GSE267552,BC08,ARPC3,True
GSE267552,BC08,ERP29,True
GSE267552,BC08,PEBP1,True
GSE267552,BC08,RPLP0,True
GSE267552,BC08,COX6A1,True
GSE267552,BC08,SRSF9,True
GSE267552,BC08,DYNLL1,True
GSE267552,BC08,OASL,True
GSE267552,BC08,RSRC2,True
GSE267552,BC08,ARL6IP4,True
GSE267552,BC08,UBC,True
GSE267552,BC08,RAN,True
GSE267552,BC08,MPHOSPH8,True
GSE267552,BC08,SAP18,True
GSE267552,BC08,RPL21,True
GSE267552,BC08,GTF3A,True
GSE267552,BC08,HMGB1,True
GSE267552,BC08,ALOX5AP,True
GSE267552,BC08,HSPH1,True
GSE267552,BC08,N4BP2L2,True
GSE267552,BC08,ELF1,True
GSE267552,BC08,RGCC,True
GSE267552,BC08,TPT1,True
GSE267552,BC08,AL138963.4,True
GSE267552,BC08,LCP1,True
GSE267552,BC08,ITM2B,True
GSE267552,BC08,COMMD6,True
GSE267552,BC08,MYCBP2,True
GSE267552,BC08,GPR183,True
GSE267552,BC08,ARGLU1,True
GSE267552,BC08,LAMP1,True
GSE267552,BC08,HNRNPC,True
GSE267552,BC08,TRDV1,True
GSE267552,BC08,TRAC,True
GSE267552,BC08,DAD1,True
GSE267552,BC08,PABPN1,True
GSE267552,BC08,PSME1,True
GSE267552,BC08,PSME2,True
GSE267552,BC08,NEDD8,True
GSE267552,BC08,GZMH,True
GSE267552,BC08,GZMB,True
GSE267552,BC08,SNX6,True
GSE267552,BC08,FAM177A1,True
GSE267552,BC08,PSMA6,True
GSE267552,BC08,NFKBIA,True
GSE267552,BC08,PNN,True
GSE267552,BC08,RPL36AL,True
GSE267552,BC08,ARF6,True
GSE267552,BC08,GNG2,True
GSE267552,BC08,RTRAF,True
GSE267552,BC08,LGALS3,True
GSE267552,BC08,KTN1,True
GSE267552,BC08,DHRS7,True
GSE267552,BC08,PRKCH,True
GSE267552,BC08,HIF1A,True
GSE267552,BC08,SYNE2,True
GSE267552,BC08,CHURC1,True
GSE267552,BC08,ZFP36L1,True
GSE267552,BC08,SRSF5,True
GSE267552,BC08,RBM25,True
GSE267552,BC08,TMED10,True
GSE267552,BC08,FOS,True
GSE267552,BC08,GPR65,True
GSE267552,BC08,CALM1,True
GSE267552,BC08,TC2N,True
GSE267552,BC08,NDUFB1,True
GSE267552,BC08,DDX24,True
GSE267552,BC08,PAPOLA,True
GSE267552,BC08,BCL11B,True
GSE267552,BC08,EVL,True
GSE267552,BC08,PPP2R5C,True
GSE267552,BC08,HSP90AA1,True
GSE267552,BC08,EIF5,True
GSE267552,BC08,ATP5MPL,True
GSE267552,BC08,CRIP1,True
GSE267552,BC08,SNRPN,True
GSE267552,BC08,NSMCE3,True
GSE267552,BC08,KLF13,True
GSE267552,BC08,SRP14,True
GSE267552,BC08,PDIA3,True
GSE267552,BC08,SERF2,True
GSE267552,BC08,EID1,True
GSE267552,BC08,VPS13C,True
GSE267552,BC08,PPIB,True
GSE267552,BC08,RPL4,True
GSE267552,BC08,PKM,True
GSE267552,BC08,CSK,True
GSE267552,BC08,COX5A,True
GSE267552,BC08,MORF4L1,True
GSE267552,BC08,IL16,True
GSE267552,BC08,RPS17,True
GSE267552,BC08,AKAP13,True
GSE267552,BC08,ISG20,True
GSE267552,BC08,IDH2,True
GSE267552,BC08,CIB1,True
GSE267552,BC08,IQGAP1,True
GSE267552,BC08,LINC01578,True
GSE267552,BC08,UBE2I,True
GSE267552,BC08,NDUFB10,True
GSE267552,BC08,ATP6V0C,True
GSE267552,BC08,SRRM2,True
GSE267552,BC08,ELOB,True
GSE267552,BC08,IL32,True
GSE267552,BC08,SOCS1,True
GSE267552,BC08,LITAF,True
GSE267552,BC08,GSPT1,True
GSE267552,BC08,ARL6IP1,True
GSE267552,BC08,RBBP6,True
GSE267552,BC08,CD19,False
GSE267552,BC08,LAT,True
GSE267552,BC08,ALDOA,True
GSE267552,BC08,YPEL3,True
GSE267552,BC08,CORO1A,True
GSE267552,BC08,SEPTIN1,True
GSE267552,BC08,FUS,True
GSE267552,BC08,RBL2,True
GSE267552,BC08,MT2A,True
GSE267552,BC08,HERPUD1,True
GSE267552,BC08,CKLF,True
GSE267552,BC08,PSMB10,True
GSE267552,BC08,GABARAPL2,True
GSE267552,BC08,TERF2IP,True
GSE267552,BC08,COTL1,True
GSE267552,BC08,COX4I1,True
GSE267552,BC08,MAP1LC3B,True
GSE267552,BC08,SLC7A5,True
GSE267552,BC08,CYBA,True
GSE267552,BC08,APRT,True
GSE267552,BC08,ANKRD11,True
GSE267552,BC08,TCF25,True
GSE267552,BC08,ITGAE,True
GSE267552,BC08,RNF167,True
GSE267552,BC08,PFN1,True
GSE267552,BC08,RNASEK,True
GSE267552,BC08,GABARAP,True
GSE267552,BC08,EIF5A,True
GSE267552,BC08,ACAP1,True
GSE267552,BC08,EIF4A1,True
GSE267552,BC08,TRAPPC1,True
GSE267552,BC08,VAMP2,True
GSE267552,BC08,NCOR1,True
GSE267552,BC08,UBB,True
GSE267552,BC08,SNHG29,True
GSE267552,BC08,WSB1,True
GSE267552,BC08,RPL23A,True
GSE267552,BC08,EVI2B,True
GSE267552,BC08,SLFN5,True
GSE267552,BC08,CCL5,True
GSE267552,BC08,CCL3,True
GSE267552,BC08,CCL4,True
GSE267552,BC08,CCL4L2,True
GSE267552,BC08,SYNRG,True
GSE267552,BC08,PSMB3,True
GSE267552,BC08,RPL23,True
GSE267552,BC08,ERBB2,False
GSE267552,BC08,IKZF3,True
GSE267552,BC08,KRT10,True
GSE267552,BC08,EIF1,True
GSE267552,BC08,STAT3,True
GSE267552,BC08,RPL27,True
GSE267552,BC08,TBX21,True
GSE267552,BC08,SKAP1,True
GSE267552,BC08,TOB1,True
GSE267552,BC08,NME2,True
GSE267552,BC08,LIMD2,True
GSE267552,BC08,DDX5,True
GSE267552,BC08,PITPNC1,True
GSE267552,BC08,PRKAR1A,True
GSE267552,BC08,RPL38,True
GSE267552,BC08,SLC9A3R1,True
GSE267552,BC08,FDXR,False
GSE267552,BC08,ATP5PD,True
GSE267552,BC08,JPT1,True
GSE267552,BC08,SUMO2,True
GSE267552,BC08,H3F3B,True
GSE267552,BC08,UBALD2,True
GSE267552,BC08,SRSF2,True
GSE267552,BC08,SEPTIN9,True
GSE267552,BC08,EIF4A3,True
GSE267552,BC08,RNF213,True
GSE267552,BC08,ACTG1,True
GSE267552,BC08,P4HB,True
GSE267552,BC08,ARHGDIA,True
GSE267552,BC08,CD7,True
GSE267552,BC08,METRNL,True
GSE267552,BC08,SMCHD1,True
GSE267552,BC08,MYL12A,True
GSE267552,BC08,MYL12B,True
GSE267552,BC08,ANKRD12,True
GSE267552,BC08,ROCK1,True
GSE267552,BC08,ATP5F1A,True
GSE267552,BC08,RPL17,True
GSE267552,BC08,MBD2,True
GSE267552,BC08,PMAIP1,True
GSE267552,BC08,MBP,True
GSE267552,BC08,GZMM,True
GSE267552,BC08,CNN2,True
GSE267552,BC08,GPX4,True
GSE267552,BC08,ATP5F1D,True
GSE267552,BC08,CIRBP,True
GSE267552,BC08,UQCR11,True
GSE267552,BC08,ABHD17A,True
GSE267552,BC08,OAZ1,True
GSE267552,BC08,LSM7,True
GSE267552,BC08,GADD45B,True
GSE267552,BC08,TLE5,True
GSE267552,BC08,MATK,True
GSE267552,BC08,EEF2,True
GSE267552,BC08,MAP2K2,True
GSE267552,BC08,NDUFA11,True
GSE267552,BC08,TNFSF9,True
GSE267552,BC08,PET100,True
GSE267552,BC08,HNRNPM,True
GSE267552,BC08,UBL5,True
GSE267552,BC08,EIF3G,True
GSE267552,BC08,ICAM3,True
GSE267552,BC08,CDC37,True
GSE267552,BC08,WDR83OS,True
GSE267552,BC08,TRIR,True
GSE267552,BC08,JUNB,True
GSE267552,BC08,CALR,True
GSE267552,BC08,IER2,True
GSE267552,BC08,C19orf53,True
GSE267552,BC08,ADGRE5,True
GSE267552,BC08,DNAJB1,True
GSE267552,BC08,TECR,True
GSE267552,BC08,RASAL3,True
GSE267552,BC08,KLF2,True
GSE267552,BC08,BST2,True
GSE267552,BC08,JUND,True
GSE267552,BC08,FKBP8,True
GSE267552,BC08,UBA52,True
GSE267552,BC08,REX1BD,True
GSE267552,BC08,COPE,True
GSE267552,BC08,NDUFA13,True
GSE267552,BC08,LSM14A,True
GSE267552,BC08,GPI,True
GSE267552,BC08,FXYD5,True
GSE267552,BC08,COX6B1,True
GSE267552,BC08,HCST,True
GSE267552,BC08,EIF3K,True
GSE267552,BC08,ACTN4,True
GSE267552,BC08,ECH1,True
GSE267552,BC08,HNRNPL,True
GSE267552,BC08,GMFG,True
GSE267552,BC08,ZFP36,True
GSE267552,BC08,RPS16,True
GSE267552,BC08,SERTAD1,True
GSE267552,BC08,TGFB1,True
GSE267552,BC08,ARHGEF1,True
GSE267552,BC08,RABAC1,True
GSE267552,BC08,FOSB,True
GSE267552,BC08,SNRPD2,True
GSE267552,BC08,CALM3,True
GSE267552,BC08,NOP53,True
GSE267552,BC08,SELENOW,True
GSE267552,BC08,EMP3,True
GSE267552,BC08,PPP1R15A,True
GSE267552,BC08,BAX,True
GSE267552,BC08,FTL,True
GSE267552,BC08,CD37,True
GSE267552,BC08,RPL13A,True
GSE267552,BC08,RPS11,True
GSE267552,BC08,NKG7,True
GSE267552,BC08,ZNF331,True
GSE267552,BC08,MYADM,True
GSE267552,BC08,NDUFA3,True
GSE267552,BC08,RPS9,True
GSE267552,BC08,UBE2S,True
GSE267552,BC08,RPS5,True
GSE267552,BC08,SNRPB,True
GSE267552,BC08,TMX4,True
GSE267552,BC08,CST7,True
GSE267552,BC08,APMAP,True
GSE267552,BC08,RALY,True
GSE267552,BC08,EIF2S2,True
GSE267552,BC08,ROMO1,True
GSE267552,BC08,RBM39,True
GSE267552,BC08,SCAND1,True
GSE267552,BC08,YWHAB,True
GSE267552,BC08,STK4,True
GSE267552,BC08,CTSA,True
GSE267552,BC08,PREX1,True
GSE267552,BC08,ZFAS1,True
GSE267552,BC08,UBE2V1,True
GSE267552,BC08,CEBPB,True
GSE267552,BC08,NFATC2,True
GSE267552,BC08,RBM38,True
GSE267552,BC08,GNAS,True
GSE267552,BC08,ATP5F1E,True
GSE267552,BC08,PSMA7,True
GSE267552,BC08,PPDPF,True
GSE267552,BC08,LIME1,True
GSE267552,BC08,SAMSN1,True
GSE267552,BC08,BTG3,True
GSE267552,BC08,ATP5PF,True
GSE267552,BC08,SOD1,True
GSE267552,BC08,SON,True
GSE267552,BC08,ATP5PO,True
GSE267552,BC08,MRPS6,True
GSE267552,BC08,HMGN1,True
GSE267552,BC08,ABCG1,False
GSE267552,BC08,CSTB,True
GSE267552,BC08,ITGB2,True
GSE267552,BC08,PRMT2,True
GSE267552,BC08,CHCHD10,True
GSE267552,BC08,MIF,True
GSE267552,BC08,XBP1,True
GSE267552,BC08,EWSR1,True
GSE267552,BC08,UQCR10,True
GSE267552,BC08,PIK3IP1,True
GSE267552,BC08,MYH9,True
GSE267552,BC08,RAC2,True
GSE267552,BC08,LGALS1,True
GSE267552,BC08,DDX17,True
GSE267552,BC08,SUN2,True
GSE267552,BC08,APOBEC3G,True
GSE267552,BC08,RPL3,True
GSE267552,BC08,ST13,True
GSE267552,BC08,XRCC6,True
GSE267552,BC08,SNU13,True
GSE267552,BC08,SMDT1,True
GSE267552,BC08,TSPO,True
GSE267552,BC08,SLC25A6,True
GSE267552,BC08,CD99,True
GSE267552,BC08,SH3KBP1,True
GSE267552,BC08,EIF1AX,True
GSE267552,BC08,SAT1,True
GSE267552,BC08,DDX3X,True
GSE267552,BC08,NDUFB11,True
GSE267552,BC08,UXT,True
GSE267552,BC08,RBM3,True
GSE267552,BC08,WAS,True
GSE267552,BC08,PLP2,True
GSE267552,BC08,TSPYL2,True
GSE267552,BC08,MSN,True
GSE267552,BC08,IL2RG,True
GSE267552,BC08,CXCR3,True
GSE267552,BC08,ATRX,True
GSE267552,BC08,COX7B,True
GSE267552,BC08,PGK1,True
GSE267552,BC08,ITM2A,True
GSE267552,BC08,SH3BGRL,True
GSE267552,BC08,RPL36A,True
GSE267552,BC08,TSC22D3,True
GSE267552,BC08,SLC25A5,True
GSE267552,BC08,SEPTIN6,True
GSE267552,BC08,NDUFA1,True
GSE267552,BC08,SH2D1A,True
GSE267552,BC08,RBMX,True
GSE267552,BC08,IDS,True
GSE267552,BC08,NSDHL,False
GSE267552,BC08,BCAP31,True
GSE267552,BC08,SSR4,True
GSE267552,BC08,FLNA,True
GSE267552,BC08,EMD,True
GSE267552,BC08,G6PD,False
GSE267552,BC08,MT-ND1,True
GSE267552,BC08,MT-ND2,True
GSE267552,BC08,MT-CO1,True
GSE267552,BC08,MT-CO2,True
GSE267552,BC08,MT-ATP8,True
GSE267552,BC08,MT-ATP6,True
GSE267552,BC08,MT-CO3,True
GSE267552,BC08,MT-ND3,True
GSE267552,BC08,MT-ND4L,True
GSE267552,BC08,MT-ND4,True
GSE267552,BC08,MT-ND5,True
GSE267552,BC08,MT-CYB,True
GSE267552,BC09,ISG15,True
GSE267552,BC09,SSU72,True
GSE267552,BC09,GNB1,True
GSE267552,BC09,RPL22,True
GSE267552,BC09,PARK7,True
GSE267552,BC09,ENO1,True
GSE267552,BC09,EFHD2,True
GSE267552,BC09,CAPZB,True
GSE267552,BC09,MICOS10,True
GSE267552,BC09,HP1BP3,True
GSE267552,BC09,CDC42,True
GSE267552,BC09,PNRC2,True
GSE267552,BC09,SRSF10,True
GSE267552,BC09,SRRM1,True
GSE267552,BC09,RUNX3,True
GSE267552,BC09,SYF2,True
GSE267552,BC09,RSRP1,True
GSE267552,BC09,TMEM50A,True
GSE267552,BC09,SH3BGRL3,True
GSE267552,BC09,CD52,True
GSE267552,BC09,ZNF683,True
GSE267552,BC09,HMGN2,True
GSE267552,BC09,DNAJC8,True
GSE267552,BC09,ATP5IF1,True
GSE267552,BC09,AL137857.1,True
GSE267552,BC09,LAPTM5,True
GSE267552,BC09,PTP4A2,True
GSE267552,BC09,KHDRBS1,True
GSE267552,BC09,LCK,True
GSE267552,BC09,SFPQ,True
GSE267552,BC09,THRAP3,True
GSE267552,BC09,NDUFS5,True
GSE267552,BC09,MACF1,True
GSE267552,BC09,CAP1,True
GSE267552,BC09,SMAP2,True
GSE267552,BC09,YBX1,True
GSE267552,BC09,PRDX1,True
GSE267552,BC09,UQCRH,True
GSE267552,BC09,CMPK1,True
GSE267552,BC09,EPS15,True
GSE267552,BC09,TMEM59,True
GSE267552,BC09,DHCR24,False
GSE267552,BC09,JUN,True
GSE267552,BC09,JAK1,True
GSE267552,BC09,PDE4B,True
GSE267552,BC09,MIER1,True
GSE267552,BC09,SERBP1,True
GSE267552,BC09,SRSF11,True
GSE267552,BC09,ZRANB2,True
GSE267552,BC09,DNAJB4,True
GSE267552,BC09,PRKACB,True
GSE267552,BC09,GNG5,True
GSE267552,BC09,GTF2B,True
GSE267552,BC09,GBP5,True
GSE267552,BC09,RPL5,True
GSE267552,BC09,PRPF38B,True
GSE267552,BC09,PSMA5,True
GSE267552,BC09,CD53,True
GSE267552,BC09,DENND2D,True
GSE267552,BC09,ATP5PB,True
GSE267552,BC09,RAP1A,True
GSE267552,BC09,CSDE1,True
GSE267552,BC09,CD2,True
GSE267552,BC09,TENT5C,True
GSE267552,BC09,HMGCS2,False
GSE267552,BC09,RBM8A,True
GSE267552,BC09,TXNIP,True
GSE267552,BC09,LINC01138,True
GSE267552,BC09,MRPS21,True
GSE267552,BC09,MCL1,True
GSE267552,BC09,ENSA,True
GSE267552,BC09,CDC42SE1,True
GSE267552,BC09,S100A10,True
GSE267552,BC09,S100A11,True
GSE267552,BC09,S100A6,True
GSE267552,BC09,S100A4,True
GSE267552,BC09,TPM3,True
GSE267552,BC09,ADAR,True
GSE267552,BC09,KRTCAP2,True
GSE267552,BC09,FDPS,False
GSE267552,BC09,SSR2,True
GSE267552,BC09,SH2D2A,True
GSE267552,BC09,PYHIN1,True
GSE267552,BC09,IFI16,True
GSE267552,BC09,TAGLN2,True
GSE267552,BC09,CD48,True
GSE267552,BC09,TSTD1,True
GSE267552,BC09,ARHGAP30,True
GSE267552,BC09,HSPA6,True
GSE267552,BC09,HSD17B7,False
GSE267552,BC09,CD247,True
GSE267552,BC09,RCSD1,True
GSE267552,BC09,XCL2,True
GSE267552,BC09,XCL1,True
GSE267552,BC09,SELL,True
GSE267552,BC09,PRRC2C,True
GSE267552,BC09,PRDX6,True
GSE267552,BC09,GAS5,True
GSE267552,BC09,RABGAP1L,True
GSE267552,BC09,CACYBP,True
GSE267552,BC09,ARPC5,True
GSE267552,BC09,TPR,True
GSE267552,BC09,RGS1,True
GSE267552,BC09,RGS2,True
GSE267552,BC09,PTPRC,True
GSE267552,BC09,BTG2,True
GSE267552,BC09,NUCKS1,True
GSE267552,BC09,FCMR,True
GSE267552,BC09,CD55,True
GSE267552,BC09,TRAF3IP3,True
GSE267552,BC09,ATF3,True
GSE267552,BC09,CAPN2,True
GSE267552,BC09,SRP9,True
GSE267552,BC09,H3F3A,True
GSE267552,BC09,ARF1,True
GSE267552,BC09,GUK1,True
GSE267552,BC09,TOMM20,True
GSE267552,BC09,ARID4B,True
GSE267552,BC09,LYST,True
GSE267552,BC09,HNRNPU,True
GSE267552,BC09,LINC01871,True
GSE267552,BC09,ID2,True
GSE267552,BC09,YWHAQ,True
GSE267552,BC09,ODC1,True
GSE267552,BC09,PDIA6,True
GSE267552,BC09,RHOB,True
GSE267552,BC09,OST4,True
GSE267552,BC09,YPEL5,True
GSE267552,BC09,LBH,True
GSE267552,BC09,CDC42EP3,True
GSE267552,BC09,SRSF7,True
GSE267552,BC09,EML4,True
GSE267552,BC09,ZFP36L2,True
GSE267552,BC09,CALM2,True
GSE267552,BC09,EPCAM,False
GSE267552,BC09,REL,True
GSE267552,BC09,CCT4,True
GSE267552,BC09,ACTR2,True
GSE267552,BC09,AAK1,True
GSE267552,BC09,PCBP1,True
GSE267552,BC09,SNRPG,True
GSE267552,BC09,MOB1A,True
GSE267552,BC09,TMSB10,True
GSE267552,BC09,VAMP8,True
GSE267552,BC09,GNLY,True
GSE267552,BC09,CD8A,True
GSE267552,BC09,CD8B,True
GSE267552,BC09,CYTOR,True
GSE267552,BC09,DUSP2,True
GSE267552,BC09,COX5B,True
GSE267552,BC09,ZAP70,True
GSE267552,BC09,MGAT4A,True
GSE267552,BC09,RPL31,True
GSE267552,BC09,GCC2,True
GSE267552,BC09,RANBP2,True
GSE267552,BC09,ACTR3,True
GSE267552,BC09,DDX18,True
GSE267552,BC09,DBI,True
GSE267552,BC09,GYPC,True
GSE267552,BC09,MZT2B,True
GSE267552,BC09,MZT2A,True
GSE267552,BC09,UBXN4,True
GSE267552,BC09,CXCR4,True
GSE267552,BC09,ARHGAP15,True
GSE267552,BC09,PRPF40A,True
GSE267552,BC09,NR4A2,True
GSE267552,BC09,CYTIP,True
GSE267552,BC09,RBMS1,True
GSE267552,BC09,PPIG,True
GSE267552,BC09,WIPF1,True
GSE267552,BC09,ATP5MC3,True
GSE267552,BC09,HNRNPA3,True
GSE267552,BC09,NFE2L2,True
GSE267552,BC09,ITGA4,True
GSE267552,BC09,GLS,True
GSE267552,BC09,STAT1,True
GSE267552,BC09,STK17B,True
GSE267552,BC09,ANKRD44,True
GSE267552,BC09,SF3B1,True
GSE267552,BC09,HSPD1,True
GSE267552,BC09,HSPE1,True
GSE267552,BC09,BZW1,True
GSE267552,BC09,CLK1,True
GSE267552,BC09,CFLAR,True
GSE267552,BC09,NOP58,True
GSE267552,BC09,CTLA4,False
GSE267552,BC09,EEF1B2,True
GSE267552,BC09,XRCC5,True
GSE267552,BC09,RPL37A,True
GSE267552,BC09,ARPC2,True
GSE267552,BC09,TUBA4A,True
GSE267552,BC09,SP110,True
GSE267552,BC09,SP100,True
GSE267552,BC09,ITM2C,True
GSE267552,BC09,NCL,True
GSE267552,BC09,ARL4C,True
GSE267552,BC09,LRRFIP1,True
GSE267552,BC09,COPS9,True
GSE267552,BC09,PDCD1,False
GSE267552,BC09,ARPC4,True
GSE267552,BC09,BRK1,True
GSE267552,BC09,OXNAD1,True
GSE267552,BC09,RPL15,True
GSE267552,BC09,EOMES,True
GSE267552,BC09,CMC1,True
GSE267552,BC09,TGFBR2,True
GSE267552,BC09,RPSA,True
GSE267552,BC09,CXCR6,True
GSE267552,BC09,TMA7,True
GSE267552,BC09,SHISA5,True
GSE267552,BC09,RHOA,True
GSE267552,BC09,GNAI2,True
GSE267552,BC09,RPL29,True
GSE267552,BC09,SPCS1,True
GSE267552,BC09,SELENOK,True
GSE267552,BC09,ARL6IP5,True
GSE267552,BC09,CGGBP1,True
GSE267552,BC09,CLDND1,True
GSE267552,BC09,RPL24,True
GSE267552,BC09,NFKBIZ,True
GSE267552,BC09,CBLB,True
GSE267552,BC09,TRAT1,True
GSE267552,BC09,CD96,True
GSE267552,BC09,TIGIT,True
GSE267552,BC09,COX17,True
GSE267552,BC09,NDUFB4,True
GSE267552,BC09,HCLS1,True
GSE267552,BC09,RPN1,True
GSE267552,BC09,CNBP,True
GSE267552,BC09,H1FX,True
GSE267552,BC09,CDV3,True
GSE267552,BC09,ZBTB38,True
GSE267552,BC09,RNF7,True
GSE267552,BC09,U2SURP,True
GSE267552,BC09,GYG1,True
GSE267552,BC09,SERP1,True
GSE267552,BC09,MBNL1,True
GSE267552,BC09,CCNL1,True
GSE267552,BC09,SEC62,True
GSE267552,BC09,RPL22L1,True
GSE267552,BC09,TRA2B,True
GSE267552,BC09,EIF4A2,True
GSE267552,BC09,PPP1R2,True
GSE267552,BC09,PAK2,True
GSE267552,BC09,ATP5ME,True
GSE267552,BC09,LYAR,True
GSE267552,BC09,WDR1,True
GSE267552,BC09,BOD1L1,True
GSE267552,BC09,ARAP2,True
GSE267552,BC09,RPL9,True
GSE267552,BC09,RHOH,True
GSE267552,BC09,OCIAD1,True
GSE267552,BC09,OCIAD2,True
GSE267552,BC09,HOPX,True
GSE267552,BC09,YTHDC1,True
GSE267552,BC09,AREG,True
GSE267552,BC09,G3BP2,True
GSE267552,BC09,CCNI,True
GSE267552,BC09,HNRNPD,True
GSE267552,BC09,HNRNPDL,True
GSE267552,BC09,H2AFZ,True
GSE267552,BC09,UBE2D3,True
GSE267552,BC09,SNHG8,True
GSE267552,BC09,C4orf3,True
GSE267552,BC09,ANXA5,True
GSE267552,BC09,HMGB2,True
GSE267552,BC09,SUB1,True
GSE267552,BC09,IL7R,True
GSE267552,BC09,FYB1,True
GSE267552,BC09,PTGER4,True
GSE267552,BC09,PRKAA1,False
GSE267552,BC09,EMB,True
GSE267552,BC09,PARP8,True
GSE267552,BC09,GZMK,True
GSE267552,BC09,GZMA,True
GSE267552,BC09,GPBP1,True
GSE267552,BC09,KIF2A,True
GSE267552,BC09,PIK3R1,True
GSE267552,BC09,BTF3,True
GSE267552,BC09,NSA2,True
GSE267552,BC09,TBCA,True
GSE267552,BC09,COX7C,True
GSE267552,BC09,CCNH,True
GSE267552,BC09,CAST,True
GSE267552,BC09,LNPEP,True
GSE267552,BC09,CAMK4,True
GSE267552,BC09,REEP5,True
GSE267552,BC09,TNFAIP8,True
GSE267552,BC09,HINT1,True
GSE267552,BC09,CDC42SE2,True
GSE267552,BC09,C5orf56,True
GSE267552,BC09,IRF1,True
GSE267552,BC09,UQCRQ,True
GSE267552,BC09,TCF7,True
GSE267552,BC09,SKP1,True
GSE267552,BC09,UBE2B,True
GSE267552,BC09,HNRNPA0,True
GSE267552,BC09,EGR1,True
GSE267552,BC09,MATR3,True
GSE267552,BC09,PAIP2,True
GSE267552,BC09,UBE2D2,True
GSE267552,BC09,CD14,False
GSE267552,BC09,IK,True
GSE267552,BC09,NDFIP1,True
GSE267552,BC09,NR3C1,True
GSE267552,BC09,CD74,True
GSE267552,BC09,ANXA6,True
GSE267552,BC09,ITK,True
GSE267552,BC09,MAT2B,True
GSE267552,BC09,LCP2,True
GSE267552,BC09,NPM1,True
GSE267552,BC09,DUSP1,True
GSE267552,BC09,ATP6V0E1,True
GSE267552,BC09,HIGD2A,True
GSE267552,BC09,PRELID1,True
GSE267552,BC09,CANX,True
GSE267552,BC09,SQSTM1,True
GSE267552,BC09,RACK1,True
GSE267552,BC09,SERPINB9,True
GSE267552,BC09,PRPF4B,True
GSE267552,BC09,TMEM14B,True
GSE267552,BC09,NOL7,True
GSE267552,BC09,DEK,True
GSE267552,BC09,HIST1H4C,True
GSE267552,BC09,HIST1H1E,True
GSE267552,BC09,HIST1H1D,True
GSE267552,BC09,BTN3A2,True
GSE267552,BC09,HLA-F,True
GSE267552,BC09,PPP1R18,True
GSE267552,BC09,TUBB,True
GSE267552,BC09,TNF,True
GSE267552,BC09,LTB,True
GSE267552,BC09,CSNK2B,True
GSE267552,BC09,CLIC1,True
GSE267552,BC09,HSPA1A,True
GSE267552,BC09,HSPA1B,True
GSE267552,BC09,GPSM3,True
GSE267552,BC09,HLA-DRA,True
GSE267552,BC09,HLA-DRB5,True
GSE267552,BC09,HLA-DRB1,True
GSE267552,BC09,HLA-DQB1,True
GSE267552,BC09,TAP2,True
GSE267552,BC09,PSMB8,True
GSE267552,BC09,PSMB9,True
GSE267552,BC09,TAP1,True
GSE267552,BC09,BRD2,True
GSE267552,BC09,HLA-DPA1,True
GSE267552,BC09,HLA-DPB1,True
GSE267552,BC09,TAPBP,True
GSE267552,BC09,CUTA,True
GSE267552,BC09,DEF6,True
GSE267552,BC09,RPL10A,True
GSE267552,BC09,FKBP5,True
GSE267552,BC09,SRSF3,True
GSE267552,BC09,TOMM6,True
GSE267552,BC09,CCND3,True
GSE267552,BC09,HSP90AB1,True
GSE267552,BC09,PHF3,True
GSE267552,BC09,COX7A2,True
GSE267552,BC09,SNHG5,True
GSE267552,BC09,PNRC1,True
GSE267552,BC09,PNISR,True
GSE267552,BC09,PRDM1,True
GSE267552,BC09,CRYBG1,True
GSE267552,BC09,SNX3,True
GSE267552,BC09,CD164,True
GSE267552,BC09,FYN,True
GSE267552,BC09,RWDD1,True
GSE267552,BC09,SERINC1,True
GSE267552,BC09,THEMIS,True
GSE267552,BC09,SAMD3,True
GSE267552,BC09,BCLAF1,True
GSE267552,BC09,TNFAIP3,True
GSE267552,BC09,ABRACL,True
GSE267552,BC09,CITED2,True
GSE267552,BC09,SF3B5,True
GSE267552,BC09,UTRN,True
GSE267552,BC09,SYNE1,True
GSE267552,BC09,DYNLT1,True
GSE267552,BC09,SYTL3,True
GSE267552,BC09,EZR,True
GSE267552,BC09,TAGAP,True
GSE267552,BC09,WTAP,True
GSE267552,BC09,PSMB1,True
GSE267552,BC09,RAC1,True
GSE267552,BC09,NDUFA4,True
GSE267552,BC09,TOMM7,True
GSE267552,BC09,CYCS,True
GSE267552,BC09,HNRNPA2B1,True
GSE267552,BC09,CBX3,True
GSE267552,BC09,TAX1BP1,True
GSE267552,BC09,HERPUD2,True
GSE267552,BC09,SEPTIN7,True
GSE267552,BC09,AOAH,True
GSE267552,BC09,TRG-AS1,True
GSE267552,BC09,STK17A,True
GSE267552,BC09,PPIA,True
GSE267552,BC09,H2AFV,True
GSE267552,BC09,IKZF1,True
GSE267552,BC09,SEC61G,True
GSE267552,BC09,EGFR,False
GSE267552,BC09,CHCHD2,True
GSE267552,BC09,SBDS,True
GSE267552,BC09,MDH2,True
GSE267552,BC09,HSPB1,True
GSE267552,BC09,SRI,True
GSE267552,BC09,AKAP9,True
GSE267552,BC09,SEM1,True
GSE267552,BC09,ARPC1B,True
GSE267552,BC09,ATP5MF,True
GSE267552,BC09,LAMTOR4,True
GSE267552,BC09,GNB2,True
GSE267552,BC09,KMT2E,True
GSE267552,BC09,LSM8,True
GSE267552,BC09,ARF5,True
GSE267552,BC09,ZC3HAV1,True
GSE267552,BC09,NDUFB2,True
GSE267552,BC09,TRBV7-9,True
GSE267552,BC09,TRBV27,True
GSE267552,BC09,TRBC1,True
GSE267552,BC09,TRBC2,True
GSE267552,BC09,GSTK1,True
GSE267552,BC09,ZYX,True
GSE267552,BC09,GIMAP7,True
GSE267552,BC09,GIMAP4,True
GSE267552,BC09,GIMAP5,True
GSE267552,BC09,DNAJB6,True
GSE267552,BC09,PCM1,True
GSE267552,BC09,DOK2,True
GSE267552,BC09,DUSP4,True
GSE267552,BC09,SARAF,True
GSE267552,BC09,LEPROTL1,True
GSE267552,BC09,NSD3,True
GSE267552,BC09,TCEA1,True
GSE267552,BC09,RPS20,True
GSE267552,BC09,SDCBP,True
GSE267552,BC09,PDE7A,True
GSE267552,BC09,SNHG6,True
GSE267552,BC09,TRAM1,True
GSE267552,BC09,RPL7,True
GSE267552,BC09,RBIS,True
GSE267552,BC09,UQCRB,True
GSE267552,BC09,MTDH,True
GSE267552,BC09,COX6C,True
GSE267552,BC09,RNF19A,True
GSE267552,BC09,PABPC1,True
GSE267552,BC09,YWHAZ,True
GSE267552,BC09,EIF3E,True
GSE267552,BC09,EIF3H,True
GSE267552,BC09,RAD21,True
GSE267552,BC09,NDUFB9,True
GSE267552,BC09,FAM49B,True
GSE267552,BC09,SLA,True
GSE267552,BC09,LY6E,True
GSE267552,BC09,EEF1D,True
GSE267552,BC09,VPS28,True
GSE267552,BC09,DOCK8,True
GSE267552,BC09,SMARCA2,True
GSE267552,BC09,VLDLR,False
GSE267552,BC09,CD274,False
GSE267552,BC09,PSIP1,True
GSE267552,BC09,RPS6,True
GSE267552,BC09,DNAJA1,True
GSE267552,BC09,VCP,True
GSE267552,BC09,TLN1,True
GSE267552,BC09,GLIPR2,True
GSE267552,BC09,ZFAND5,True
GSE267552,BC09,ANXA1,True
GSE267552,BC09,OSTF1,True
GSE267552,BC09,HNRNPK,True
GSE267552,BC09,SEMA4D,True
GSE267552,BC09,ANP32B,True
GSE267552,BC09,SEC61B,True
GSE267552,BC09,TXN,True
GSE267552,BC09,PTBP3,True
GSE267552,BC09,AKNA,True
GSE267552,BC09,ATP6V1G1,True
GSE267552,BC09,STOM,True
GSE267552,BC09,RPL35,True
GSE267552,BC09,ARPC5L,True
GSE267552,BC09,HSPA5,True
GSE267552,BC09,C9orf16,True
GSE267552,BC09,SPTAN1,True
GSE267552,BC09,SET,True
GSE267552,BC09,C9orf78,True
GSE267552,BC09,FNBP1,True
GSE267552,BC09,EDF1,True
GSE267552,BC09,PAXX,True
GSE267552,BC09,TUBB4B,True
GSE267552,BC09,KLF6,True
GSE267552,BC09,GDI2,True
GSE267552,BC09,ATP5F1C,True
GSE267552,BC09,CELF2,True
GSE267552,BC09,OPTN,True
GSE267552,BC09,FAM107B,True
GSE267552,BC09,VIM,True
GSE267552,BC09,AL133415.1,True
GSE267552,BC09,PIP4K2A,True
GSE267552,BC09,APBB1IP,True
GSE267552,BC09,YME1L1,True
GSE267552,BC09,EPC1,True
GSE267552,BC09,ITGB1,True
GSE267552,BC09,CREM,True
GSE267552,BC09,HNRNPF,True
GSE267552,BC09,DDX21,True
GSE267552,BC09,SRGN,True
GSE267552,BC09,PRF1,True
GSE267552,BC09,PSAP,True
GSE267552,BC09,SPOCK2,True
GSE267552,BC09,ANAPC16,True
GSE267552,BC09,DDIT4,True
GSE267552,BC09,ANXA11,True
GSE267552,BC09,GHITM,True
GSE267552,BC09,PGAM1,True
GSE267552,BC09,NDUFB8,True
GSE267552,BC09,OGA,True
GSE267552,BC09,ATP5MD,True
GSE267552,BC09,DUSP5,True
GSE267552,BC09,PDCD4,True
GSE267552,BC09,RGS10,True
GSE267552,BC09,BUB3,True
GSE267552,BC09,IFITM2,True
GSE267552,BC09,IFITM1,True
GSE267552,BC09,POLR2L,True
GSE267552,BC09,CTSD,True
GSE267552,BC09,LSP1,True
GSE267552,BC09,CD81,True
GSE267552,BC09,NAP1L4,True
GSE267552,BC09,RHOG,True
GSE267552,BC09,TRIM22,True
GSE267552,BC09,TAF10,True
GSE267552,BC09,EIF3F,True
GSE267552,BC09,RPL27A,True
GSE267552,BC09,EIF4G2,True
GSE267552,BC09,PSMA1,True
GSE267552,BC09,C11orf58,True
GSE267552,BC09,NUCB2,True
GSE267552,BC09,LDHA,True
GSE267552,BC09,EIF3M,True
GSE267552,BC09,CD44,True
GSE267552,BC09,UBE2L6,True
GSE267552,BC09,SELENOH,True
GSE267552,BC09,CD6,True
GSE267552,BC09,CD5,True
GSE267552,BC09,TMEM258,True
GSE267552,BC09,FTH1,True
GSE267552,BC09,AHNAK,True
GSE267552,BC09,EEF1G,True
GSE267552,BC09,UBXN1,True
GSE267552,BC09,SLC3A2,True
GSE267552,BC09,PLAAT4,True
GSE267552,BC09,COX8A,True
GSE267552,BC09,PPP1R14B,True
GSE267552,BC09,TRMT112,True
GSE267552,BC09,SF1,True
GSE267552,BC09,NEAT1,True
GSE267552,BC09,MALAT1,True
GSE267552,BC09,CFL1,True
GSE267552,BC09,CTSW,True
GSE267552,BC09,CCDC85B,True
GSE267552,BC09,DRAP1,True
GSE267552,BC09,SF3B2,True
GSE267552,BC09,RAB1B,True
GSE267552,BC09,POLD4,True
GSE267552,BC09,PPP1CA,True
GSE267552,BC09,TBC1D10C,True
GSE267552,BC09,PTPRCAP,True
GSE267552,BC09,CORO1B,True
GSE267552,BC09,GSTP1,True
GSE267552,BC09,DHCR7,False
GSE267552,BC09,UCP2,True
GSE267552,BC09,SPCS2,True
GSE267552,BC09,RSF1,True
GSE267552,BC09,NDUFC2,True
GSE267552,BC09,CTSC,True
GSE267552,BC09,TAF1D,True
GSE267552,BC09,BIRC3,True
GSE267552,BC09,CASP4,True
GSE267552,BC09,CARD16,True
GSE267552,BC09,ATM,True
GSE267552,BC09,NCAM1,False
GSE267552,BC09,IL10RA,True
GSE267552,BC09,CD3E,True
GSE267552,BC09,CD3D,True
GSE267552,BC09,CD3G,True
GSE267552,BC09,ATP5MG,True
GSE267552,BC09,KMT2A,True
GSE267552,BC09,DDX6,True
GSE267552,BC09,CRTAM,True
GSE267552,BC09,HSPA8,True
GSE267552,BC09,ETS1,True
GSE267552,BC09,WNK1,True
GSE267552,BC09,CCND2,True
GSE267552,BC09,CD27,True
GSE267552,BC09,GAPDH,True
GSE267552,BC09,LAG3,True
GSE267552,BC09,CD4,False
GSE267552,BC09,TPI1,True
GSE267552,BC09,C12orf57,True
GSE267552,BC09,PTPN6,True
GSE267552,BC09,SLC2A3,True
GSE267552,BC09,KLRG1,True
GSE267552,BC09,CLEC2D,True
GSE267552,BC09,CD69,True
GSE267552,BC09,CLEC2B,True
GSE267552,BC09,GABARAPL1,True
GSE267552,BC09,KLRD1,True
GSE267552,BC09,KLRK1,True
GSE267552,BC09,KLRC4,True
GSE267552,BC09,KLRC2,True
GSE267552,BC09,LINC02446,True
GSE267552,BC09,CDKN1B,True
GSE267552,BC09,ATF7IP,True
GSE267552,BC09,ARHGDIB,True
GSE267552,BC09,LDHB,True
GSE267552,BC09,RESF1,True
GSE267552,BC09,SCAF11,True
GSE267552,BC09,SLC38A1,True
GSE267552,BC09,SLC38A2,True
GSE267552,BC09,PCED1B-AS1,True
GSE267552,BC09,TUBA1B,True
GSE267552,BC09,TUBA1A,True
GSE267552,BC09,TMBIM6,True
GSE267552,BC09,LIMA1,False
GSE267552,BC09,DAZAP2,True
GSE267552,BC09,BIN2,True
GSE267552,BC09,NR4A1,True
GSE267552,BC09,EIF4B,True
GSE267552,BC09,PFDN5,True
GSE267552,BC09,PRR13,True
GSE267552,BC09,ATP5MC2,True
GSE267552,BC09,HNRNPA1,True
GSE267552,BC09,BLOC1S1,True
GSE267552,BC09,CD63,True
GSE267552,BC09,PA2G4,True
GSE267552,BC09,MYL6,True
GSE267552,BC09,ATP5F1B,True
GSE267552,BC09,PTGES3,True
GSE267552,BC09,NACA,True
GSE267552,BC09,ARHGAP9,True
GSE267552,BC09,USP15,True
GSE267552,BC09,TMBIM4,True
GSE267552,BC09,IFNG,True
GSE267552,BC09,RAP1B,True
GSE267552,BC09,GLIPR1,True
GSE267552,BC09,NAP1L1,True
GSE267552,BC09,PPP1R12A,True
GSE267552,BC09,AC025164.1,True
GSE267552,BC09,SLC25A3,True
GSE267552,BC09,HSP90B1,True
GSE267552,BC09,C12orf75,True
GSE267552,BC09,ISCU,True
GSE267552,BC09,SELPLG,True
GSE267552,BC09,ARPC3,True
GSE267552,BC09,ERP29,True
GSE267552,BC09,PEBP1,True
GSE267552,BC09,RPLP0,True
GSE267552,BC09,COX6A1,True
GSE267552,BC09,SRSF9,True
GSE267552,BC09,DYNLL1,True
GSE267552,BC09,OASL,True
GSE267552,BC09,RSRC2,True
GSE267552,BC09,ARL6IP4,True
GSE267552,BC09,UBC,True
GSE267552,BC09,RAN,True
GSE267552,BC09,MPHOSPH8,True
GSE267552,BC09,SAP18,True
GSE267552,BC09,RPL21,True
GSE267552,BC09,GTF3A,True
GSE267552,BC09,POMP,True
GSE267552,BC09,HMGB1,True
GSE267552,BC09,ALOX5AP,True
GSE267552,BC09,HSPH1,True
GSE267552,BC09,N4BP2L2,True
GSE267552,BC09,ELF1,True
GSE267552,BC09,RGCC,True
GSE267552,BC09,TPT1,True
GSE267552,BC09,AL138963.4,True
GSE267552,BC09,LCP1,True
GSE267552,BC09,ITM2B,True
GSE267552,BC09,COMMD6,True
GSE267552,BC09,MYCBP2,True
GSE267552,BC09,GPR183,True
GSE267552,BC09,ARGLU1,True
GSE267552,BC09,LAMP1,True
GSE267552,BC09,HNRNPC,True
GSE267552,BC09,TRAC,True
GSE267552,BC09,DAD1,True
GSE267552,BC09,PABPN1,True
GSE267552,BC09,PSME1,True
GSE267552,BC09,PSME2,True
GSE267552,BC09,NEDD8,True
GSE267552,BC09,GZMH,True
GSE267552,BC09,GZMB,True
GSE267552,BC09,SNX6,True
GSE267552,BC09,FAM177A1,True
GSE267552,BC09,PSMA6,True
GSE267552,BC09,NFKBIA,True
GSE267552,BC09,PNN,True
GSE267552,BC09,RPL36AL,True
GSE267552,BC09,ARF6,True
GSE267552,BC09,GNG2,True
GSE267552,BC09,LGALS3,True
GSE267552,BC09,KTN1,True
GSE267552,BC09,DHRS7,True
GSE267552,BC09,PRKCH,True
GSE267552,BC09,HIF1A,True
GSE267552,BC09,SYNE2,True
GSE267552,BC09,CHURC1,True
GSE267552,BC09,ZFP36L1,True
GSE267552,BC09,SRSF5,True
GSE267552,BC09,RBM25,True
GSE267552,BC09,TMED10,True
GSE267552,BC09,FOS,True
GSE267552,BC09,GPR65,True
GSE267552,BC09,CALM1,True
GSE267552,BC09,TC2N,True
GSE267552,BC09,NDUFB1,True
GSE267552,BC09,DDX24,True
GSE267552,BC09,PAPOLA,True
GSE267552,BC09,BCL11B,True
GSE267552,BC09,EVL,True
GSE267552,BC09,PPP2R5C,True
GSE267552,BC09,HSP90AA1,True
GSE267552,BC09,EIF5,True
GSE267552,BC09,ATP5MPL,True
GSE267552,BC09,CRIP1,True
GSE267552,BC09,SNRPN,True
GSE267552,BC09,NSMCE3,True
GSE267552,BC09,KLF13,True
GSE267552,BC09,SRP14,True
GSE267552,BC09,PDIA3,True
GSE267552,BC09,SERF2,True
GSE267552,BC09,EID1,True
GSE267552,BC09,VPS13C,True
GSE267552,BC09,RPS27L,True
GSE267552,BC09,RAB8B,True
GSE267552,BC09,PPIB,True
GSE267552,BC09,RPL4,True
GSE267552,BC09,PKM,True
GSE267552,BC09,CSK,True
GSE267552,BC09,COX5A,True
GSE267552,BC09,MORF4L1,True
GSE267552,BC09,IL16,True
GSE267552,BC09,RPS17,True
GSE267552,BC09,AKAP13,True
GSE267552,BC09,ISG20,True
GSE267552,BC09,IDH2,True
GSE267552,BC09,CIB1,True
GSE267552,BC09,IQGAP1,True
GSE267552,BC09,LINC01578,True
GSE267552,BC09,UBE2I,True
GSE267552,BC09,NDUFB10,True
GSE267552,BC09,ATP6V0C,True
GSE267552,BC09,SRRM2,True
GSE267552,BC09,ELOB,True
GSE267552,BC09,IL32,True
GSE267552,BC09,SOCS1,True
GSE267552,BC09,LITAF,True
GSE267552,BC09,GSPT1,True
GSE267552,BC09,ARL6IP1,True
GSE267552,BC09,RBBP6,True
GSE267552,BC09,CD19,False
GSE267552,BC09,LAT,True
GSE267552,BC09,ALDOA,True
GSE267552,BC09,YPEL3,True
GSE267552,BC09,CORO1A,True
GSE267552,BC09,SEPTIN1,True
GSE267552,BC09,FUS,True
GSE267552,BC09,RBL2,True
GSE267552,BC09,MT2A,True
GSE267552,BC09,HERPUD1,True
GSE267552,BC09,CKLF,True
GSE267552,BC09,CIAO2B,True
GSE267552,BC09,PSMB10,True
GSE267552,BC09,GABARAPL2,True
GSE267552,BC09,TERF2IP,True
GSE267552,BC09,COTL1,True
GSE267552,BC09,COX4I1,True
GSE267552,BC09,MAP1LC3B,True
GSE267552,BC09,CYBA,True
GSE267552,BC09,APRT,True
GSE267552,BC09,ANKRD11,True
GSE267552,BC09,TCF25,True
GSE267552,BC09,ITGAE,False
GSE267552,BC09,PFN1,True
GSE267552,BC09,RNASEK,True
GSE267552,BC09,GABARAP,True
GSE267552,BC09,EIF5A,True
GSE267552,BC09,ACAP1,True
GSE267552,BC09,EIF4A1,True
GSE267552,BC09,TRAPPC1,True
GSE267552,BC09,VAMP2,True
GSE267552,BC09,NCOR1,True
GSE267552,BC09,UBB,True
GSE267552,BC09,SNHG29,True
GSE267552,BC09,WSB1,True
GSE267552,BC09,RPL23A,True
GSE267552,BC09,EVI2B,True
GSE267552,BC09,SLFN5,True
GSE267552,BC09,CCL5,True
GSE267552,BC09,CCL4,True
GSE267552,BC09,CCL4L2,True
GSE267552,BC09,SYNRG,True
GSE267552,BC09,PSMB3,True
GSE267552,BC09,RPL23,True
GSE267552,BC09,ERBB2,False
GSE267552,BC09,IKZF3,True
GSE267552,BC09,KRT10,True
GSE267552,BC09,EIF1,True
GSE267552,BC09,STAT3,True
GSE267552,BC09,RPL27,True
GSE267552,BC09,SKAP1,True
GSE267552,BC09,TOB1,True
GSE267552,BC09,NME2,True
GSE267552,BC09,LIMD2,True
GSE267552,BC09,ERN1,True
GSE267552,BC09,DDX5,True
GSE267552,BC09,PITPNC1,True
GSE267552,BC09,PRKAR1A,True
GSE267552,BC09,RPL38,True
GSE267552,BC09,SLC9A3R1,True
GSE267552,BC09,FDXR,False
GSE267552,BC09,ATP5PD,True
GSE267552,BC09,JPT1,True
GSE267552,BC09,SUMO2,True
GSE267552,BC09,H3F3B,True
GSE267552,BC09,UBALD2,True
GSE267552,BC09,SRSF2,True
GSE267552,BC09,SEPTIN9,True
GSE267552,BC09,EIF4A3,True
GSE267552,BC09,RNF213,True
GSE267552,BC09,ACTG1,True
GSE267552,BC09,P4HB,True
GSE267552,BC09,ARHGDIA,True
GSE267552,BC09,CD7,True
GSE267552,BC09,METRNL,True
GSE267552,BC09,SMCHD1,True
GSE267552,BC09,MYL12A,True
GSE267552,BC09,MYL12B,True
GSE267552,BC09,NDUFV2,True
GSE267552,BC09,ANKRD12,True
GSE267552,BC09,ROCK1,True
GSE267552,BC09,TTC39C,True
GSE267552,BC09,ATP5F1A,True
GSE267552,BC09,RPL17,True
GSE267552,BC09,MBP,True
GSE267552,BC09,GZMM,True
GSE267552,BC09,BSG,True
GSE267552,BC09,CNN2,True
GSE267552,BC09,GPX4,True
GSE267552,BC09,ATP5F1D,True
GSE267552,BC09,CIRBP,True
GSE267552,BC09,UQCR11,True
GSE267552,BC09,ABHD17A,True
GSE267552,BC09,OAZ1,True
GSE267552,BC09,LSM7,True
GSE267552,BC09,GADD45B,True
GSE267552,BC09,TLE5,True
GSE267552,BC09,EEF2,True
GSE267552,BC09,MAP2K2,True
GSE267552,BC09,NDUFA11,True
GSE267552,BC09,TNFSF9,True
GSE267552,BC09,PET100,True
GSE267552,BC09,HNRNPM,True
GSE267552,BC09,UBL5,True
GSE267552,BC09,SHFL,True
GSE267552,BC09,EIF3G,True
GSE267552,BC09,ICAM3,True
GSE267552,BC09,CDC37,True
GSE267552,BC09,WDR83OS,True
GSE267552,BC09,TRIR,True
GSE267552,BC09,JUNB,True
GSE267552,BC09,CALR,True
GSE267552,BC09,IER2,True
GSE267552,BC09,C19orf53,True
GSE267552,BC09,ADGRE5,True
GSE267552,BC09,DNAJB1,True
GSE267552,BC09,TECR,True
GSE267552,BC09,RASAL3,True
GSE267552,BC09,KLF2,True
GSE267552,BC09,BST2,True
GSE267552,BC09,JUND,True
GSE267552,BC09,FKBP8,True
GSE267552,BC09,UBA52,True
GSE267552,BC09,REX1BD,True
GSE267552,BC09,COPE,True
GSE267552,BC09,NDUFA13,True
GSE267552,BC09,LSM14A,True
GSE267552,BC09,GPI,True
GSE267552,BC09,FXYD5,True
GSE267552,BC09,COX6B1,True
GSE267552,BC09,HCST,True
GSE267552,BC09,CAPNS1,True
GSE267552,BC09,EIF3K,True
GSE267552,BC09,ACTN4,True
GSE267552,BC09,ECH1,True
GSE267552,BC09,HNRNPL,True
GSE267552,BC09,GMFG,True
GSE267552,BC09,ZFP36,True
GSE267552,BC09,RPS16,True
GSE267552,BC09,SERTAD1,True
GSE267552,BC09,TGFB1,True
GSE267552,BC09,RPS19,True
GSE267552,BC09,ARHGEF1,True
GSE267552,BC09,RABAC1,True
GSE267552,BC09,FOSB,True
GSE267552,BC09,SNRPD2,True
GSE267552,BC09,CALM3,True
GSE267552,BC09,NOP53,True
GSE267552,BC09,SELENOW,True
GSE267552,BC09,EMP3,True
GSE267552,BC09,PPP1R15A,True
GSE267552,BC09,BAX,True
GSE267552,BC09,FTL,True
GSE267552,BC09,CD37,True
GSE267552,BC09,RPL13A,True
GSE267552,BC09,RPS11,True
GSE267552,BC09,NKG7,True
GSE267552,BC09,ZNF331,True
GSE267552,BC09,MYADM,True
GSE267552,BC09,NDUFA3,True
GSE267552,BC09,RPS9,True
GSE267552,BC09,UBE2S,True
GSE267552,BC09,RPS5,True
GSE267552,BC09,SNRPB,True
GSE267552,BC09,TMX4,True
GSE267552,BC09,CST7,True
GSE267552,BC09,APMAP,True
GSE267552,BC09,RALY,True
GSE267552,BC09,EIF2S2,True
GSE267552,BC09,ROMO1,True
GSE267552,BC09,RBM39,True
GSE267552,BC09,SCAND1,True
GSE267552,BC09,SAMHD1,True
GSE267552,BC09,YWHAB,True
GSE267552,BC09,STK4,True
GSE267552,BC09,PREX1,True
GSE267552,BC09,ZFAS1,True
GSE267552,BC09,UBE2V1,True
GSE267552,BC09,NFATC2,True
GSE267552,BC09,RBM38,True
GSE267552,BC09,GNAS,True
GSE267552,BC09,ATP5F1E,True
GSE267552,BC09,PSMA7,True
GSE267552,BC09,PPDPF,True
GSE267552,BC09,LIME1,True
GSE267552,BC09,SAMSN1,True
GSE267552,BC09,ATP5PF,True
GSE267552,BC09,SOD1,True
GSE267552,BC09,SON,True
GSE267552,BC09,ATP5PO,True
GSE267552,BC09,MRPS6,True
GSE267552,BC09,HMGN1,True
GSE267552,BC09,MX1,True
GSE267552,BC09,ABCG1,False
GSE267552,BC09,CSTB,True
GSE267552,BC09,ITGB2,True
GSE267552,BC09,PRMT2,True
GSE267552,BC09,CHCHD10,True
GSE267552,BC09,MIF,True
GSE267552,BC09,EWSR1,True
GSE267552,BC09,UQCR10,True
GSE267552,BC09,PIK3IP1,True
GSE267552,BC09,MYH9,True
GSE267552,BC09,RAC2,True
GSE267552,BC09,LGALS1,True
GSE267552,BC09,DDX17,True
GSE267552,BC09,SUN2,True
GSE267552,BC09,APOBEC3G,True
GSE267552,BC09,RPL3,True
GSE267552,BC09,ST13,True
GSE267552,BC09,XRCC6,True
GSE267552,BC09,SNU13,True
GSE267552,BC09,SMDT1,True
GSE267552,BC09,TSPO,True
GSE267552,BC09,SLC25A6,True
GSE267552,BC09,CD99,True
GSE267552,BC09,SH3KBP1,True
GSE267552,BC09,EIF1AX,True
GSE267552,BC09,SAT1,True
GSE267552,BC09,DDX3X,True
GSE267552,BC09,NDUFB11,True
GSE267552,BC09,UXT,True
GSE267552,BC09,RBM3,True
GSE267552,BC09,WAS,True
GSE267552,BC09,PLP2,True
GSE267552,BC09,TSPYL2,True
GSE267552,BC09,MSN,True
GSE267552,BC09,IL2RG,True
GSE267552,BC09,CXCR3,True
GSE267552,BC09,ATRX,True
GSE267552,BC09,COX7B,True
GSE267552,BC09,PGK1,True
GSE267552,BC09,ITM2A,True
GSE267552,BC09,SH3BGRL,True
GSE267552,BC09,RPL36A,True
GSE267552,BC09,TSC22D3,True
GSE267552,BC09,SLC25A5,True
GSE267552,BC09,SEPTIN6,True
GSE267552,BC09,NDUFA1,True
GSE267552,BC09,SH2D1A,True
GSE267552,BC09,RBMX,True
GSE267552,BC09,IDS,True
GSE267552,BC09,NSDHL,False
GSE267552,BC09,BCAP31,True
GSE267552,BC09,SSR4,True
GSE267552,BC09,FLNA,True
GSE267552,BC09,EMD,True
GSE267552,BC09,G6PD,False
GSE267552,BC09,MT-ND1,True
GSE267552,BC09,MT-ND2,True
GSE267552,BC09,MT-CO1,True
GSE267552,BC09,MT-CO2,True
GSE267552,BC09,MT-ATP8,True
GSE267552,BC09,MT-ATP6,True
GSE267552,BC09,MT-CO3,True
GSE267552,BC09,MT-ND3,True
GSE267552,BC09,MT-ND4L,True
GSE267552,BC09,MT-ND4,True
GSE267552,BC09,MT-ND5,True
GSE267552,BC09,MT-ND6,True
GSE267552,BC09,MT-CYB,True
GSE267552,BC10,ISG15,True
GSE267552,BC10,SSU72,True
GSE267552,BC10,GNB1,True
GSE267552,BC10,RPL22,True
GSE267552,BC10,PARK7,True
GSE267552,BC10,ENO1,True
GSE267552,BC10,EFHD2,True
GSE267552,BC10,CAPZB,True
GSE267552,BC10,MICOS10,True
GSE267552,BC10,HP1BP3,True
GSE267552,BC10,CDC42,True
GSE267552,BC10,SRSF10,True
GSE267552,BC10,SRRM1,True
GSE267552,BC10,RUNX3,True
GSE267552,BC10,SYF2,True
GSE267552,BC10,RSRP1,True
GSE267552,BC10,TMEM50A,True
GSE267552,BC10,SH3BGRL3,True
GSE267552,BC10,CD52,True
GSE267552,BC10,ZNF683,True
GSE267552,BC10,HMGN2,True
GSE267552,BC10,DNAJC8,True
GSE267552,BC10,ATP5IF1,True
GSE267552,BC10,EPB41,True
GSE267552,BC10,AL137857.1,True
GSE267552,BC10,LAPTM5,True
GSE267552,BC10,PTP4A2,True
GSE267552,BC10,KHDRBS1,True
GSE267552,BC10,LCK,True
GSE267552,BC10,SFPQ,True
GSE267552,BC10,THRAP3,True
GSE267552,BC10,NDUFS5,True
GSE267552,BC10,MACF1,True
GSE267552,BC10,CAP1,True
GSE267552,BC10,SMAP2,True
GSE267552,BC10,YBX1,True
GSE267552,BC10,PRDX1,True
GSE267552,BC10,UQCRH,True
GSE267552,BC10,CMPK1,True
GSE267552,BC10,EPS15,True
GSE267552,BC10,TMEM59,True
GSE267552,BC10,DHCR24,False
GSE267552,BC10,JUN,True
GSE267552,BC10,JAK1,True
GSE267552,BC10,PDE4B,True
GSE267552,BC10,MIER1,True
GSE267552,BC10,SERBP1,True
GSE267552,BC10,SRSF11,True
GSE267552,BC10,ZRANB2,True
GSE267552,BC10,DNAJB4,True
GSE267552,BC10,PRKACB,True
GSE267552,BC10,GNG5,True
GSE267552,BC10,GTF2B,True
GSE267552,BC10,GBP5,True
GSE267552,BC10,RPL5,True
GSE267552,BC10,PRPF38B,True
GSE267552,BC10,PSMA5,True
GSE267552,BC10,CD53,True
GSE267552,BC10,DENND2D,True
GSE267552,BC10,ATP5PB,True
GSE267552,BC10,RAP1A,True
GSE267552,BC10,CSDE1,True
GSE267552,BC10,ATP1A1,True
GSE267552,BC10,CD2,True
GSE267552,BC10,TENT5C,True
GSE267552,BC10,HMGCS2,False
GSE267552,BC10,RBM8A,True
GSE267552,BC10,TXNIP,True
GSE267552,BC10,LINC01138,True
GSE267552,BC10,MRPS21,True
GSE267552,BC10,MCL1,True
GSE267552,BC10,ENSA,True
GSE267552,BC10,CDC42SE1,True
GSE267552,BC10,S100A10,True
GSE267552,BC10,S100A11,True
GSE267552,BC10,S100A6,True
GSE267552,BC10,S100A4,True
GSE267552,BC10,TPM3,True
GSE267552,BC10,ADAR,True
GSE267552,BC10,KRTCAP2,True
GSE267552,BC10,FDPS,False
GSE267552,BC10,SSR2,True
GSE267552,BC10,SH2D2A,True
GSE267552,BC10,PYHIN1,True
GSE267552,BC10,IFI16,True
GSE267552,BC10,TAGLN2,True
GSE267552,BC10,CD48,True
GSE267552,BC10,TSTD1,True
GSE267552,BC10,ARHGAP30,True
GSE267552,BC10,HSPA6,True
GSE267552,BC10,HSD17B7,False
GSE267552,BC10,CD247,True
GSE267552,BC10,RCSD1,True
GSE267552,BC10,XCL2,True
GSE267552,BC10,XCL1,True
GSE267552,BC10,SELL,True
GSE267552,BC10,PRRC2C,True
GSE267552,BC10,PRDX6,True
GSE267552,BC10,GAS5,True
GSE267552,BC10,RABGAP1L,True
GSE267552,BC10,CACYBP,True
GSE267552,BC10,ARPC5,True
GSE267552,BC10,TPR,True
GSE267552,BC10,RGS1,True
GSE267552,BC10,PTPRC,True
GSE267552,BC10,BTG2,True
GSE267552,BC10,NUCKS1,True
GSE267552,BC10,FCMR,True
GSE267552,BC10,CD55,True
GSE267552,BC10,CD46,True
GSE267552,BC10,TRAF3IP3,True
GSE267552,BC10,ATF3,True
GSE267552,BC10,CAPN2,True
GSE267552,BC10,SRP9,True
GSE267552,BC10,H3F3A,True
GSE267552,BC10,ARF1,True
GSE267552,BC10,GUK1,True
GSE267552,BC10,TOMM20,True
GSE267552,BC10,ARID4B,True
GSE267552,BC10,LYST,True
GSE267552,BC10,HNRNPU,True
GSE267552,BC10,LINC01871,True
GSE267552,BC10,ID2,True
GSE267552,BC10,YWHAQ,True
GSE267552,BC10,ODC1,True
GSE267552,BC10,PDIA6,True
GSE267552,BC10,OST4,True
GSE267552,BC10,YPEL5,True
GSE267552,BC10,LBH,True
GSE267552,BC10,CDC42EP3,True
GSE267552,BC10,SRSF7,True
GSE267552,BC10,EML4,True
GSE267552,BC10,ZFP36L2,True
GSE267552,BC10,CALM2,True
GSE267552,BC10,EPCAM,False
GSE267552,BC10,REL,True
GSE267552,BC10,CCT4,True
GSE267552,BC10,ACTR2,True
GSE267552,BC10,AAK1,True
GSE267552,BC10,PCBP1,True
GSE267552,BC10,SNRPG,True
GSE267552,BC10,MOB1A,True
GSE267552,BC10,TMSB10,True
GSE267552,BC10,VAMP8,True
GSE267552,BC10,GNLY,True
GSE267552,BC10,CD8A,True
GSE267552,BC10,CD8B,True
GSE267552,BC10,CYTOR,True
GSE267552,BC10,DUSP2,True
GSE267552,BC10,COX5B,True
GSE267552,BC10,ZAP70,True
GSE267552,BC10,MGAT4A,True
GSE267552,BC10,RPL31,True
GSE267552,BC10,RNF149,True
GSE267552,BC10,GCC2,True
GSE267552,BC10,ACTR3,True
GSE267552,BC10,DDX18,True
GSE267552,BC10,DBI,True
GSE267552,BC10,GYPC,True
GSE267552,BC10,MZT2B,True
GSE267552,BC10,MZT2A,True
GSE267552,BC10,UBXN4,True
GSE267552,BC10,CXCR4,True
GSE267552,BC10,ARHGAP15,True
GSE267552,BC10,PRPF40A,True
GSE267552,BC10,NR4A2,True
GSE267552,BC10,CYTIP,True
GSE267552,BC10,RBMS1,True
GSE267552,BC10,PPIG,True
GSE267552,BC10,WIPF1,True
GSE267552,BC10,ATP5MC3,True
GSE267552,BC10,HNRNPA3,True
GSE267552,BC10,ITGA4,True
GSE267552,BC10,ZC3H15,True
GSE267552,BC10,GLS,True
GSE267552,BC10,STAT1,True
GSE267552,BC10,STK17B,True
GSE267552,BC10,ANKRD44,True
GSE267552,BC10,SF3B1,True
GSE267552,BC10,HSPD1,True
GSE267552,BC10,HSPE1,True
GSE267552,BC10,BZW1,True
GSE267552,BC10,CLK1,True
GSE267552,BC10,CFLAR,True
GSE267552,BC10,NOP58,True
GSE267552,BC10,CTLA4,False
GSE267552,BC10,EEF1B2,True
GSE267552,BC10,XRCC5,True
GSE267552,BC10,RPL37A,True
GSE267552,BC10,ARPC2,True
GSE267552,BC10,TUBA4A,True
GSE267552,BC10,SP110,True
GSE267552,BC10,SP100,True
GSE267552,BC10,ITM2C,True
GSE267552,BC10,NCL,True
GSE267552,BC10,ARL4C,True
GSE267552,BC10,LRRFIP1,True
GSE267552,BC10,COPS9,True
GSE267552,BC10,PDCD1,False
GSE267552,BC10,ARPC4,True
GSE267552,BC10,BRK1,True
GSE267552,BC10,OXNAD1,True
GSE267552,BC10,RPL15,True
GSE267552,BC10,EOMES,True
GSE267552,BC10,CMC1,True
GSE267552,BC10,TGFBR2,True
GSE267552,BC10,CSRNP1,True
GSE267552,BC10,RPSA,True
GSE267552,BC10,NKTR,True
GSE267552,BC10,CXCR6,True
GSE267552,BC10,TMA7,True
GSE267552,BC10,SHISA5,True
GSE267552,BC10,RHOA,True
GSE267552,BC10,GNAI2,True
GSE267552,BC10,RPL29,True
GSE267552,BC10,SPCS1,True
GSE267552,BC10,SELENOK,True
GSE267552,BC10,ARL6IP5,True
GSE267552,BC10,FOXP1,True
GSE267552,BC10,CGGBP1,True
GSE267552,BC10,CLDND1,True
GSE267552,BC10,RPL24,True
GSE267552,BC10,NFKBIZ,True
GSE267552,BC10,CBLB,True
GSE267552,BC10,TRAT1,True
GSE267552,BC10,CD96,True
GSE267552,BC10,TIGIT,True
GSE267552,BC10,COX17,True
GSE267552,BC10,NDUFB4,True
GSE267552,BC10,HCLS1,True
GSE267552,BC10,RPN1,True
GSE267552,BC10,CNBP,True
GSE267552,BC10,H1FX,True
GSE267552,BC10,CDV3,True
GSE267552,BC10,ZBTB38,True
GSE267552,BC10,U2SURP,True
GSE267552,BC10,GYG1,True
GSE267552,BC10,SERP1,True
GSE267552,BC10,MBNL1,True
GSE267552,BC10,CCNL1,True
GSE267552,BC10,SEC62,True
GSE267552,BC10,RPL22L1,True
GSE267552,BC10,TRA2B,True
GSE267552,BC10,EIF4A2,True
GSE267552,BC10,PPP1R2,True
GSE267552,BC10,PAK2,True
GSE267552,BC10,ATP5ME,True
GSE267552,BC10,LYAR,True
GSE267552,BC10,WDR1,True
GSE267552,BC10,BOD1L1,True
GSE267552,BC10,ARAP2,True
GSE267552,BC10,RPL9,True
GSE267552,BC10,RHOH,True
GSE267552,BC10,OCIAD1,True
GSE267552,BC10,OCIAD2,True
GSE267552,BC10,HOPX,True
GSE267552,BC10,YTHDC1,True
GSE267552,BC10,AREG,True
GSE267552,BC10,G3BP2,True
GSE267552,BC10,CCNI,True
GSE267552,BC10,HNRNPD,True
GSE267552,BC10,HNRNPDL,True
GSE267552,BC10,H2AFZ,True
GSE267552,BC10,UBE2D3,True
GSE267552,BC10,SNHG8,True
GSE267552,BC10,C4orf3,True
GSE267552,BC10,ANXA5,True
GSE267552,BC10,HMGB2,True
GSE267552,BC10,SUB1,True
GSE267552,BC10,IL7R,True
GSE267552,BC10,FYB1,True
GSE267552,BC10,PTGER4,True
GSE267552,BC10,PRKAA1,False
GSE267552,BC10,EMB,True
GSE267552,BC10,PARP8,True
GSE267552,BC10,GZMK,True
GSE267552,BC10,GZMA,True
GSE267552,BC10,GPBP1,True
GSE267552,BC10,KIF2A,True
GSE267552,BC10,PIK3R1,True
GSE267552,BC10,BTF3,True
GSE267552,BC10,NSA2,True
GSE267552,BC10,TBCA,True
GSE267552,BC10,COX7C,True
GSE267552,BC10,CCNH,True
GSE267552,BC10,CAST,True
GSE267552,BC10,LNPEP,True
GSE267552,BC10,CAMK4,True
GSE267552,BC10,REEP5,True
GSE267552,BC10,TNFAIP8,True
GSE267552,BC10,HINT1,True
GSE267552,BC10,CDC42SE2,True
GSE267552,BC10,C5orf56,True
GSE267552,BC10,IRF1,True
GSE267552,BC10,UQCRQ,True
GSE267552,BC10,TCF7,True
GSE267552,BC10,SKP1,True
GSE267552,BC10,UBE2B,True
GSE267552,BC10,HNRNPA0,True
GSE267552,BC10,EGR1,True
GSE267552,BC10,MATR3,True
GSE267552,BC10,PAIP2,True
GSE267552,BC10,UBE2D2,True
GSE267552,BC10,CD14,False
GSE267552,BC10,IK,True
GSE267552,BC10,NDFIP1,True
GSE267552,BC10,NR3C1,True
GSE267552,BC10,CD74,True
GSE267552,BC10,ANXA6,True
GSE267552,BC10,ITK,True
GSE267552,BC10,MAT2B,True
GSE267552,BC10,LCP2,True
GSE267552,BC10,NPM1,True
GSE267552,BC10,STK10,True
GSE267552,BC10,DUSP1,True
GSE267552,BC10,ATP6V0E1,True
GSE267552,BC10,HIGD2A,True
GSE267552,BC10,PRELID1,True
GSE267552,BC10,CANX,True
GSE267552,BC10,SQSTM1,True
GSE267552,BC10,RACK1,True
GSE267552,BC10,SERPINB9,True
GSE267552,BC10,PRPF4B,True
GSE267552,BC10,TMEM14B,True
GSE267552,BC10,NOL7,True
GSE267552,BC10,DEK,True
GSE267552,BC10,HIST1H4C,True
GSE267552,BC10,HIST1H1E,True
GSE267552,BC10,HIST1H1D,True
GSE267552,BC10,BTN3A2,True
GSE267552,BC10,HLA-F,True
GSE267552,BC10,PPP1R18,True
GSE267552,BC10,TUBB,True
GSE267552,BC10,TNF,True
GSE267552,BC10,LTB,True
GSE267552,BC10,CSNK2B,True
GSE267552,BC10,CLIC1,True
GSE267552,BC10,HSPA1A,True
GSE267552,BC10,HSPA1B,True
GSE267552,BC10,GPSM3,True
GSE267552,BC10,HLA-DRA,True
GSE267552,BC10,HLA-DRB5,True
GSE267552,BC10,HLA-DRB1,True
GSE267552,BC10,TAP2,True
GSE267552,BC10,PSMB8,True
GSE267552,BC10,PSMB9,True
GSE267552,BC10,TAP1,True
GSE267552,BC10,BRD2,True
GSE267552,BC10,HLA-DPA1,True
GSE267552,BC10,HLA-DPB1,True
GSE267552,BC10,TAPBP,True
GSE267552,BC10,CUTA,True
GSE267552,BC10,RPS10,True
GSE267552,BC10,DEF6,True
GSE267552,BC10,RPL10A,True
GSE267552,BC10,FKBP5,True
GSE267552,BC10,SRSF3,True
GSE267552,BC10,TOMM6,True
GSE267552,BC10,CCND3,True
GSE267552,BC10,HSP90AB1,True
GSE267552,BC10,PHF3,True
GSE267552,BC10,COX7A2,True
GSE267552,BC10,SNHG5,True
GSE267552,BC10,PNRC1,True
GSE267552,BC10,PNISR,True
GSE267552,BC10,PRDM1,True
GSE267552,BC10,CRYBG1,True
GSE267552,BC10,SNX3,True
GSE267552,BC10,CD164,True
GSE267552,BC10,FYN,True
GSE267552,BC10,RWDD1,True
GSE267552,BC10,SERINC1,True
GSE267552,BC10,THEMIS,True
GSE267552,BC10,SAMD3,True
GSE267552,BC10,BCLAF1,True
GSE267552,BC10,TNFAIP3,True
GSE267552,BC10,ABRACL,True
GSE267552,BC10,CITED2,True
GSE267552,BC10,SF3B5,True
GSE267552,BC10,UTRN,True
GSE267552,BC10,SYNE1,True
GSE267552,BC10,IPCEF1,True
GSE267552,BC10,DYNLT1,True
GSE267552,BC10,SYTL3,True
GSE267552,BC10,EZR,True
GSE267552,BC10,TAGAP,True
GSE267552,BC10,WTAP,True
GSE267552,BC10,PSMB1,True
GSE267552,BC10,ACTB,True
GSE267552,BC10,RAC1,True
GSE267552,BC10,NDUFA4,True
GSE267552,BC10,TOMM7,True
GSE267552,BC10,CYCS,True
GSE267552,BC10,HNRNPA2B1,True
GSE267552,BC10,CBX3,True
GSE267552,BC10,TAX1BP1,True
GSE267552,BC10,HERPUD2,True
GSE267552,BC10,SEPTIN7,True
GSE267552,BC10,AOAH,True
GSE267552,BC10,TRG-AS1,True
GSE267552,BC10,STK17A,True
GSE267552,BC10,PPIA,True
GSE267552,BC10,H2AFV,True
GSE267552,BC10,IKZF1,True
GSE267552,BC10,SEC61G,True
GSE267552,BC10,EGFR,False
GSE267552,BC10,CHCHD2,True
GSE267552,BC10,SBDS,True
GSE267552,BC10,MDH2,True
GSE267552,BC10,HSPB1,True
GSE267552,BC10,SRI,True
GSE267552,BC10,AKAP9,True
GSE267552,BC10,SEM1,True
GSE267552,BC10,ARPC1B,True
GSE267552,BC10,ATP5MF,True
GSE267552,BC10,LAMTOR4,True
GSE267552,BC10,GNB2,True
GSE267552,BC10,FIS1,True
GSE267552,BC10,KMT2E,True
GSE267552,BC10,LSM8,True
GSE267552,BC10,ARF5,True
GSE267552,BC10,ZC3HAV1,True
GSE267552,BC10,NDUFB2,True
GSE267552,BC10,TRBV7-9,True
GSE267552,BC10,TRBV20-1,True
GSE267552,BC10,TRBC1,True
GSE267552,BC10,TRBC2,True
GSE267552,BC10,GSTK1,True
GSE267552,BC10,ZYX,True
GSE267552,BC10,GIMAP7,True
GSE267552,BC10,GIMAP4,True
GSE267552,BC10,GIMAP5,True
GSE267552,BC10,DNAJB6,True
GSE267552,BC10,PCM1,True
GSE267552,BC10,DUSP4,True
GSE267552,BC10,SARAF,True
GSE267552,BC10,LEPROTL1,True
GSE267552,BC10,NSD3,True
GSE267552,BC10,TCEA1,True
GSE267552,BC10,RPS20,True
GSE267552,BC10,SDCBP,True
GSE267552,BC10,PDE7A,True
GSE267552,BC10,SNHG6,True
GSE267552,BC10,TRAM1,True
GSE267552,BC10,RPL7,True
GSE267552,BC10,RBIS,True
GSE267552,BC10,UQCRB,True
GSE267552,BC10,MTDH,True
GSE267552,BC10,COX6C,True
GSE267552,BC10,RNF19A,True
GSE267552,BC10,PABPC1,True
GSE267552,BC10,YWHAZ,True
GSE267552,BC10,EIF3E,True
GSE267552,BC10,EIF3H,True
GSE267552,BC10,RAD21,True
GSE267552,BC10,NDUFB9,True
GSE267552,BC10,LINC00861,True
GSE267552,BC10,FAM49B,True
GSE267552,BC10,SLA,True
GSE267552,BC10,LY6E,True
GSE267552,BC10,EEF1D,True
GSE267552,BC10,VPS28,True
GSE267552,BC10,DOCK8,True
GSE267552,BC10,SMARCA2,True
GSE267552,BC10,VLDLR,False
GSE267552,BC10,CD274,False
GSE267552,BC10,PSIP1,True
GSE267552,BC10,RPS6,True
GSE267552,BC10,DNAJA1,True
GSE267552,BC10,VCP,True
GSE267552,BC10,TLN1,True
GSE267552,BC10,GLIPR2,True
GSE267552,BC10,TOMM5,True
GSE267552,BC10,ZFAND5,True
GSE267552,BC10,ANXA1,True
GSE267552,BC10,OSTF1,True
GSE267552,BC10,HNRNPK,True
GSE267552,BC10,SEMA4D,True
GSE267552,BC10,ANP32B,True
GSE267552,BC10,SEC61B,True
GSE267552,BC10,TXN,True
GSE267552,BC10,PTBP3,True
GSE267552,BC10,AKNA,True
GSE267552,BC10,ATP6V1G1,True
GSE267552,BC10,STOM,True
GSE267552,BC10,RPL35,True
GSE267552,BC10,ARPC5L,True
GSE267552,BC10,HSPA5,True
GSE267552,BC10,C9orf16,True
GSE267552,BC10,SPTAN1,True
GSE267552,BC10,SET,True
GSE267552,BC10,C9orf78,True
GSE267552,BC10,FNBP1,True
GSE267552,BC10,EDF1,True
GSE267552,BC10,PAXX,True
GSE267552,BC10,TUBB4B,True
GSE267552,BC10,KLF6,True
GSE267552,BC10,GDI2,True
GSE267552,BC10,ATP5F1C,True
GSE267552,BC10,CELF2,True
GSE267552,BC10,OPTN,True
GSE267552,BC10,FAM107B,True
GSE267552,BC10,VIM,True
GSE267552,BC10,AL133415.1,True
GSE267552,BC10,PIP4K2A,True
GSE267552,BC10,APBB1IP,True
GSE267552,BC10,YME1L1,True
GSE267552,BC10,EPC1,True
GSE267552,BC10,ITGB1,True
GSE267552,BC10,CREM,True
GSE267552,BC10,HNRNPF,True
GSE267552,BC10,DDX21,True
GSE267552,BC10,SRGN,True
GSE267552,BC10,PRF1,True
GSE267552,BC10,PSAP,True
GSE267552,BC10,SPOCK2,True
GSE267552,BC10,ANAPC16,True
GSE267552,BC10,DDIT4,True
GSE267552,BC10,ANXA11,True
GSE267552,BC10,GHITM,True
GSE267552,BC10,PGAM1,True
GSE267552,BC10,NDUFB8,True
GSE267552,BC10,OGA,True
GSE267552,BC10,ATP5MD,True
GSE267552,BC10,DUSP5,True
GSE267552,BC10,PDCD4,True
GSE267552,BC10,RGS10,True
GSE267552,BC10,BUB3,True
GSE267552,BC10,IFITM2,True
GSE267552,BC10,IFITM1,True
GSE267552,BC10,POLR2L,True
GSE267552,BC10,CTSD,True
GSE267552,BC10,LSP1,True
GSE267552,BC10,CD81,True
GSE267552,BC10,NAP1L4,True
GSE267552,BC10,TRIM22,True
GSE267552,BC10,TAF10,True
GSE267552,BC10,EIF3F,True
GSE267552,BC10,RPL27A,True
GSE267552,BC10,EIF4G2,True
GSE267552,BC10,PSMA1,True
GSE267552,BC10,C11orf58,True
GSE267552,BC10,NUCB2,True
GSE267552,BC10,LDHA,True
GSE267552,BC10,EIF3M,True
GSE267552,BC10,CD44,True
GSE267552,BC10,UBE2L6,True
GSE267552,BC10,SELENOH,True
GSE267552,BC10,CD6,True
GSE267552,BC10,CD5,True
GSE267552,BC10,TMEM258,True
GSE267552,BC10,FTH1,True
GSE267552,BC10,AHNAK,True
GSE267552,BC10,EEF1G,True
GSE267552,BC10,UBXN1,True
GSE267552,BC10,SLC3A2,True
GSE267552,BC10,PLAAT4,True
GSE267552,BC10,COX8A,True
GSE267552,BC10,PPP1R14B,True
GSE267552,BC10,TRMT112,True
GSE267552,BC10,SF1,True
GSE267552,BC10,NEAT1,True
GSE267552,BC10,MALAT1,True
GSE267552,BC10,CFL1,True
GSE267552,BC10,CTSW,True
GSE267552,BC10,CCDC85B,True
GSE267552,BC10,DRAP1,True
GSE267552,BC10,SF3B2,True
GSE267552,BC10,RAB1B,True
GSE267552,BC10,POLD4,True
GSE267552,BC10,PPP1CA,True
GSE267552,BC10,TBC1D10C,True
GSE267552,BC10,PTPRCAP,True
GSE267552,BC10,CORO1B,True
GSE267552,BC10,GSTP1,True
GSE267552,BC10,DHCR7,False
GSE267552,BC10,UCP2,True
GSE267552,BC10,SPCS2,True
GSE267552,BC10,RSF1,True
GSE267552,BC10,NDUFC2,True
GSE267552,BC10,CTSC,True
GSE267552,BC10,TAF1D,True
GSE267552,BC10,BIRC3,True
GSE267552,BC10,CARD16,True
GSE267552,BC10,ATM,True
GSE267552,BC10,NCAM1,False
GSE267552,BC10,IL10RA,True
GSE267552,BC10,CD3E,True
GSE267552,BC10,CD3D,True
GSE267552,BC10,CD3G,True
GSE267552,BC10,ATP5MG,True
GSE267552,BC10,KMT2A,True
GSE267552,BC10,DDX6,True
GSE267552,BC10,CRTAM,True
GSE267552,BC10,HSPA8,True
GSE267552,BC10,SRPRA,True
GSE267552,BC10,ETS1,True
GSE267552,BC10,WNK1,True
GSE267552,BC10,CD27,True
GSE267552,BC10,GAPDH,True
GSE267552,BC10,LAG3,True
GSE267552,BC10,CD4,False
GSE267552,BC10,TPI1,True
GSE267552,BC10,C12orf57,True
GSE267552,BC10,PTPN6,True
GSE267552,BC10,SLC2A3,True
GSE267552,BC10,KLRG1,True
GSE267552,BC10,CLEC2D,True
GSE267552,BC10,CD69,True
GSE267552,BC10,CLEC2B,True
GSE267552,BC10,GABARAPL1,True
GSE267552,BC10,KLRD1,True
GSE267552,BC10,KLRK1,True
GSE267552,BC10,KLRC4,True
GSE267552,BC10,KLRC2,True
GSE267552,BC10,LINC02446,True
GSE267552,BC10,CDKN1B,True
GSE267552,BC10,ATF7IP,True
GSE267552,BC10,ARHGDIB,True
GSE267552,BC10,LDHB,True
GSE267552,BC10,RESF1,True
GSE267552,BC10,SCAF11,True
GSE267552,BC10,SLC38A1,True
GSE267552,BC10,SLC38A2,True
GSE267552,BC10,PCED1B-AS1,True
GSE267552,BC10,TUBA1B,True
GSE267552,BC10,TUBA1A,True
GSE267552,BC10,TMBIM6,True
GSE267552,BC10,LIMA1,False
GSE267552,BC10,DAZAP2,True
GSE267552,BC10,BIN2,True
GSE267552,BC10,NR4A1,True
GSE267552,BC10,EIF4B,True
GSE267552,BC10,PFDN5,True
GSE267552,BC10,PRR13,True
GSE267552,BC10,ATP5MC2,True
GSE267552,BC10,HNRNPA1,True
GSE267552,BC10,BLOC1S1,True
GSE267552,BC10,CD63,True
GSE267552,BC10,PA2G4,True
GSE267552,BC10,MYL6,True
GSE267552,BC10,ATP5F1B,True
GSE267552,BC10,PTGES3,True
GSE267552,BC10,NACA,True
GSE267552,BC10,ARHGAP9,True
GSE267552,BC10,USP15,True
GSE267552,BC10,TMBIM4,True
GSE267552,BC10,IFNG,True
GSE267552,BC10,RAP1B,True
GSE267552,BC10,GLIPR1,True
GSE267552,BC10,NAP1L1,True
GSE267552,BC10,PPP1R12A,True
GSE267552,BC10,AC025164.1,True
GSE267552,BC10,SLC25A3,True
GSE267552,BC10,HSP90B1,True
GSE267552,BC10,C12orf75,True
GSE267552,BC10,ISCU,True
GSE267552,BC10,SELPLG,True
GSE267552,BC10,ARPC3,True
GSE267552,BC10,ERP29,True
GSE267552,BC10,PEBP1,True
GSE267552,BC10,RPLP0,True
GSE267552,BC10,COX6A1,True
GSE267552,BC10,SRSF9,True
GSE267552,BC10,DYNLL1,True
GSE267552,BC10,OASL,True
GSE267552,BC10,RSRC2,True
GSE267552,BC10,ARL6IP4,True
GSE267552,BC10,UBC,True
GSE267552,BC10,RAN,True
GSE267552,BC10,MPHOSPH8,True
GSE267552,BC10,SAP18,True
GSE267552,BC10,RPL21,True
GSE267552,BC10,GTF3A,True
GSE267552,BC10,POMP,True
GSE267552,BC10,HMGB1,True
GSE267552,BC10,ALOX5AP,True
GSE267552,BC10,HSPH1,True
GSE267552,BC10,N4BP2L2,True
GSE267552,BC10,ELF1,True
GSE267552,BC10,RGCC,True
GSE267552,BC10,TPT1,True
GSE267552,BC10,AL138963.4,True
GSE267552,BC10,LCP1,True
GSE267552,BC10,ITM2B,True
GSE267552,BC10,COMMD6,True
GSE267552,BC10,MYCBP2,True
GSE267552,BC10,GPR183,True
GSE267552,BC10,ARGLU1,True
GSE267552,BC10,HNRNPC,True
GSE267552,BC10,TRAC,True
GSE267552,BC10,DAD1,True
GSE267552,BC10,PABPN1,True
GSE267552,BC10,PSME1,True
GSE267552,BC10,PSME2,True
GSE267552,BC10,NEDD8,True
GSE267552,BC10,GZMH,True
GSE267552,BC10,GZMB,True
GSE267552,BC10,SNX6,True
GSE267552,BC10,FAM177A1,True
GSE267552,BC10,PSMA6,True
GSE267552,BC10,NFKBIA,True
GSE267552,BC10,PNN,True
GSE267552,BC10,RPL36AL,True
GSE267552,BC10,ARF6,True
GSE267552,BC10,GNG2,True
GSE267552,BC10,LGALS3,True
GSE267552,BC10,KTN1,True
GSE267552,BC10,DHRS7,True
GSE267552,BC10,PRKCH,True
GSE267552,BC10,HIF1A,True
GSE267552,BC10,SYNE2,True
GSE267552,BC10,CHURC1,True
GSE267552,BC10,ZFP36L1,True
GSE267552,BC10,SRSF5,True
GSE267552,BC10,RBM25,True
GSE267552,BC10,TMED10,True
GSE267552,BC10,FOS,True
GSE267552,BC10,GPR65,True
GSE267552,BC10,CALM1,True
GSE267552,BC10,TC2N,True
GSE267552,BC10,NDUFB1,True
GSE267552,BC10,DDX24,True
GSE267552,BC10,PAPOLA,True
GSE267552,BC10,BCL11B,True
GSE267552,BC10,EVL,True
GSE267552,BC10,PPP2R5C,True
GSE267552,BC10,HSP90AA1,True
GSE267552,BC10,EIF5,True
GSE267552,BC10,ATP5MPL,True
GSE267552,BC10,CRIP1,True
GSE267552,BC10,SNRPN,True
GSE267552,BC10,KLF13,True
GSE267552,BC10,SRP14,True
GSE267552,BC10,PDIA3,True
GSE267552,BC10,SERF2,True
GSE267552,BC10,EID1,True
GSE267552,BC10,ANXA2,True
GSE267552,BC10,VPS13C,True
GSE267552,BC10,RPS27L,True
GSE267552,BC10,PPIB,True
GSE267552,BC10,RPL4,True
GSE267552,BC10,PKM,True
GSE267552,BC10,CSK,True
GSE267552,BC10,COX5A,True
GSE267552,BC10,MORF4L1,True
GSE267552,BC10,IL16,True
GSE267552,BC10,RPS17,True
GSE267552,BC10,AKAP13,True
GSE267552,BC10,ISG20,True
GSE267552,BC10,IDH2,True
GSE267552,BC10,CIB1,True
GSE267552,BC10,IQGAP1,True
GSE267552,BC10,LINC01578,True
GSE267552,BC10,UBE2I,True
GSE267552,BC10,NDUFB10,True
GSE267552,BC10,ATP6V0C,True
GSE267552,BC10,SRRM2,True
GSE267552,BC10,ELOB,True
GSE267552,BC10,IL32,True
GSE267552,BC10,SOCS1,True
GSE267552,BC10,LITAF,True
GSE267552,BC10,GSPT1,True
GSE267552,BC10,ARL6IP1,True
GSE267552,BC10,RBBP6,True
GSE267552,BC10,CD19,False
GSE267552,BC10,LAT,True
GSE267552,BC10,ALDOA,True
GSE267552,BC10,YPEL3,True
GSE267552,BC10,CORO1A,True
GSE267552,BC10,SEPTIN1,True
GSE267552,BC10,FUS,True
GSE267552,BC10,RBL2,True
GSE267552,BC10,MT2A,True
GSE267552,BC10,HERPUD1,True
GSE267552,BC10,CKLF,True
GSE267552,BC10,CIAO2B,True
GSE267552,BC10,PSMB10,True
GSE267552,BC10,GABARAPL2,True
GSE267552,BC10,TERF2IP,True
GSE267552,BC10,COTL1,True
GSE267552,BC10,COX4I1,True
GSE267552,BC10,MAP1LC3B,True
GSE267552,BC10,CYBA,True
GSE267552,BC10,APRT,True
GSE267552,BC10,ANKRD11,True
GSE267552,BC10,TCF25,True
GSE267552,BC10,ITGAE,False
GSE267552,BC10,PFN1,True
GSE267552,BC10,RNASEK,True
GSE267552,BC10,GABARAP,True
GSE267552,BC10,EIF5A,True
GSE267552,BC10,ACAP1,True
GSE267552,BC10,EIF4A1,True
GSE267552,BC10,TRAPPC1,True
GSE267552,BC10,VAMP2,True
GSE267552,BC10,NCOR1,True
GSE267552,BC10,UBB,True
GSE267552,BC10,SNHG29,True
GSE267552,BC10,WSB1,True
GSE267552,BC10,RPL23A,True
GSE267552,BC10,EVI2B,True
GSE267552,BC10,SLFN5,True
GSE267552,BC10,CCL4,True
GSE267552,BC10,CCL4L2,True
GSE267552,BC10,SYNRG,True
GSE267552,BC10,PSMB3,True
GSE267552,BC10,RPL23,True
GSE267552,BC10,ERBB2,False
GSE267552,BC10,IKZF3,True
GSE267552,BC10,KRT10,True
GSE267552,BC10,EIF1,True
GSE267552,BC10,STAT3,True
GSE267552,BC10,RPL27,True
GSE267552,BC10,SKAP1,True
GSE267552,BC10,TOB1,True
GSE267552,BC10,NME2,True
GSE267552,BC10,LIMD2,True
GSE267552,BC10,ERN1,True
GSE267552,BC10,DDX5,True
GSE267552,BC10,PITPNC1,True
GSE267552,BC10,PRKAR1A,True
GSE267552,BC10,RPL38,True
GSE267552,BC10,SLC9A3R1,True
GSE267552,BC10,FDXR,False
GSE267552,BC10,ATP5PD,True
GSE267552,BC10,JPT1,True
GSE267552,BC10,SUMO2,True
GSE267552,BC10,H3F3B,True
GSE267552,BC10,UBALD2,True
GSE267552,BC10,SRSF2,True
GSE267552,BC10,SEPTIN9,True
GSE267552,BC10,EIF4A3,True
GSE267552,BC10,RNF213,True
GSE267552,BC10,ACTG1,True
GSE267552,BC10,P4HB,True
GSE267552,BC10,ARHGDIA,True
GSE267552,BC10,CD7,True
GSE267552,BC10,SMCHD1,True
GSE267552,BC10,MYL12A,True
GSE267552,BC10,MYL12B,True
GSE267552,BC10,NDUFV2,True
GSE267552,BC10,ANKRD12,True
GSE267552,BC10,ROCK1,True
GSE267552,BC10,ATP5F1A,True
GSE267552,BC10,RPL17,True
GSE267552,BC10,MBP,True
GSE267552,BC10,GZMM,True
GSE267552,BC10,BSG,True
GSE267552,BC10,CNN2,True
GSE267552,BC10,GPX4,True
GSE267552,BC10,ATP5F1D,True
GSE267552,BC10,CIRBP,True
GSE267552,BC10,UQCR11,True
GSE267552,BC10,ABHD17A,True
GSE267552,BC10,OAZ1,True
GSE267552,BC10,LSM7,True
GSE267552,BC10,GADD45B,True
GSE267552,BC10,TLE5,True
GSE267552,BC10,MATK,True
GSE267552,BC10,EEF2,True
GSE267552,BC10,MAP2K2,True
GSE267552,BC10,NDUFA11,True
GSE267552,BC10,TNFSF9,True
GSE267552,BC10,PET100,True
GSE267552,BC10,HNRNPM,True
GSE267552,BC10,UBL5,True
GSE267552,BC10,SHFL,True
GSE267552,BC10,EIF3G,True
GSE267552,BC10,ICAM3,True
GSE267552,BC10,CDC37,True
GSE267552,BC10,WDR83OS,True
GSE267552,BC10,TRIR,True
GSE267552,BC10,JUNB,True
GSE267552,BC10,PRDX2,True
GSE267552,BC10,CALR,True
GSE267552,BC10,IER2,True
GSE267552,BC10,C19orf53,True
GSE267552,BC10,ADGRE5,True
GSE267552,BC10,DNAJB1,True
GSE267552,BC10,TECR,True
GSE267552,BC10,RASAL3,True
GSE267552,BC10,KLF2,True
GSE267552,BC10,BST2,True
GSE267552,BC10,JUND,True
GSE267552,BC10,FKBP8,True
GSE267552,BC10,UBA52,True
GSE267552,BC10,REX1BD,True
GSE267552,BC10,COPE,True
GSE267552,BC10,NDUFA13,True
GSE267552,BC10,LSM14A,True
GSE267552,BC10,GPI,True
GSE267552,BC10,FXYD5,True
GSE267552,BC10,COX6B1,True
GSE267552,BC10,HCST,True
GSE267552,BC10,CAPNS1,True
GSE267552,BC10,EIF3K,True
GSE267552,BC10,ACTN4,True
GSE267552,BC10,ECH1,True
GSE267552,BC10,HNRNPL,True
GSE267552,BC10,GMFG,True
GSE267552,BC10,ZFP36,True
GSE267552,BC10,RPS16,True
GSE267552,BC10,SERTAD1,True
GSE267552,BC10,TGFB1,True
GSE267552,BC10,RPS19,True
GSE267552,BC10,ARHGEF1,True
GSE267552,BC10,RABAC1,True
GSE267552,BC10,FOSB,True
GSE267552,BC10,SNRPD2,True
GSE267552,BC10,CALM3,True
GSE267552,BC10,NOP53,True
GSE267552,BC10,SELENOW,True
GSE267552,BC10,EMP3,True
GSE267552,BC10,PPP1R15A,True
GSE267552,BC10,BAX,True
GSE267552,BC10,FTL,True
GSE267552,BC10,CD37,True
GSE267552,BC10,RPL13A,True
GSE267552,BC10,RPS11,True
GSE267552,BC10,NKG7,True
GSE267552,BC10,ZNF331,True
GSE267552,BC10,MYADM,True
GSE267552,BC10,NDUFA3,True
GSE267552,BC10,RPS9,True
GSE267552,BC10,UBE2S,True
GSE267552,BC10,RPS5,True
GSE267552,BC10,SNRPB,True
GSE267552,BC10,TMX4,True
GSE267552,BC10,CST7,True
GSE267552,BC10,APMAP,True
GSE267552,BC10,RALY,True
GSE267552,BC10,EIF2S2,True
GSE267552,BC10,ROMO1,True
GSE267552,BC10,RBM39,True
GSE267552,BC10,SCAND1,True
GSE267552,BC10,SAMHD1,True
GSE267552,BC10,YWHAB,True
GSE267552,BC10,STK4,True
GSE267552,BC10,PREX1,True
GSE267552,BC10,ZFAS1,True
GSE267552,BC10,UBE2V1,True
GSE267552,BC10,NFATC2,True
GSE267552,BC10,GNAS,True
GSE267552,BC10,ATP5F1E,True
GSE267552,BC10,PSMA7,True
GSE267552,BC10,PPDPF,True
GSE267552,BC10,LIME1,True
GSE267552,BC10,SAMSN1,True
GSE267552,BC10,ATP5PF,True
GSE267552,BC10,SOD1,True
GSE267552,BC10,SON,True
GSE267552,BC10,ATP5PO,True
GSE267552,BC10,MRPS6,True
GSE267552,BC10,HMGN1,True
GSE267552,BC10,MX1,True
GSE267552,BC10,ABCG1,False
GSE267552,BC10,CSTB,True
GSE267552,BC10,ITGB2,True
GSE267552,BC10,PRMT2,True
GSE267552,BC10,CHCHD10,True
GSE267552,BC10,MIF,True
GSE267552,BC10,EWSR1,True
GSE267552,BC10,UQCR10,True
GSE267552,BC10,PIK3IP1,True
GSE267552,BC10,MYH9,True
GSE267552,BC10,RAC2,True
GSE267552,BC10,LGALS1,True
GSE267552,BC10,DDX17,True
GSE267552,BC10,SUN2,True
GSE267552,BC10,APOBEC3G,True
GSE267552,BC10,RPL3,True
GSE267552,BC10,ST13,True
GSE267552,BC10,XRCC6,True
GSE267552,BC10,SNU13,True
GSE267552,BC10,SMDT1,True
GSE267552,BC10,TSPO,True
GSE267552,BC10,SLC25A6,True
GSE267552,BC10,CD99,True
GSE267552,BC10,SH3KBP1,True
GSE267552,BC10,EIF1AX,True
GSE267552,BC10,SAT1,True
GSE267552,BC10,DDX3X,True
GSE267552,BC10,NDUFB11,True
GSE267552,BC10,UXT,True
GSE267552,BC10,RBM3,True
GSE267552,BC10,WAS,True
GSE267552,BC10,PLP2,True
GSE267552,BC10,TSPYL2,True
GSE267552,BC10,MSN,True
GSE267552,BC10,IL2RG,True
GSE267552,BC10,CXCR3,True
GSE267552,BC10,ATRX,True
GSE267552,BC10,COX7B,True
GSE267552,BC10,PGK1,True
GSE267552,BC10,ITM2A,True
GSE267552,BC10,SH3BGRL,True
GSE267552,BC10,RPL36A,True
GSE267552,BC10,TSC22D3,True
GSE267552,BC10,SLC25A5,True
GSE267552,BC10,SEPTIN6,True
GSE267552,BC10,NDUFA1,True
GSE267552,BC10,SH2D1A,True
GSE267552,BC10,RBMX,True
GSE267552,BC10,IDS,True
GSE267552,BC10,NSDHL,False
GSE267552,BC10,BCAP31,True
GSE267552,BC10,SSR4,True
GSE267552,BC10,FLNA,True
GSE267552,BC10,G6PD,False
GSE267552,BC10,MT-ND1,True
GSE267552,BC10,MT-ND2,True
GSE267552,BC10,MT-CO1,True
GSE267552,BC10,MT-CO2,True
GSE267552,BC10,MT-ATP8,True
GSE267552,BC10,MT-ATP6,True
GSE267552,BC10,MT-CO3,True
GSE267552,BC10,MT-ND3,True
GSE267552,BC10,MT-ND4L,True
GSE267552,BC10,MT-ND4,True
GSE267552,BC10,MT-ND5,True
GSE267552,BC10,MT-ND6,True
GSE267552,BC10,MT-CYB,True
GSE267552,BC12,ISG15,True
GSE267552,BC12,SSU72,True
GSE267552,BC12,GNB1,True
GSE267552,BC12,RPL22,True
GSE267552,BC12,PARK7,True
GSE267552,BC12,ENO1,True
GSE267552,BC12,EFHD2,True
GSE267552,BC12,CAPZB,True
GSE267552,BC12,MICOS10,True
GSE267552,BC12,HP1BP3,True
GSE267552,BC12,CDC42,True
GSE267552,BC12,PNRC2,True
GSE267552,BC12,SRSF10,True
GSE267552,BC12,SRRM1,True
GSE267552,BC12,RUNX3,True
GSE267552,BC12,SYF2,True
GSE267552,BC12,RSRP1,True
GSE267552,BC12,TMEM50A,True
GSE267552,BC12,SH3BGRL3,True
GSE267552,BC12,CD52,True
GSE267552,BC12,ZNF683,True
GSE267552,BC12,HMGN2,True
GSE267552,BC12,IFI6,True
GSE267552,BC12,DNAJC8,True
GSE267552,BC12,ATP5IF1,True
GSE267552,BC12,EPB41,True
GSE267552,BC12,AL137857.1,True
GSE267552,BC12,LAPTM5,True
GSE267552,BC12,PTP4A2,True
GSE267552,BC12,KHDRBS1,True
GSE267552,BC12,LCK,True
GSE267552,BC12,RBBP4,True
GSE267552,BC12,SFPQ,True
GSE267552,BC12,THRAP3,True
GSE267552,BC12,NDUFS5,True
GSE267552,BC12,MACF1,True
GSE267552,BC12,CAP1,True
GSE267552,BC12,SMAP2,True
GSE267552,BC12,YBX1,True
GSE267552,BC12,PRDX1,True
GSE267552,BC12,UQCRH,True
GSE267552,BC12,CMPK1,True
GSE267552,BC12,EPS15,True
GSE267552,BC12,TUT4,True
GSE267552,BC12,TMEM59,True
GSE267552,BC12,DHCR24,False
GSE267552,BC12,JUN,True
GSE267552,BC12,JAK1,True
GSE267552,BC12,PDE4B,True
GSE267552,BC12,MIER1,True
GSE267552,BC12,SERBP1,True
GSE267552,BC12,SRSF11,True
GSE267552,BC12,ZRANB2,True
GSE267552,BC12,PRKACB,True
GSE267552,BC12,GNG5,True
GSE267552,BC12,GTF2B,True
GSE267552,BC12,GBP5,True
GSE267552,BC12,RPL5,True
GSE267552,BC12,PRPF38B,True
GSE267552,BC12,PSMA5,True
GSE267552,BC12,CD53,True
GSE267552,BC12,DENND2D,True
GSE267552,BC12,ATP5PB,True
GSE267552,BC12,RAP1A,True
GSE267552,BC12,CSDE1,True
GSE267552,BC12,CD2,True
GSE267552,BC12,TENT5C,True
GSE267552,BC12,HMGCS2,False
GSE267552,BC12,RBM8A,True
GSE267552,BC12,TXNIP,True
GSE267552,BC12,LINC01138,True
GSE267552,BC12,MRPS21,True
GSE267552,BC12,MCL1,True
GSE267552,BC12,ENSA,True
GSE267552,BC12,CDC42SE1,True
GSE267552,BC12,S100A10,True
GSE267552,BC12,S100A11,True
GSE267552,BC12,S100A6,True
GSE267552,BC12,S100A4,True
GSE267552,BC12,TPM3,True
GSE267552,BC12,ADAR,True
GSE267552,BC12,KRTCAP2,True
GSE267552,BC12,FDPS,False
GSE267552,BC12,SSR2,True
GSE267552,BC12,SH2D2A,True
GSE267552,BC12,PYHIN1,True
GSE267552,BC12,IFI16,True
GSE267552,BC12,TAGLN2,True
GSE267552,BC12,CD48,True
GSE267552,BC12,TSTD1,True
GSE267552,BC12,ARHGAP30,True
GSE267552,BC12,HSPA6,True
GSE267552,BC12,HSD17B7,False
GSE267552,BC12,CD247,True
GSE267552,BC12,RCSD1,True
GSE267552,BC12,XCL2,True
GSE267552,BC12,XCL1,True
GSE267552,BC12,SELL,True
GSE267552,BC12,PRRC2C,True
GSE267552,BC12,PRDX6,True
GSE267552,BC12,GAS5,True
GSE267552,BC12,RABGAP1L,True
GSE267552,BC12,CACYBP,True
GSE267552,BC12,ARPC5,True
GSE267552,BC12,TPR,True
GSE267552,BC12,RGS1,True
GSE267552,BC12,PTPRC,True
GSE267552,BC12,BTG2,True
GSE267552,BC12,NUCKS1,True
GSE267552,BC12,FCMR,True
GSE267552,BC12,CD46,True
GSE267552,BC12,TRAF3IP3,True
GSE267552,BC12,CAPN2,True
GSE267552,BC12,SRP9,True
GSE267552,BC12,H3F3A,True
GSE267552,BC12,ARF1,True
GSE267552,BC12,GUK1,True
GSE267552,BC12,TOMM20,True
GSE267552,BC12,ARID4B,True
GSE267552,BC12,LYST,True
GSE267552,BC12,HNRNPU,True
GSE267552,BC12,LINC01871,True
GSE267552,BC12,ID2,True
GSE267552,BC12,YWHAQ,True
GSE267552,BC12,PDIA6,True
GSE267552,BC12,RHOB,True
GSE267552,BC12,OST4,True
GSE267552,BC12,YPEL5,True
GSE267552,BC12,LBH,True
GSE267552,BC12,SRSF7,True
GSE267552,BC12,EML4,True
GSE267552,BC12,ZFP36L2,True
GSE267552,BC12,CALM2,True
GSE267552,BC12,EPCAM,False
GSE267552,BC12,REL,True
GSE267552,BC12,CCT4,True
GSE267552,BC12,ACTR2,True
GSE267552,BC12,AAK1,True
GSE267552,BC12,PCBP1,True
GSE267552,BC12,SNRPG,True
GSE267552,BC12,MOB1A,True
GSE267552,BC12,TMSB10,True
GSE267552,BC12,VAMP8,True
GSE267552,BC12,GNLY,True
GSE267552,BC12,CD8A,True
GSE267552,BC12,CD8B,True
GSE267552,BC12,CYTOR,True
GSE267552,BC12,DUSP2,True
GSE267552,BC12,COX5B,True
GSE267552,BC12,ZAP70,True
GSE267552,BC12,MGAT4A,True
GSE267552,BC12,EIF5B,True
GSE267552,BC12,RPL31,True
GSE267552,BC12,GCC2,True
GSE267552,BC12,ACTR3,True
GSE267552,BC12,DDX18,True
GSE267552,BC12,DBI,True
GSE267552,BC12,GYPC,True
GSE267552,BC12,MZT2B,True
GSE267552,BC12,UBXN4,True
GSE267552,BC12,CXCR4,True
GSE267552,BC12,ARHGAP15,True
GSE267552,BC12,PRPF40A,True
GSE267552,BC12,NR4A2,True
GSE267552,BC12,CYTIP,True
GSE267552,BC12,RBMS1,True
GSE267552,BC12,PPIG,True
GSE267552,BC12,WIPF1,True
GSE267552,BC12,ATP5MC3,True
GSE267552,BC12,HNRNPA3,True
GSE267552,BC12,ITGA4,True
GSE267552,BC12,GLS,True
GSE267552,BC12,STAT1,True
GSE267552,BC12,STK17B,True
GSE267552,BC12,ANKRD44,True
GSE267552,BC12,SF3B1,True
GSE267552,BC12,HSPD1,True
GSE267552,BC12,HSPE1,True
GSE267552,BC12,BZW1,True
GSE267552,BC12,CLK1,True
GSE267552,BC12,CFLAR,True
GSE267552,BC12,CTLA4,False
GSE267552,BC12,EEF1B2,True
GSE267552,BC12,XRCC5,True
GSE267552,BC12,RPL37A,True
GSE267552,BC12,ARPC2,True
GSE267552,BC12,TUBA4A,True
GSE267552,BC12,SP110,True
GSE267552,BC12,SP100,True
GSE267552,BC12,ITM2C,True
GSE267552,BC12,NCL,True
GSE267552,BC12,ARL4C,True
GSE267552,BC12,LRRFIP1,True
GSE267552,BC12,COPS9,True
GSE267552,BC12,PDCD1,False
GSE267552,BC12,ARPC4,True
GSE267552,BC12,BRK1,True
GSE267552,BC12,OXNAD1,True
GSE267552,BC12,RPL15,True
GSE267552,BC12,EOMES,True
GSE267552,BC12,CMC1,True
GSE267552,BC12,TGFBR2,True
GSE267552,BC12,RPSA,True
GSE267552,BC12,CXCR6,True
GSE267552,BC12,TMA7,True
GSE267552,BC12,SHISA5,True
GSE267552,BC12,NDUFAF3,True
GSE267552,BC12,RHOA,True
GSE267552,BC12,GNAI2,True
GSE267552,BC12,RPL29,True
GSE267552,BC12,SPCS1,True
GSE267552,BC12,SELENOK,True
GSE267552,BC12,ARL6IP5,True
GSE267552,BC12,CGGBP1,True
GSE267552,BC12,CLDND1,True
GSE267552,BC12,RPL24,True
GSE267552,BC12,NFKBIZ,True
GSE267552,BC12,CBLB,True
GSE267552,BC12,TRAT1,True
GSE267552,BC12,CD96,True
GSE267552,BC12,TIGIT,True
GSE267552,BC12,COX17,True
GSE267552,BC12,NDUFB4,True
GSE267552,BC12,HCLS1,True
GSE267552,BC12,RPN1,True
GSE267552,BC12,CNBP,True
GSE267552,BC12,H1FX,True
GSE267552,BC12,CDV3,True
GSE267552,BC12,ZBTB38,True
GSE267552,BC12,RNF7,True
GSE267552,BC12,U2SURP,True
GSE267552,BC12,GYG1,True
GSE267552,BC12,SERP1,True
GSE267552,BC12,MBNL1,True
GSE267552,BC12,CCNL1,True
GSE267552,BC12,SEC62,True
GSE267552,BC12,RPL22L1,True
GSE267552,BC12,TRA2B,True
GSE267552,BC12,EIF4A2,True
GSE267552,BC12,PPP1R2,True
GSE267552,BC12,PAK2,True
GSE267552,BC12,ATP5ME,True
GSE267552,BC12,LYAR,True
GSE267552,BC12,WDR1,True
GSE267552,BC12,BOD1L1,True
GSE267552,BC12,ARAP2,True
GSE267552,BC12,RPL9,True
GSE267552,BC12,RHOH,True
GSE267552,BC12,OCIAD1,True
GSE267552,BC12,OCIAD2,True
GSE267552,BC12,HOPX,True
GSE267552,BC12,YTHDC1,True
GSE267552,BC12,AREG,True
GSE267552,BC12,G3BP2,True
GSE267552,BC12,CCNI,True
GSE267552,BC12,CXCL13,True
GSE267552,BC12,HNRNPD,True
GSE267552,BC12,HNRNPDL,True
GSE267552,BC12,H2AFZ,True
GSE267552,BC12,UBE2D3,True
GSE267552,BC12,MCUB,True
GSE267552,BC12,SNHG8,True
GSE267552,BC12,C4orf3,True
GSE267552,BC12,ANXA5,True
GSE267552,BC12,HMGB2,True
GSE267552,BC12,SUB1,True
GSE267552,BC12,IL7R,True
GSE267552,BC12,FYB1,True
GSE267552,BC12,PTGER4,True
GSE267552,BC12,PRKAA1,False
GSE267552,BC12,EMB,True
GSE267552,BC12,PARP8,True
GSE267552,BC12,GZMK,True
GSE267552,BC12,GZMA,True
GSE267552,BC12,GPBP1,True
GSE267552,BC12,KIF2A,True
GSE267552,BC12,PIK3R1,True
GSE267552,BC12,BTF3,True
GSE267552,BC12,NSA2,True
GSE267552,BC12,TBCA,True
GSE267552,BC12,COX7C,True
GSE267552,BC12,CCNH,True
GSE267552,BC12,CAST,True
GSE267552,BC12,LNPEP,True
GSE267552,BC12,CAMK4,True
GSE267552,BC12,REEP5,True
GSE267552,BC12,TNFAIP8,True
GSE267552,BC12,HINT1,True
GSE267552,BC12,CDC42SE2,True
GSE267552,BC12,C5orf56,True
GSE267552,BC12,IRF1,True
GSE267552,BC12,UQCRQ,True
GSE267552,BC12,TCF7,True
GSE267552,BC12,SKP1,True
GSE267552,BC12,UBE2B,True
GSE267552,BC12,HNRNPA0,True
GSE267552,BC12,MATR3,True
GSE267552,BC12,PAIP2,True
GSE267552,BC12,UBE2D2,True
GSE267552,BC12,CD14,False
GSE267552,BC12,IK,True
GSE267552,BC12,NDFIP1,True
GSE267552,BC12,NR3C1,True
GSE267552,BC12,CD74,True
GSE267552,BC12,ANXA6,True
GSE267552,BC12,ITK,True
GSE267552,BC12,MAT2B,True
GSE267552,BC12,LCP2,True
GSE267552,BC12,NPM1,True
GSE267552,BC12,DUSP1,True
GSE267552,BC12,ATP6V0E1,True
GSE267552,BC12,HIGD2A,True
GSE267552,BC12,PRELID1,True
GSE267552,BC12,CANX,True
GSE267552,BC12,SQSTM1,True
GSE267552,BC12,RACK1,True
GSE267552,BC12,SERPINB9,True
GSE267552,BC12,PRPF4B,True
GSE267552,BC12,TMEM14B,True
GSE267552,BC12,NOL7,True
GSE267552,BC12,DEK,True
GSE267552,BC12,HIST1H4C,True
GSE267552,BC12,HIST1H1E,True
GSE267552,BC12,HIST1H1D,True
GSE267552,BC12,BTN3A2,True
GSE267552,BC12,HLA-F,True
GSE267552,BC12,PPP1R18,True
GSE267552,BC12,TUBB,True
GSE267552,BC12,TNF,True
GSE267552,BC12,LTB,True
GSE267552,BC12,CSNK2B,True
GSE267552,BC12,CLIC1,True
GSE267552,BC12,HSPA1A,True
GSE267552,BC12,HSPA1B,True
GSE267552,BC12,GPSM3,True
GSE267552,BC12,HLA-DRA,True
GSE267552,BC12,HLA-DRB5,True
GSE267552,BC12,HLA-DRB1,True
GSE267552,BC12,HLA-DQB1,True
GSE267552,BC12,TAP2,True
GSE267552,BC12,PSMB8,True
GSE267552,BC12,PSMB9,True
GSE267552,BC12,TAP1,True
GSE267552,BC12,BRD2,True
GSE267552,BC12,HLA-DPA1,True
GSE267552,BC12,HLA-DPB1,True
GSE267552,BC12,RPS18,True
GSE267552,BC12,TAPBP,True
GSE267552,BC12,CUTA,True
GSE267552,BC12,DEF6,True
GSE267552,BC12,RPL10A,True
GSE267552,BC12,FKBP5,True
GSE267552,BC12,SRSF3,True
GSE267552,BC12,TOMM6,True
GSE267552,BC12,CCND3,True
GSE267552,BC12,HSP90AB1,True
GSE267552,BC12,PHF3,True
GSE267552,BC12,COX7A2,True
GSE267552,BC12,SNHG5,True
GSE267552,BC12,PNRC1,True
GSE267552,BC12,PNISR,True
GSE267552,BC12,PRDM1,True
GSE267552,BC12,CRYBG1,True
GSE267552,BC12,SNX3,True
GSE267552,BC12,CD164,True
GSE267552,BC12,FYN,True
GSE267552,BC12,RWDD1,True
GSE267552,BC12,SERINC1,True
GSE267552,BC12,THEMIS,True
GSE267552,BC12,SAMD3,True
GSE267552,BC12,BCLAF1,True
GSE267552,BC12,TNFAIP3,True
GSE267552,BC12,ABRACL,True
GSE267552,BC12,CITED2,True
GSE267552,BC12,SF3B5,True
GSE267552,BC12,UTRN,True
GSE267552,BC12,SYNE1,True
GSE267552,BC12,DYNLT1,True
GSE267552,BC12,SYTL3,True
GSE267552,BC12,EZR,True
GSE267552,BC12,TAGAP,True
GSE267552,BC12,WTAP,True
GSE267552,BC12,PSMB1,True
GSE267552,BC12,RAC1,True
GSE267552,BC12,NDUFA4,True
GSE267552,BC12,TOMM7,True
GSE267552,BC12,CYCS,True
GSE267552,BC12,HNRNPA2B1,True
GSE267552,BC12,CBX3,True
GSE267552,BC12,TAX1BP1,True
GSE267552,BC12,HERPUD2,True
GSE267552,BC12,SEPTIN7,True
GSE267552,BC12,AOAH,True
GSE267552,BC12,TRG-AS1,True
GSE267552,BC12,STK17A,True
GSE267552,BC12,PPIA,True
GSE267552,BC12,H2AFV,True
GSE267552,BC12,IKZF1,True
GSE267552,BC12,SEC61G,True
GSE267552,BC12,EGFR,False
GSE267552,BC12,CHCHD2,True
GSE267552,BC12,SBDS,True
GSE267552,BC12,MDH2,True
GSE267552,BC12,HSPB1,True
GSE267552,BC12,SRI,True
GSE267552,BC12,AKAP9,True
GSE267552,BC12,SEM1,True
GSE267552,BC12,ARPC1B,True
GSE267552,BC12,ATP5MF,True
GSE267552,BC12,LAMTOR4,True
GSE267552,BC12,GNB2,True
GSE267552,BC12,FIS1,True
GSE267552,BC12,KMT2E,True
GSE267552,BC12,LSM8,True
GSE267552,BC12,ARF5,True
GSE267552,BC12,ZC3HAV1,True
GSE267552,BC12,NDUFB2,True
GSE267552,BC12,TRBV7-6,True
GSE267552,BC12,TRBV7-9,True
GSE267552,BC12,TRBV27,True
GSE267552,BC12,TRBC1,True
GSE267552,BC12,TRBC2,True
GSE267552,BC12,GSTK1,True
GSE267552,BC12,ZYX,True
GSE267552,BC12,GIMAP7,True
GSE267552,BC12,GIMAP4,True
GSE267552,BC12,GIMAP5,True
GSE267552,BC12,PCM1,True
GSE267552,BC12,DOK2,True
GSE267552,BC12,DUSP4,True
GSE267552,BC12,SARAF,True
GSE267552,BC12,LEPROTL1,True
GSE267552,BC12,NSD3,True
GSE267552,BC12,TCEA1,True
GSE267552,BC12,RPS20,True
GSE267552,BC12,SDCBP,True
GSE267552,BC12,PDE7A,True
GSE267552,BC12,SNHG6,True
GSE267552,BC12,TRAM1,True
GSE267552,BC12,RPL7,True
GSE267552,BC12,RBIS,True
GSE267552,BC12,UQCRB,True
GSE267552,BC12,MTDH,True
GSE267552,BC12,COX6C,True
GSE267552,BC12,RNF19A,True
GSE267552,BC12,PABPC1,True
GSE267552,BC12,YWHAZ,True
GSE267552,BC12,EIF3E,True
GSE267552,BC12,EIF3H,True
GSE267552,BC12,RAD21,True
GSE267552,BC12,NDUFB9,True
GSE267552,BC12,LINC00861,True
GSE267552,BC12,FAM49B,True
GSE267552,BC12,SLA,True
GSE267552,BC12,LY6E,True
GSE267552,BC12,EEF1D,True
GSE267552,BC12,VPS28,True
GSE267552,BC12,DOCK8,True
GSE267552,BC12,SMARCA2,True
GSE267552,BC12,VLDLR,False
GSE267552,BC12,CD274,False
GSE267552,BC12,PSIP1,True
GSE267552,BC12,RPS6,True
GSE267552,BC12,DNAJA1,True
GSE267552,BC12,VCP,True
GSE267552,BC12,TLN1,True
GSE267552,BC12,GLIPR2,True
GSE267552,BC12,TOMM5,True
GSE267552,BC12,ANXA1,True
GSE267552,BC12,OSTF1,True
GSE267552,BC12,HNRNPK,True
GSE267552,BC12,SEMA4D,True
GSE267552,BC12,ANP32B,True
GSE267552,BC12,SEC61B,True
GSE267552,BC12,TXN,True
GSE267552,BC12,PTBP3,True
GSE267552,BC12,AKNA,True
GSE267552,BC12,ATP6V1G1,True
GSE267552,BC12,STOM,True
GSE267552,BC12,RPL35,True
GSE267552,BC12,ARPC5L,True
GSE267552,BC12,HSPA5,True
GSE267552,BC12,C9orf16,True
GSE267552,BC12,SPTAN1,True
GSE267552,BC12,SET,True
GSE267552,BC12,C9orf78,True
GSE267552,BC12,FNBP1,True
GSE267552,BC12,EDF1,True
GSE267552,BC12,PAXX,True
GSE267552,BC12,MRPL41,True
GSE267552,BC12,KLF6,True
GSE267552,BC12,GDI2,True
GSE267552,BC12,ATP5F1C,True
GSE267552,BC12,CELF2,True
GSE267552,BC12,OPTN,True
GSE267552,BC12,FAM107B,True
GSE267552,BC12,VIM,True
GSE267552,BC12,AL133415.1,True
GSE267552,BC12,PIP4K2A,True
GSE267552,BC12,APBB1IP,True
GSE267552,BC12,EPC1,True
GSE267552,BC12,ITGB1,True
GSE267552,BC12,CREM,True
GSE267552,BC12,HNRNPF,True
GSE267552,BC12,DDX21,True
GSE267552,BC12,SRGN,True
GSE267552,BC12,PRF1,True
GSE267552,BC12,PSAP,True
GSE267552,BC12,SPOCK2,True
GSE267552,BC12,ANAPC16,True
GSE267552,BC12,DDIT4,True
GSE267552,BC12,VDAC2,True
GSE267552,BC12,ANXA11,True
GSE267552,BC12,GHITM,True
GSE267552,BC12,PGAM1,True
GSE267552,BC12,NDUFB8,True
GSE267552,BC12,OGA,True
GSE267552,BC12,ATP5MD,True
GSE267552,BC12,DUSP5,True
GSE267552,BC12,PDCD4,True
GSE267552,BC12,RGS10,True
GSE267552,BC12,BUB3,True
GSE267552,BC12,IFITM2,True
GSE267552,BC12,IFITM1,True
GSE267552,BC12,POLR2L,True
GSE267552,BC12,CTSD,True
GSE267552,BC12,LSP1,True
GSE267552,BC12,CD81,True
GSE267552,BC12,NAP1L4,True
GSE267552,BC12,RHOG,True
GSE267552,BC12,TRIM22,True
GSE267552,BC12,TAF10,True
GSE267552,BC12,EIF3F,True
GSE267552,BC12,RPL27A,True
GSE267552,BC12,EIF4G2,True
GSE267552,BC12,PSMA1,True
GSE267552,BC12,C11orf58,True
GSE267552,BC12,NUCB2,True
GSE267552,BC12,LDHA,True
GSE267552,BC12,EIF3M,True
GSE267552,BC12,CD44,True
GSE267552,BC12,UBE2L6,True
GSE267552,BC12,SELENOH,True
GSE267552,BC12,CD6,True
GSE267552,BC12,CD5,True
GSE267552,BC12,TMEM258,True
GSE267552,BC12,FTH1,True
GSE267552,BC12,AHNAK,True
GSE267552,BC12,EEF1G,True
GSE267552,BC12,UBXN1,True
GSE267552,BC12,SLC3A2,True
GSE267552,BC12,PLAAT4,True
GSE267552,BC12,COX8A,True
GSE267552,BC12,PPP1R14B,True
GSE267552,BC12,TRMT112,True
GSE267552,BC12,SF1,True
GSE267552,BC12,NEAT1,True
GSE267552,BC12,MALAT1,True
GSE267552,BC12,CFL1,True
GSE267552,BC12,CTSW,True
GSE267552,BC12,CCDC85B,True
GSE267552,BC12,DRAP1,True
GSE267552,BC12,SF3B2,True
GSE267552,BC12,RAB1B,True
GSE267552,BC12,POLD4,True
GSE267552,BC12,PPP1CA,True
GSE267552,BC12,TBC1D10C,True
GSE267552,BC12,PTPRCAP,True
GSE267552,BC12,CORO1B,True
GSE267552,BC12,GSTP1,True
GSE267552,BC12,DHCR7,False
GSE267552,BC12,UCP2,True
GSE267552,BC12,SPCS2,True
GSE267552,BC12,RSF1,True
GSE267552,BC12,NDUFC2,True
GSE267552,BC12,CTSC,True
GSE267552,BC12,TAF1D,True
GSE267552,BC12,BIRC3,True
GSE267552,BC12,CASP4,True
GSE267552,BC12,CARD16,True
GSE267552,BC12,ATM,True
GSE267552,BC12,NCAM1,False
GSE267552,BC12,IL10RA,True
GSE267552,BC12,CD3E,True
GSE267552,BC12,CD3D,True
GSE267552,BC12,CD3G,True
GSE267552,BC12,ATP5MG,True
GSE267552,BC12,KMT2A,True
GSE267552,BC12,DDX6,True
GSE267552,BC12,CRTAM,True
GSE267552,BC12,HSPA8,True
GSE267552,BC12,ETS1,True
GSE267552,BC12,WNK1,True
GSE267552,BC12,CCND2,True
GSE267552,BC12,CD27,True
GSE267552,BC12,GAPDH,True
GSE267552,BC12,LAG3,True
GSE267552,BC12,CD4,False
GSE267552,BC12,TPI1,True
GSE267552,BC12,C12orf57,True
GSE267552,BC12,PTPN6,True
GSE267552,BC12,SLC2A3,True
GSE267552,BC12,KLRG1,True
GSE267552,BC12,CLEC2D,True
GSE267552,BC12,CD69,True
GSE267552,BC12,CLEC2B,True
GSE267552,BC12,KLRD1,True
GSE267552,BC12,KLRK1,True
GSE267552,BC12,KLRC4,True
GSE267552,BC12,KLRC2,True
GSE267552,BC12,LINC02446,True
GSE267552,BC12,CDKN1B,True
GSE267552,BC12,ATF7IP,True
GSE267552,BC12,ARHGDIB,True
GSE267552,BC12,LDHB,True
GSE267552,BC12,RESF1,True
GSE267552,BC12,SCAF11,True
GSE267552,BC12,SLC38A1,True
GSE267552,BC12,SLC38A2,True
GSE267552,BC12,PCED1B,True
GSE267552,BC12,PCED1B-AS1,True
GSE267552,BC12,TUBA1B,True
GSE267552,BC12,TUBA1A,True
GSE267552,BC12,TMBIM6,True
GSE267552,BC12,LIMA1,False
GSE267552,BC12,DAZAP2,True
GSE267552,BC12,BIN2,True
GSE267552,BC12,NR4A1,True
GSE267552,BC12,EIF4B,True
GSE267552,BC12,PFDN5,True
GSE267552,BC12,PRR13,True
GSE267552,BC12,ATP5MC2,True
GSE267552,BC12,HNRNPA1,True
GSE267552,BC12,BLOC1S1,True
GSE267552,BC12,CD63,True
GSE267552,BC12,PA2G4,True
GSE267552,BC12,MYL6,True
GSE267552,BC12,ATP5F1B,True
GSE267552,BC12,PTGES3,True
GSE267552,BC12,NACA,True
GSE267552,BC12,ARHGAP9,True
GSE267552,BC12,USP15,True
GSE267552,BC12,TMBIM4,True
GSE267552,BC12,IFNG,True
GSE267552,BC12,RAP1B,True
GSE267552,BC12,GLIPR1,True
GSE267552,BC12,NAP1L1,True
GSE267552,BC12,PPP1R12A,True
GSE267552,BC12,AC025164.1,True
GSE267552,BC12,SLC25A3,True
GSE267552,BC12,HSP90B1,True
GSE267552,BC12,C12orf75,True
GSE267552,BC12,ISCU,True
GSE267552,BC12,SELPLG,True
GSE267552,BC12,ARPC3,True
GSE267552,BC12,ERP29,True
GSE267552,BC12,PEBP1,True
GSE267552,BC12,RPLP0,True
GSE267552,BC12,COX6A1,True
GSE267552,BC12,SRSF9,True
GSE267552,BC12,DYNLL1,True
GSE267552,BC12,OASL,True
GSE267552,BC12,RSRC2,True
GSE267552,BC12,ARL6IP4,True
GSE267552,BC12,UBC,True
GSE267552,BC12,RAN,True
GSE267552,BC12,MPHOSPH8,True
GSE267552,BC12,SAP18,True
GSE267552,BC12,MRPL57,True
GSE267552,BC12,RPL21,True
GSE267552,BC12,GTF3A,True
GSE267552,BC12,POMP,True
GSE267552,BC12,HMGB1,True
GSE267552,BC12,ALOX5AP,True
GSE267552,BC12,HSPH1,True
GSE267552,BC12,N4BP2L2,True
GSE267552,BC12,ELF1,True
GSE267552,BC12,RGCC,True
GSE267552,BC12,TPT1,True
GSE267552,BC12,LCP1,True
GSE267552,BC12,ITM2B,True
GSE267552,BC12,COMMD6,True
GSE267552,BC12,MYCBP2,True
GSE267552,BC12,GPR183,True
GSE267552,BC12,ARGLU1,True
GSE267552,BC12,LAMP1,True
GSE267552,BC12,HNRNPC,True
GSE267552,BC12,TRAC,True
GSE267552,BC12,DAD1,True
GSE267552,BC12,PABPN1,True
GSE267552,BC12,PSME1,True
GSE267552,BC12,PSME2,True
GSE267552,BC12,NEDD8,True
GSE267552,BC12,GZMH,True
GSE267552,BC12,GZMB,True
GSE267552,BC12,SNX6,True
GSE267552,BC12,FAM177A1,True
GSE267552,BC12,PSMA6,True
GSE267552,BC12,NFKBIA,True
GSE267552,BC12,PNN,True
GSE267552,BC12,RPL36AL,True
GSE267552,BC12,ARF6,True
GSE267552,BC12,GNG2,True
GSE267552,BC12,RTRAF,True
GSE267552,BC12,LGALS3,True
GSE267552,BC12,KTN1,True
GSE267552,BC12,DHRS7,True
GSE267552,BC12,PRKCH,True
GSE267552,BC12,HIF1A,True
GSE267552,BC12,SYNE2,True
GSE267552,BC12,CHURC1,True
GSE267552,BC12,ZFP36L1,True
GSE267552,BC12,SRSF5,True
GSE267552,BC12,RBM25,True
GSE267552,BC12,TMED10,True
GSE267552,BC12,FOS,True
GSE267552,BC12,CALM1,True
GSE267552,BC12,TC2N,True
GSE267552,BC12,NDUFB1,True
GSE267552,BC12,DDX24,True
GSE267552,BC12,PAPOLA,True
GSE267552,BC12,BCL11B,True
GSE267552,BC12,EVL,True
GSE267552,BC12,PPP2R5C,True
GSE267552,BC12,HSP90AA1,True
GSE267552,BC12,EIF5,True
GSE267552,BC12,ATP5MPL,True
GSE267552,BC12,CRIP1,True
GSE267552,BC12,SNRPN,True
GSE267552,BC12,NSMCE3,True
GSE267552,BC12,KLF13,True
GSE267552,BC12,SRP14,True
GSE267552,BC12,PDIA3,True
GSE267552,BC12,SERF2,True
GSE267552,BC12,EID1,True
GSE267552,BC12,TMOD3,True
GSE267552,BC12,VPS13C,True
GSE267552,BC12,RPS27L,True
GSE267552,BC12,RAB8B,True
GSE267552,BC12,PPIB,True
GSE267552,BC12,RPL4,True
GSE267552,BC12,PKM,True
GSE267552,BC12,CSK,True
GSE267552,BC12,COX5A,True
GSE267552,BC12,MORF4L1,True
GSE267552,BC12,IL16,True
GSE267552,BC12,RPS17,True
GSE267552,BC12,AKAP13,True
GSE267552,BC12,ISG20,True
GSE267552,BC12,IDH2,True
GSE267552,BC12,CIB1,True
GSE267552,BC12,IQGAP1,True
GSE267552,BC12,LINC01578,True
GSE267552,BC12,UBE2I,True
GSE267552,BC12,NDUFB10,True
GSE267552,BC12,ATP6V0C,True
GSE267552,BC12,SRRM2,True
GSE267552,BC12,ELOB,True
GSE267552,BC12,IL32,True
GSE267552,BC12,SOCS1,True
GSE267552,BC12,LITAF,True
GSE267552,BC12,GSPT1,True
GSE267552,BC12,ARL6IP1,True
GSE267552,BC12,RBBP6,True
GSE267552,BC12,CD19,False
GSE267552,BC12,LAT,True
GSE267552,BC12,ALDOA,True
GSE267552,BC12,YPEL3,True
GSE267552,BC12,CORO1A,True
GSE267552,BC12,SEPTIN1,True
GSE267552,BC12,FUS,True
GSE267552,BC12,RBL2,True
GSE267552,BC12,MT2A,True
GSE267552,BC12,HERPUD1,True
GSE267552,BC12,CKLF,True
GSE267552,BC12,CIAO2B,True
GSE267552,BC12,PSMB10,True
GSE267552,BC12,GABARAPL2,True
GSE267552,BC12,TERF2IP,True
GSE267552,BC12,COTL1,True
GSE267552,BC12,COX4I1,True
GSE267552,BC12,MAP1LC3B,True
GSE267552,BC12,CYBA,True
GSE267552,BC12,APRT,True
GSE267552,BC12,ANKRD11,True
GSE267552,BC12,TCF25,True
GSE267552,BC12,ITGAE,False
GSE267552,BC12,PFN1,True
GSE267552,BC12,RNASEK,True
GSE267552,BC12,GABARAP,True
GSE267552,BC12,EIF5A,True
GSE267552,BC12,ACAP1,True
GSE267552,BC12,EIF4A1,True
GSE267552,BC12,TRAPPC1,True
GSE267552,BC12,VAMP2,True
GSE267552,BC12,NCOR1,True
GSE267552,BC12,UBB,True
GSE267552,BC12,SNHG29,True
GSE267552,BC12,WSB1,True
GSE267552,BC12,RPL23A,True
GSE267552,BC12,EVI2B,True
GSE267552,BC12,SLFN5,True
GSE267552,BC12,CCL5,True
GSE267552,BC12,CCL4,True
GSE267552,BC12,CCL4L2,True
GSE267552,BC12,SYNRG,True
GSE267552,BC12,PSMB3,True
GSE267552,BC12,RPL23,True
GSE267552,BC12,ERBB2,False
GSE267552,BC12,IKZF3,True
GSE267552,BC12,KRT10,True
GSE267552,BC12,EIF1,True
GSE267552,BC12,STAT3,True
GSE267552,BC12,RPL27,True
GSE267552,BC12,SKAP1,True
GSE267552,BC12,TOB1,True
GSE267552,BC12,NME2,True
GSE267552,BC12,LIMD2,True
GSE267552,BC12,ERN1,True
GSE267552,BC12,DDX5,True
GSE267552,BC12,PITPNC1,True
GSE267552,BC12,PRKAR1A,True
GSE267552,BC12,RPL38,True
GSE267552,BC12,SLC9A3R1,True
GSE267552,BC12,FDXR,False
GSE267552,BC12,ATP5PD,True
GSE267552,BC12,JPT1,True
GSE267552,BC12,SUMO2,True
GSE267552,BC12,H3F3B,True
GSE267552,BC12,UBALD2,True
GSE267552,BC12,SRSF2,True
GSE267552,BC12,SEPTIN9,True
GSE267552,BC12,RNF213,True
GSE267552,BC12,ACTG1,True
GSE267552,BC12,P4HB,True
GSE267552,BC12,ARHGDIA,True
GSE267552,BC12,CD7,True
GSE267552,BC12,METRNL,True
GSE267552,BC12,SMCHD1,True
GSE267552,BC12,MYL12A,True
GSE267552,BC12,MYL12B,True
GSE267552,BC12,NDUFV2,True
GSE267552,BC12,ANKRD12,True
GSE267552,BC12,ROCK1,True
GSE267552,BC12,TTC39C,True
GSE267552,BC12,ATP5F1A,True
GSE267552,BC12,RPL17,True
GSE267552,BC12,MBP,True
GSE267552,BC12,GZMM,True
GSE267552,BC12,BSG,True
GSE267552,BC12,CNN2,True
GSE267552,BC12,GPX4,True
GSE267552,BC12,ATP5F1D,True
GSE267552,BC12,CIRBP,True
GSE267552,BC12,UQCR11,True
GSE267552,BC12,ABHD17A,True
GSE267552,BC12,OAZ1,True
GSE267552,BC12,LSM7,True
GSE267552,BC12,GADD45B,True
GSE267552,BC12,TLE5,True
GSE267552,BC12,EEF2,True
GSE267552,BC12,MAP2K2,True
GSE267552,BC12,NDUFA11,True
GSE267552,BC12,TNFSF9,True
GSE267552,BC12,PET100,True
GSE267552,BC12,HNRNPM,True
GSE267552,BC12,UBL5,True
GSE267552,BC12,SHFL,True
GSE267552,BC12,EIF3G,True
GSE267552,BC12,ICAM3,True
GSE267552,BC12,CDC37,True
GSE267552,BC12,WDR83OS,True
GSE267552,BC12,TRIR,True
GSE267552,BC12,JUNB,True
GSE267552,BC12,CALR,True
GSE267552,BC12,IER2,True
GSE267552,BC12,C19orf53,True
GSE267552,BC12,ADGRE5,True
GSE267552,BC12,DNAJB1,True
GSE267552,BC12,TECR,True
GSE267552,BC12,RASAL3,True
GSE267552,BC12,KLF2,True
GSE267552,BC12,BST2,True
GSE267552,BC12,JUND,True
GSE267552,BC12,FKBP8,True
GSE267552,BC12,UBA52,True
GSE267552,BC12,REX1BD,True
GSE267552,BC12,COPE,True
GSE267552,BC12,NDUFA13,True
GSE267552,BC12,LSM14A,True
GSE267552,BC12,GPI,True
GSE267552,BC12,FXYD5,True
GSE267552,BC12,COX6B1,True
GSE267552,BC12,HCST,True
GSE267552,BC12,CAPNS1,True
GSE267552,BC12,EIF3K,True
GSE267552,BC12,ACTN4,True
GSE267552,BC12,ECH1,True
GSE267552,BC12,HNRNPL,True
GSE267552,BC12,GMFG,True
GSE267552,BC12,ZFP36,True
GSE267552,BC12,RPS16,True
GSE267552,BC12,SERTAD1,True
GSE267552,BC12,TGFB1,True
GSE267552,BC12,RPS19,True
GSE267552,BC12,ARHGEF1,True
GSE267552,BC12,RABAC1,True
GSE267552,BC12,FOSB,True
GSE267552,BC12,SNRPD2,True
GSE267552,BC12,CALM3,True
GSE267552,BC12,NOP53,True
GSE267552,BC12,SELENOW,True
GSE267552,BC12,EMP3,True
GSE267552,BC12,PPP1R15A,True
GSE267552,BC12,BAX,True
GSE267552,BC12,FTL,True
GSE267552,BC12,CD37,True
GSE267552,BC12,RPL13A,True
GSE267552,BC12,RPS11,True
GSE267552,BC12,NKG7,True
GSE267552,BC12,ZNF331,True
GSE267552,BC12,NDUFA3,True
GSE267552,BC12,RPS9,True
GSE267552,BC12,UBE2S,True
GSE267552,BC12,RPS5,True
GSE267552,BC12,SNRPB,True
GSE267552,BC12,TMX4,True
GSE267552,BC12,CST7,True
GSE267552,BC12,APMAP,True
GSE267552,BC12,RALY,True
GSE267552,BC12,EIF2S2,True
GSE267552,BC12,ROMO1,True
GSE267552,BC12,RBM39,True
GSE267552,BC12,SCAND1,True
GSE267552,BC12,SAMHD1,True
GSE267552,BC12,YWHAB,True
GSE267552,BC12,STK4,True
GSE267552,BC12,PREX1,True
GSE267552,BC12,ZFAS1,True
GSE267552,BC12,UBE2V1,True
GSE267552,BC12,NFATC2,True
GSE267552,BC12,RBM38,True
GSE267552,BC12,GNAS,True
GSE267552,BC12,ATP5F1E,True
GSE267552,BC12,PSMA7,True
GSE267552,BC12,PPDPF,True
GSE267552,BC12,LIME1,True
GSE267552,BC12,SAMSN1,True
GSE267552,BC12,ATP5PF,True
GSE267552,BC12,SOD1,True
GSE267552,BC12,SON,True
GSE267552,BC12,ATP5PO,True
GSE267552,BC12,MRPS6,True
GSE267552,BC12,HMGN1,True
GSE267552,BC12,MX1,True
GSE267552,BC12,ABCG1,False
GSE267552,BC12,CSTB,True
GSE267552,BC12,ITGB2,True
GSE267552,BC12,PRMT2,True
GSE267552,BC12,CHCHD10,True
GSE267552,BC12,MIF,True
GSE267552,BC12,EWSR1,True
GSE267552,BC12,UQCR10,True
GSE267552,BC12,PIK3IP1,True
GSE267552,BC12,MYH9,True
GSE267552,BC12,RAC2,True
GSE267552,BC12,LGALS1,True
GSE267552,BC12,DDX17,True
GSE267552,BC12,SUN2,True
GSE267552,BC12,APOBEC3G,True
GSE267552,BC12,RPL3,True
GSE267552,BC12,ST13,True
GSE267552,BC12,XRCC6,True
GSE267552,BC12,SNU13,True
GSE267552,BC12,SMDT1,True
GSE267552,BC12,TSPO,True
GSE267552,BC12,SLC25A6,True
GSE267552,BC12,CD99,True
GSE267552,BC12,SH3KBP1,True
GSE267552,BC12,EIF1AX,True
GSE267552,BC12,SAT1,True
GSE267552,BC12,DDX3X,True
GSE267552,BC12,NDUFB11,True
GSE267552,BC12,UXT,True
GSE267552,BC12,RBM3,True
GSE267552,BC12,WAS,True
GSE267552,BC12,PLP2,True
GSE267552,BC12,TSPYL2,True
GSE267552,BC12,MSN,True
GSE267552,BC12,IL2RG,True
GSE267552,BC12,CXCR3,True
GSE267552,BC12,ATRX,True
GSE267552,BC12,COX7B,True
GSE267552,BC12,PGK1,True
GSE267552,BC12,ITM2A,True
GSE267552,BC12,SH3BGRL,True
GSE267552,BC12,RPL36A,True
GSE267552,BC12,TSC22D3,True
GSE267552,BC12,SLC25A5,True
GSE267552,BC12,SEPTIN6,True
GSE267552,BC12,NDUFA1,True
GSE267552,BC12,SH2D1A,True
GSE267552,BC12,RBMX,True
GSE267552,BC12,IDS,True
GSE267552,BC12,NSDHL,False
GSE267552,BC12,BCAP31,True
GSE267552,BC12,SSR4,True
GSE267552,BC12,FLNA,True
GSE267552,BC12,EMD,True
GSE267552,BC12,G6PD,False
GSE267552,BC12,MT-ND1,True
GSE267552,BC12,MT-ND2,True
GSE267552,BC12,MT-CO1,True
GSE267552,BC12,MT-CO2,True
GSE267552,BC12,MT-ATP8,True
GSE267552,BC12,MT-ATP6,True
GSE267552,BC12,MT-CO3,True
GSE267552,BC12,MT-ND3,True
GSE267552,BC12,MT-ND4L,True
GSE267552,BC12,MT-ND4,True
GSE267552,BC12,MT-ND5,True
GSE267552,BC12,MT-ND6,True
GSE267552,BC12,MT-CYB,True
