source_cohort,held_out_donor,gene,scaler_scale
GSE199219,CID3838,ISG15,1.1298923899915727
GSE199219,CID3838,TNFRSF18,0.8276043079337551
GSE199219,CID3838,TNFRSF4,0.7900300241845291
GSE199219,CID3838,RPL22,0.8366110680834024
GSE199219,CID3838,PARK7,0.8758411342668808
GSE199219,CID3838,ENO1,0.8704926944787565
GSE199219,CID3838,TNFRSF1B,0.7481319626968789
GSE199219,CID3838,PRDM2,0.7031915057398461
GSE199219,CID3838,CAPZB,0.7925348995525965
GSE199219,CID3838,MINOS1,0.742391392932721
GSE199219,CID3838,HP1BP3,0.721823672875769
GSE199219,CID3838,CDC42,0.8628479633948386
GSE199219,CID3838,ID3,0.7366999987065809
GSE199219,CID3838,RPL11,0.7004286280739953
GSE199219,CID3838,PITHD1,0.6990296798329476
GSE199219,CID3838,SRSF10,0.7206074431630349
GSE199219,CID3838,RCAN3,0.7018248757385486
GSE199219,CID3838,SRRM1,0.8243978871794669
GSE199219,CID3838,RUNX3,0.8744796988447476
GSE199219,CID3838,SYF2,0.7381763784290221
GSE199219,CID3838,RSRP1,0.9570693503665592
GSE199219,CID3838,TMEM50A,0.7656231968973759
GSE199219,CID3838,STMN1,0.7717321449397937
GSE199219,CID3838,SH3BGRL3,0.9638045314258953
GSE199219,CID3838,CD52,1.0122812060868336
GSE199219,CID3838,HMGN2,0.8854019418923169
GSE199219,CID3838,IFI6,0.9696498052275913
GSE199219,CID3838,ATP5IF1,0.761939171100299
GSE199219,CID3838,SNHG12,0.8327666686982669
GSE199219,CID3838,LAPTM5,0.8926722297080684
GSE199219,CID3838,PTP4A2,0.7852630876094361
GSE199219,CID3838,LCK,0.8352492756851128
GSE199219,CID3838,MARCKSL1,0.8346294241279746
GSE199219,CID3838,SFPQ,0.9238115120219872
GSE199219,CID3838,NDUFS5,0.8575796480827843
GSE199219,CID3838,MACF1,0.712253159759955
GSE199219,CID3838,CAP1,0.7583864520391695
GSE199219,CID3838,SMAP2,0.7965176565560743
GSE199219,CID3838,YBX1,0.8887805143173314
GSE199219,CID3838,RPS8,0.7668043646375623
GSE199219,CID3838,PLK3,0.7795062287897366
GSE199219,CID3838,PRDX1,0.923588616052545
GSE199219,CID3838,NASP,0.8677686418138203
GSE199219,CID3838,UQCRH,0.8351697049389671
GSE199219,CID3838,TMEM59,0.8029595026392806
GSE199219,CID3838,DHCR24,0.10279666656656232
GSE199219,CID3838,JUN,1.4120192383920416
GSE199219,CID3838,JAK1,0.7796907565822521
GSE199219,CID3838,PDE4B,0.8093810310594528
GSE199219,CID3838,SERBP1,0.8064694653865665
GSE199219,CID3838,GADD45A,0.8501996708707213
GSE199219,CID3838,SRSF11,0.8162214205384555
GSE199219,CID3838,IFI44L,0.7066641471877604
GSE199219,CID3838,GNG5,0.767963165383691
GSE199219,CID3838,ODF2L,0.7391568234181509
GSE199219,CID3838,GTF2B,0.8700230508384278
GSE199219,CID3838,GBP2,0.7381697981237296
GSE199219,CID3838,GBP5,0.70184605328659
GSE199219,CID3838,RPL5,0.85896514778
GSE199219,CID3838,DNTTIP2,0.6889357376371668
GSE199219,CID3838,PRPF38B,0.856991248426581
GSE199219,CID3838,CD53,0.8781933469209398
GSE199219,CID3838,RAP1A,0.7495933491664075
GSE199219,CID3838,CAPZA1,0.7242560910594457
GSE199219,CID3838,PTPN22,0.8013627962041455
GSE199219,CID3838,BCAS2,0.8227633310041713
GSE199219,CID3838,CSDE1,0.7345872397461332
GSE199219,CID3838,ATP1A1,0.8112807414907219
GSE199219,CID3838,CD2,0.994160149721923
GSE199219,CID3838,TENT5C,0.7379580216383452
GSE199219,CID3838,HMGCS2,1.0
GSE199219,CID3838,RBM8A,0.8475128720317979
GSE199219,CID3838,TXNIP,1.3163778834719138
GSE199219,CID3838,MRPS21,0.6886089287342501
GSE199219,CID3838,MCL1,1.0338937761739546
GSE199219,CID3838,ENSA,0.6982258067200935
GSE199219,CID3838,S100A10,1.023234955935006
GSE199219,CID3838,S100A11,1.033011244320111
GSE199219,CID3838,S100A6,0.9943562349049497
GSE199219,CID3838,S100A4,1.1961468435501372
GSE199219,CID3838,JTB,0.7529429838493136
GSE199219,CID3838,RPS27,0.6907078089958926
GSE199219,CID3838,TPM3,0.8653081975373837
GSE199219,CID3838,PBXIP1,0.7222441023772369
GSE199219,CID3838,FDPS,0.5324192038972937
GSE199219,CID3838,ASH1L,0.6956700319419284
GSE199219,CID3838,SSR2,0.8222212907259803
GSE199219,CID3838,LMNA,1.3336507536695217
GSE199219,CID3838,CCT3,0.6980809960591485
GSE199219,CID3838,IFI16,0.8359264304564759
GSE199219,CID3838,TAGLN2,0.9167278373676014
GSE199219,CID3838,CD48,0.9193957866142204
GSE199219,CID3838,TSTD1,0.7202696003724287
GSE199219,CID3838,UFC1,0.7021448180210589
GSE199219,CID3838,HSPA6,0.7298116096224277
GSE199219,CID3838,HSD17B7,0.34394858011885593
GSE199219,CID3838,CD247,0.8302214021838769
GSE199219,CID3838,XCL2,0.8243793079388883
GSE199219,CID3838,XCL1,0.7502945863029814
GSE199219,CID3838,PRRC2C,0.8608888887786771
GSE199219,CID3838,PRDX6,0.6925332988501951
GSE199219,CID3838,CACYBP,0.8622733286172329
GSE199219,CID3838,IER5,0.9520597803961706
GSE199219,CID3838,ARPC5,0.7455667399229772
GSE199219,CID3838,IVNS1ABP,0.77413644798446
GSE199219,CID3838,TPR,0.7183143495747387
GSE199219,CID3838,RGS1,1.3192834939977256
GSE199219,CID3838,RGS2,0.9614312622895893
GSE199219,CID3838,PTPRC,0.8721440746910365
GSE199219,CID3838,PTPN7,0.7141646213863164
GSE199219,CID3838,BTG2,1.0307638725653556
GSE199219,CID3838,NUCKS1,0.7333149829396517
GSE199219,CID3838,CD55,0.8463956621155364
GSE199219,CID3838,TRAF3IP3,0.7239386754241752
GSE199219,CID3838,ATF3,0.9360493743298468
GSE199219,CID3838,H3F3A,0.8695481737095333
GSE199219,CID3838,ARF1,0.7878904979416548
GSE199219,CID3838,GUK1,0.8477301336953067
GSE199219,CID3838,TOMM20,0.7920014515851947
GSE199219,CID3838,ARID4B,0.8642036190280606
GSE199219,CID3838,LYST,0.7004823205121321
GSE199219,CID3838,HNRNPU,0.8903703165871798
GSE199219,CID3838,RPS7,0.7261244531680083
GSE199219,CID3838,ID2,1.1373978328282939
GSE199219,CID3838,YWHAQ,0.823480774580369
GSE199219,CID3838,ODC1,0.9526840180289846
GSE199219,CID3838,PDIA6,0.6917847242787241
GSE199219,CID3838,OST4,0.8610840645423528
GSE199219,CID3838,FOSL2,0.8344965363621724
GSE199219,CID3838,PPP1CB,0.8421713050387827
GSE199219,CID3838,YPEL5,1.065089904936861
GSE199219,CID3838,LBH,0.794822075914731
GSE199219,CID3838,SRSF7,0.9211895774329181
GSE199219,CID3838,EML4,0.8027151552978679
GSE199219,CID3838,COX7A2L,0.6913667845891165
GSE199219,CID3838,ZFP36L2,1.154353691174139
GSE199219,CID3838,CALM2,0.9752002083117652
GSE199219,CID3838,EPCAM,0.11140664157960666
GSE199219,CID3838,RTN4,0.7084325545520779
GSE199219,CID3838,REL,1.0803300558685043
GSE199219,CID3838,CCT4,0.7146373299082017
GSE199219,CID3838,UGP2,0.7313065997259334
GSE199219,CID3838,ACTR2,0.7644858244257211
GSE199219,CID3838,AAK1,0.7735228877212791
GSE199219,CID3838,PCBP1,0.7754295176639661
GSE199219,CID3838,SNRPG,0.7374453594196931
GSE199219,CID3838,TMSB10,0.7375867040373484
GSE199219,CID3838,MAT2A,0.6936926642169879
GSE199219,CID3838,VAMP8,0.7699336835559825
GSE199219,CID3838,GNLY,1.156438977658518
GSE199219,CID3838,CD8A,0.9170837459473749
GSE199219,CID3838,CD8B,0.7561898312875651
GSE199219,CID3838,CYTOR,0.7454305650100339
GSE199219,CID3838,IGKC,0.7103756655052191
GSE199219,CID3838,DUSP2,1.2284613008022993
GSE199219,CID3838,ARID5A,0.7336260415586536
GSE199219,CID3838,COX5B,0.8082243813962184
GSE199219,CID3838,RPL31,0.880184357307198
GSE199219,CID3838,GCC2,0.7889403501049168
GSE199219,CID3838,LIMS1,0.6958402753655013
GSE199219,CID3838,ACTR3,0.7889480894037401
GSE199219,CID3838,DDX18,0.7375381744320908
GSE199219,CID3838,DBI,0.8081229724739889
GSE199219,CID3838,GYPC,0.776727750533125
GSE199219,CID3838,MZT2B,0.8446120731080512
GSE199219,CID3838,MZT2A,0.7470943338528019
GSE199219,CID3838,UBXN4,0.737531316467293
GSE199219,CID3838,CXCR4,1.2693462286860735
GSE199219,CID3838,ARHGAP15,0.7168747820545793
GSE199219,CID3838,ZEB2,0.7542515253553729
GSE199219,CID3838,NR4A2,1.190811046270314
GSE199219,CID3838,CYTIP,0.9606397717239299
GSE199219,CID3838,TANK,0.8393092804838773
GSE199219,CID3838,PPIG,0.7661989942428185
GSE199219,CID3838,WIPF1,0.7735272830860684
GSE199219,CID3838,ATP5MC3,0.7007563984075855
GSE199219,CID3838,HNRNPA3,0.7712257370647648
GSE199219,CID3838,NFE2L2,0.8090804570374401
GSE199219,CID3838,ORMDL1,0.723911521821365
GSE199219,CID3838,GLS,0.8014909068799141
GSE199219,CID3838,STAT1,0.778605738704203
GSE199219,CID3838,NABP1,0.7694163929557656
GSE199219,CID3838,STK17B,0.8952296470828721
GSE199219,CID3838,ANKRD44,0.6902295572158409
GSE199219,CID3838,SF3B1,0.7705126314906309
GSE199219,CID3838,HSPD1,1.1162158673840377
GSE199219,CID3838,HSPE1,1.1351924371385764
GSE199219,CID3838,BZW1,0.7618080874595478
GSE199219,CID3838,CLK1,0.8529579981971368
GSE199219,CID3838,CFLAR,0.8130969463109451
GSE199219,CID3838,SUMO1,0.7383880935333603
GSE199219,CID3838,NOP58,0.7108059118276229
GSE199219,CID3838,CTLA4,0.8956929417790258
GSE199219,CID3838,ICOS,0.9330176342724837
GSE199219,CID3838,EEF1B2,0.903745301595853
GSE199219,CID3838,XRCC5,0.6897610397067737
GSE199219,CID3838,RPL37A,0.7589085050859574
GSE199219,CID3838,ARPC2,0.9156506430737952
GSE199219,CID3838,TUBA4A,0.9939311928900458
GSE199219,CID3838,SP100,0.7975695919983827
GSE199219,CID3838,ITM2C,0.6883308032245831
GSE199219,CID3838,NCL,0.9212190516240522
GSE199219,CID3838,ARL4C,1.02070161890269
GSE199219,CID3838,LRRFIP1,0.8641693656902651
GSE199219,CID3838,PDCD1,0.4833806381996784
GSE199219,CID3838,ARPC4,0.7175890553593712
GSE199219,CID3838,BRK1,0.7592248910546388
GSE199219,CID3838,RPL32,0.7137391711097615
GSE199219,CID3838,ANKRD28,0.8214372903432748
GSE199219,CID3838,RPL15,0.7223748706818767
GSE199219,CID3838,GOLGA4,0.7496607077386565
GSE199219,CID3838,CSRNP1,0.8076230313352022
GSE199219,CID3838,RPSA,0.825584938562808
GSE199219,CID3838,EIF1B,0.7064781519084747
GSE199219,CID3838,RPL14,0.7301083161609142
GSE199219,CID3838,NKTR,0.8434084478528322
GSE199219,CID3838,TMA7,0.850841105918949
GSE199219,CID3838,RHOA,0.85991981072537
GSE199219,CID3838,GNAI2,0.838225652290396
GSE199219,CID3838,RPL29,0.7511784746839698
GSE199219,CID3838,SPCS1,0.8002948448053887
GSE199219,CID3838,SELENOK,1.0352412279778933
GSE199219,CID3838,ARF4,0.7484639914650608
GSE199219,CID3838,ARL6IP5,0.8891862063447558
GSE199219,CID3838,FOXP1,0.7896366893554234
GSE199219,CID3838,MTRNR2L12,1.0628481733401947
GSE199219,CID3838,CLDND1,0.7149063930101514
GSE199219,CID3838,RPL24,0.7301380015231921
GSE199219,CID3838,NFKBIZ,0.8498461740566092
GSE199219,CID3838,CD47,0.7407149662916738
GSE199219,CID3838,TRAT1,0.69945283948058
GSE199219,CID3838,CD96,0.7842163561556827
GSE199219,CID3838,TIGIT,0.872500023653258
GSE199219,CID3838,NDUFB4,0.7055718875300975
GSE199219,CID3838,HCLS1,0.7118877966000877
GSE199219,CID3838,GOLGB1,0.8663681600459814
GSE199219,CID3838,CNBP,0.8157060638858843
GSE199219,CID3838,H1FX,0.9370378994584146
GSE199219,CID3838,CDV3,0.7476020507172929
GSE199219,CID3838,ATP1B3,0.9845355376335961
GSE199219,CID3838,SERP1,0.8593951992885047
GSE199219,CID3838,GPR171,0.7208857412658385
GSE199219,CID3838,MBNL1,0.8518284359463801
GSE199219,CID3838,DHX36,0.772049594526771
GSE199219,CID3838,TIPARP,0.7736617160465015
GSE199219,CID3838,CCNL1,0.9122987163879087
GSE199219,CID3838,SEC62,0.7069180263500991
GSE199219,CID3838,SKIL,0.7150660772983152
GSE199219,CID3838,RPL22L1,0.8331949904926004
GSE199219,CID3838,TRA2B,0.8224817978933084
GSE199219,CID3838,EIF4A2,0.9147686603203786
GSE199219,CID3838,PPP1R2,0.8949817827363318
GSE199219,CID3838,RPL35A,0.7576190239424038
GSE199219,CID3838,MXD4,0.687592423624349
GSE199219,CID3838,LYAR,0.7208923839915876
GSE199219,CID3838,MRFAP1,0.6945270334163415
GSE199219,CID3838,BOD1L1,0.7012301267202032
GSE199219,CID3838,RBPJ,0.8388132533291724
GSE199219,CID3838,RPL9,0.7517522790429864
GSE199219,CID3838,RHOH,0.9480857108708561
GSE199219,CID3838,OCIAD2,0.7916261305736654
GSE199219,CID3838,HOPX,0.7823603436429181
GSE199219,CID3838,AREG,1.0287805068733396
GSE199219,CID3838,G3BP2,0.8268576913419091
GSE199219,CID3838,CCNI,0.8978556246674738
GSE199219,CID3838,CXCL13,0.937812678474897
GSE199219,CID3838,CNOT6L,0.8814070336813554
GSE199219,CID3838,HNRNPDL,0.8651690223062061
GSE199219,CID3838,H2AFZ,1.0544911909522294
GSE199219,CID3838,UBE2D3,0.8645199573706377
GSE199219,CID3838,RPL34,0.7301746473083139
GSE199219,CID3838,SNHG8,0.8520873832468338
GSE199219,CID3838,C4orf3,0.7608246171658425
GSE199219,CID3838,ANXA5,0.7365317273870085
GSE199219,CID3838,RPS3A,0.7536374758785835
GSE199219,CID3838,HMGB2,0.9429811691523263
GSE199219,CID3838,ANKRD37,0.7431399298463551
GSE199219,CID3838,SUB1,0.9534575313028835
GSE199219,CID3838,IL7R,1.3399608120356552
GSE199219,CID3838,FYB1,0.9005448720529998
GSE199219,CID3838,PTGER4,0.8600853585345899
GSE199219,CID3838,PRKAA1,0.4595366301435495
GSE199219,CID3838,RPL37,0.7368186350584838
GSE199219,CID3838,EMB,0.7546671960295868
GSE199219,CID3838,PARP8,0.693158528690158
GSE199219,CID3838,GZMK,1.337936653953426
GSE199219,CID3838,GZMA,1.3094376481057195
GSE199219,CID3838,GPBP1,0.869493551593605
GSE199219,CID3838,PIK3R1,0.865461533975737
GSE199219,CID3838,BTF3,0.8397919685442277
GSE199219,CID3838,NSA2,0.7630480185178128
GSE199219,CID3838,TBCA,0.7591596959559793
GSE199219,CID3838,RPS23,0.702747576440082
GSE199219,CID3838,COX7C,0.8569281138141877
GSE199219,CID3838,CCNH,0.7444924027911117
GSE199219,CID3838,CAST,0.7747174739057883
GSE199219,CID3838,CHD1,0.7724790961414848
GSE199219,CID3838,REEP5,0.7535405940432189
GSE199219,CID3838,TNFAIP8,0.7600275725592378
GSE199219,CID3838,HINT1,0.890778363309323
GSE199219,CID3838,CDC42SE2,0.8309156473723116
GSE199219,CID3838,IRF1,0.989808661036312
GSE199219,CID3838,UQCRQ,0.69542340574404
GSE199219,CID3838,TCF7,0.6902336829659343
GSE199219,CID3838,SKP1,0.8627150066964515
GSE199219,CID3838,UBE2B,0.7736764808633217
GSE199219,CID3838,HNRNPA0,0.8047568032873019
GSE199219,CID3838,EGR1,0.8876266744273059
GSE199219,CID3838,PAIP2,0.7728847670340772
GSE199219,CID3838,UBE2D2,0.7857710833822927
GSE199219,CID3838,CD14,0.1609218173382598
GSE199219,CID3838,TAF7,0.726456212567537
GSE199219,CID3838,NDFIP1,0.7618417748023734
GSE199219,CID3838,NR3C1,0.8256051590665209
GSE199219,CID3838,CSNK1A1,0.723275604105368
GSE199219,CID3838,CD74,1.0845331551800963
GSE199219,CID3838,RPS14,0.7473660041536943
GSE199219,CID3838,ANXA6,0.6897574982781606
GSE199219,CID3838,ITK,0.6941545789870959
GSE199219,CID3838,NPM1,0.934462325943296
GSE199219,CID3838,DUSP1,1.1532526910945775
GSE199219,CID3838,ATP6V0E1,0.8320071719655826
GSE199219,CID3838,CREBRF,0.6877908556363475
GSE199219,CID3838,HIGD2A,0.7775703838344538
GSE199219,CID3838,PRELID1,0.738296508907478
GSE199219,CID3838,HNRNPAB,0.7742656147697898
GSE199219,CID3838,HNRNPH1,0.9475276936718994
GSE199219,CID3838,SQSTM1,0.9252668043128637
GSE199219,CID3838,RACK1,1.264697392062521
GSE199219,CID3838,SERPINB9,0.7418297185143066
GSE199219,CID3838,CD83,0.717631312250054
GSE199219,CID3838,MYLIP,0.7641256647716022
GSE199219,CID3838,DEK,0.767618642983852
GSE199219,CID3838,C6orf62,0.6948742371422585
GSE199219,CID3838,HIST1H4C,0.7771587006213071
GSE199219,CID3838,BTN3A2,0.7092498761954555
GSE199219,CID3838,HLA-F,0.8380808112103555
GSE199219,CID3838,HLA-A,0.6941181828571819
GSE199219,CID3838,HLA-E,0.7835161248339189
GSE199219,CID3838,PPP1R10,0.8402926028552243
GSE199219,CID3838,TUBB,0.7135068362454648
GSE199219,CID3838,TNF,0.9542844575737859
GSE199219,CID3838,LTB,1.2580946481462902
GSE199219,CID3838,CLIC1,0.9557313718137002
GSE199219,CID3838,HSPA1A,1.8865130012951794
GSE199219,CID3838,HSPA1B,1.6606152825642584
GSE199219,CID3838,C6orf48,0.8156108991230474
GSE199219,CID3838,NEU1,0.939014458688852
GSE199219,CID3838,GPSM3,0.796428903714212
GSE199219,CID3838,HLA-DRA,0.9550813038642247
GSE199219,CID3838,HLA-DRB5,0.7022386850763239
GSE199219,CID3838,HLA-DRB1,1.054584568938073
GSE199219,CID3838,HLA-DQB1,0.6949402803077778
GSE199219,CID3838,PSMB8,0.7911863211687308
GSE199219,CID3838,PSMB9,0.8927145211858317
GSE199219,CID3838,TAP1,0.7289687578004282
GSE199219,CID3838,BRD2,0.9346952973109925
GSE199219,CID3838,HLA-DPA1,0.9638919589489997
GSE199219,CID3838,HLA-DPB1,0.9251651393266132
GSE199219,CID3838,RPS18,0.7156186113866619
GSE199219,CID3838,TAPBP,0.781312275448009
GSE199219,CID3838,CUTA,0.7665345222049733
GSE199219,CID3838,RPS10,0.934136826798947
GSE199219,CID3838,RPL10A,0.797216888291614
GSE199219,CID3838,FKBP5,0.7267816596462815
GSE199219,CID3838,SRSF3,0.9466848839562086
GSE199219,CID3838,HSP90AB1,1.138275868665947
GSE199219,CID3838,EEF1A1,0.7073700569584199
GSE199219,CID3838,COX7A2,0.8345100259921433
GSE199219,CID3838,ZNF292,0.7405610520258336
GSE199219,CID3838,PNRC1,0.934222581036708
GSE199219,CID3838,PNISR,0.9192772745558683
GSE199219,CID3838,PRDM1,0.7636407318290317
GSE199219,CID3838,SNX3,0.7036650047107763
GSE199219,CID3838,CD164,0.7254568908476227
GSE199219,CID3838,AMD1,0.9144888420499251
GSE199219,CID3838,FYN,0.8766495809084492
GSE199219,CID3838,RPS12,0.6872904532807855
GSE199219,CID3838,BCLAF1,0.7918121760436921
GSE199219,CID3838,TNFAIP3,1.1917255963430122
GSE199219,CID3838,ABRACL,0.7812855062927739
GSE199219,CID3838,CITED2,0.9032953822585758
GSE199219,CID3838,SF3B5,0.726970854041856
GSE199219,CID3838,ARID1B,0.6972080730447008
GSE199219,CID3838,DYNLT1,0.7468866531351465
GSE199219,CID3838,SYTL3,0.7220184932303769
GSE199219,CID3838,EZR,1.049301205333037
GSE199219,CID3838,TAGAP,0.9491888485914931
GSE199219,CID3838,SOD2,0.7088307375939243
GSE199219,CID3838,WTAP,0.7471775422886028
GSE199219,CID3838,TCP1,0.7311919780255675
GSE199219,CID3838,MRPL18,0.7817559938725817
GSE199219,CID3838,RNASET2,0.7072090410617553
GSE199219,CID3838,PSMB1,0.7743143328942527
GSE199219,CID3838,ACTB,0.8590708987072609
GSE199219,CID3838,RAC1,0.7490611808120391
GSE199219,CID3838,NDUFA4,0.8711212686445251
GSE199219,CID3838,ARL4A,0.772502211663466
GSE199219,CID3838,TOMM7,0.8450442008080842
GSE199219,CID3838,TRA2A,0.7162781262876238
GSE199219,CID3838,CYCS,0.9335441602013621
GSE199219,CID3838,HNRNPA2B1,0.8772280786154364
GSE199219,CID3838,CBX3,0.7168856455205743
GSE199219,CID3838,TAX1BP1,0.6988453548431154
GSE199219,CID3838,SEPT7,0.8687821959761561
GSE199219,CID3838,TRGC2,0.7373451045037016
GSE199219,CID3838,STK17A,0.907482593053356
GSE199219,CID3838,PPIA,0.8810831257761272
GSE199219,CID3838,H2AFV,0.8314677475594076
GSE199219,CID3838,IKZF1,0.763851964671624
GSE199219,CID3838,SEC61G,0.7750075410231553
GSE199219,CID3838,EGFR,0.02608530507976648
GSE199219,CID3838,CHCHD2,0.864269205121042
GSE199219,CID3838,SBDS,0.7327542980853302
GSE199219,CID3838,HSPB1,0.8583180834305201
GSE199219,CID3838,AKAP9,0.7853948812476436
GSE199219,CID3838,FAM133B,0.9192998883168159
GSE199219,CID3838,ARPC1B,0.8722770584091991
GSE199219,CID3838,LAMTOR4,0.7660586324137312
GSE199219,CID3838,KMT2E,0.8692415765417011
GSE199219,CID3838,NAMPT,0.7871987636975997
GSE199219,CID3838,HBP1,0.7422880064900002
GSE199219,CID3838,DNAJB9,0.7508840949830763
GSE199219,CID3838,IFRD1,0.8695910075017802
GSE199219,CID3838,LSM8,0.6941545443103547
GSE199219,CID3838,AC016831.7,0.687040293487451
GSE199219,CID3838,AC016831.5,0.7184110319704878
GSE199219,CID3838,AC058791.1,0.9538659439417654
GSE199219,CID3838,ZC3HAV1,0.9315406671234074
GSE199219,CID3838,NDUFB2,0.8066074806211442
GSE199219,CID3838,SSBP1,0.7081995079513548
GSE199219,CID3838,TRBC1,1.2242075192485984
GSE199219,CID3838,TRBC2,1.1086592930642494
GSE199219,CID3838,GSTK1,0.8316149349101672
GSE199219,CID3838,GIMAP7,0.7895946466071798
GSE199219,CID3838,GIMAP4,0.718190486088796
GSE199219,CID3838,DNAJB6,0.9255387440175523
GSE199219,CID3838,SLC25A6,0.8389495249101615
GSE199219,CID3838,CD99,0.8881791241208942
GSE199219,CID3838,TMSB4X,0.6890564802212885
GSE199219,CID3838,SYAP1,0.7550994759056461
GSE199219,CID3838,SH3KBP1,0.6946946053373344
GSE199219,CID3838,EIF1AX,0.8196310258626078
GSE199219,CID3838,SAT1,1.1382167939727645
GSE199219,CID3838,DDX3X,0.982861112327446
GSE199219,CID3838,NDUFB11,0.7795767200051896
GSE199219,CID3838,UXT,0.7658094262195242
GSE199219,CID3838,RBM3,0.8007375715052789
GSE199219,CID3838,PLP2,0.7985113915319448
GSE199219,CID3838,TSPYL2,0.8805873935897786
GSE199219,CID3838,MSN,0.8066596172406709
GSE199219,CID3838,IL2RG,0.8574654876652895
GSE199219,CID3838,RPS4X,0.733373719485474
GSE199219,CID3838,XIST,0.9762962085596537
GSE199219,CID3838,ATRX,0.8128322447417401
GSE199219,CID3838,COX7B,0.7964943884582674
GSE199219,CID3838,PGK1,0.8540806491475104
GSE199219,CID3838,ITM2A,0.9676595341218024
GSE199219,CID3838,SH3BGRL,0.730929648982852
GSE199219,CID3838,RPL36A,0.9057549520626206
GSE199219,CID3838,TSC22D3,1.122046590328566
GSE199219,CID3838,SLC25A5,0.8411669126734901
GSE199219,CID3838,SEPT6,0.8119531391563188
GSE199219,CID3838,RPL39,0.7105247472414373
GSE199219,CID3838,NDUFA1,0.7679186203534482
GSE199219,CID3838,CD40LG,0.7293821838258194
GSE199219,CID3838,RBMX,0.7612103876693015
GSE199219,CID3838,IDS,0.9205966476803619
GSE199219,CID3838,NSDHL,0.16779644029809737
GSE199219,CID3838,SSR4,0.8520681912168295
GSE199219,CID3838,FLNA,0.7330170120093937
GSE199219,CID3838,G6PD,0.33765440780429706
GSE199219,CID3838,PCM1,0.712403295751808
GSE199219,CID3838,DOK2,0.7176912418863526
GSE199219,CID3838,DUSP4,1.2224834180870738
GSE199219,CID3838,SARAF,0.9317253897103183
GSE199219,CID3838,LEPROTL1,0.8971992733575067
GSE199219,CID3838,NSD3,0.7601919831679745
GSE199219,CID3838,RPS20,0.8715493448180633
GSE199219,CID3838,SDCBP,0.9996295433946555
GSE199219,CID3838,RPL7,0.885974122097996
GSE199219,CID3838,FABP5,0.7936616174874307
GSE199219,CID3838,UQCRB,0.8810968511659688
GSE199219,CID3838,MTDH,0.7751703552891067
GSE199219,CID3838,RPL30,0.7084426780167496
GSE199219,CID3838,COX6C,0.8660151472736181
GSE199219,CID3838,POLR2K,0.6914815090949564
GSE199219,CID3838,RNF19A,0.8939947834258865
GSE199219,CID3838,PABPC1,0.9463286271930419
GSE199219,CID3838,YWHAZ,0.8876311827204795
GSE199219,CID3838,ZNF706,0.6965218982553499
GSE199219,CID3838,EIF3E,0.8653553639554468
GSE199219,CID3838,ENY2,0.7107137977039286
GSE199219,CID3838,EIF3H,0.8083237143280799
GSE199219,CID3838,FAM49B,0.7353686696762098
GSE199219,CID3838,SLA,0.9154032793033218
GSE199219,CID3838,LY6E,0.9452065621589588
GSE199219,CID3838,EEF1D,0.827648195653612
GSE199219,CID3838,VPS28,0.72593401672541
GSE199219,CID3838,RPL8,0.7406339701173735
GSE199219,CID3838,VLDLR,0.062365382970696354
GSE199219,CID3838,CD274,0.22424726650417443
GSE199219,CID3838,PLIN2,0.7564345232372776
GSE199219,CID3838,RPS6,0.7637663219093046
GSE199219,CID3838,DNAJA1,1.1575626179913427
GSE199219,CID3838,ZFAND5,0.8244909970472144
GSE199219,CID3838,ANXA1,1.505488502466624
GSE199219,CID3838,OSTF1,0.6956764683514928
GSE199219,CID3838,TLE4,0.8038410675143798
GSE199219,CID3838,HNRNPK,0.8508825506437475
GSE199219,CID3838,CKS2,0.8250597588399117
GSE199219,CID3838,ANP32B,0.8200339208330761
GSE199219,CID3838,SEC61B,0.812152898434099
GSE199219,CID3838,NR4A3,0.7488700874438426
GSE199219,CID3838,TXN,0.8531918191139825
GSE199219,CID3838,AKNA,0.7076669054557309
GSE199219,CID3838,ATP6V1G1,0.8152270583342665
GSE199219,CID3838,RPL35,0.777229118415543
GSE199219,CID3838,HSPA5,0.9380029211439734
GSE199219,CID3838,RPL12,0.7284346047455622
GSE199219,CID3838,C9orf16,0.8055853224731615
GSE199219,CID3838,SPTAN1,0.7344490825602797
GSE199219,CID3838,SET,0.8268842985437094
GSE199219,CID3838,IER5L,0.8189994685189607
GSE199219,CID3838,C9orf78,0.6997385333006749
GSE199219,CID3838,FNBP1,0.7978752270615871
GSE199219,CID3838,RPL7A,0.7166834693431984
GSE199219,CID3838,SNHG7,0.7503394315111968
GSE199219,CID3838,PHPT1,0.6986847590196353
GSE199219,CID3838,EDF1,0.8491218477426834
GSE199219,CID3838,PAXX,0.698182366637248
GSE199219,CID3838,DPP7,0.7074221002781229
GSE199219,CID3838,TUBB4B,1.0779056864263772
GSE199219,CID3838,IFITM2,0.9469190511336472
GSE199219,CID3838,POLR2L,0.8082583657485582
GSE199219,CID3838,CTSD,0.746312494123125
GSE199219,CID3838,LSP1,0.830363330530439
GSE199219,CID3838,CD81,0.8538154833113163
GSE199219,CID3838,KCNQ1OT1,0.8498885206871729
GSE199219,CID3838,NAP1L4,0.6920952011728667
GSE199219,CID3838,TRIM22,0.6889507587324557
GSE199219,CID3838,EIF3F,0.8244833782166724
GSE199219,CID3838,RPL27A,0.7569711576854583
GSE199219,CID3838,MTRNR2L8,0.8759640178027766
GSE199219,CID3838,EIF4G2,0.8240252681170295
GSE199219,CID3838,PSMA1,0.7116149520538062
GSE199219,CID3838,C11orf58,0.7770148006090936
GSE199219,CID3838,RPS13,0.7941194912225062
GSE199219,CID3838,LDHA,0.9988507874545881
GSE199219,CID3838,CD44,0.9368295097770075
GSE199219,CID3838,CD6,0.7454828622591086
GSE199219,CID3838,TMEM258,0.756853981987357
GSE199219,CID3838,FTH1,1.0460624763284074
GSE199219,CID3838,AHNAK,0.9060855199968267
GSE199219,CID3838,UBXN1,0.7748742048508133
GSE199219,CID3838,SLC3A2,0.7499517928543686
GSE199219,CID3838,RARRES3,0.9019764331455633
GSE199219,CID3838,COX8A,0.8713603561476048
GSE199219,CID3838,PPP1R14B,0.7119687827487217
GSE199219,CID3838,TRMT112,0.8093279106489026
GSE199219,CID3838,PRDX5,0.6974626987568331
GSE199219,CID3838,SF1,0.8693175058534507
GSE199219,CID3838,NEAT1,1.1260515518791823
GSE199219,CID3838,CFL1,0.8713636918529364
GSE199219,CID3838,CTSW,0.7709303815100348
GSE199219,CID3838,CCDC85B,0.718791319632235
GSE199219,CID3838,DRAP1,0.8316045649357809
GSE199219,CID3838,TBC1D10C,0.7653664262994258
GSE199219,CID3838,CORO1B,0.762060250658638
GSE199219,CID3838,GSTP1,0.743999514079858
GSE199219,CID3838,DHCR7,0.23389305694232265
GSE199219,CID3838,UCP2,0.732188575521014
GSE199219,CID3838,SPCS2,0.7743493757297969
GSE199219,CID3838,RPS3,0.766359438429144
GSE199219,CID3838,NDUFC2,0.7414200287767198
GSE199219,CID3838,PCF11,0.6897579833097351
GSE199219,CID3838,CTSC,0.8429923844218923
GSE199219,CID3838,CHORDC1,0.7460511938928884
GSE199219,CID3838,TAF1D,0.8155669489212819
GSE199219,CID3838,BIRC3,1.0243626989182983
GSE199219,CID3838,TMEM123,0.7041213316467837
GSE199219,CID3838,CARD16,0.7423376421671576
GSE199219,CID3838,ATM,0.7206856014169588
GSE199219,CID3838,NCAM1,0.10992918930615153
GSE199219,CID3838,PCSK7,0.7032647859463029
GSE199219,CID3838,CD3E,0.8839185729124854
GSE199219,CID3838,CD3D,0.9174077254080353
GSE199219,CID3838,CD3G,0.8882276981682752
GSE199219,CID3838,ATP5MG,1.0093727801376784
GSE199219,CID3838,KMT2A,0.7087207859317168
GSE199219,CID3838,RPS25,0.6950787847767141
GSE199219,CID3838,H2AFX,0.8482778151412601
GSE199219,CID3838,HSPA8,1.0607209460085278
GSE199219,CID3838,ETS1,0.8636899040876996
GSE199219,CID3838,IDI1,0.8209297280975764
GSE199219,CID3838,KLF6,1.1594659480636527
GSE199219,CID3838,CELF2,0.8496305550720292
GSE199219,CID3838,OPTN,0.7002912418851313
GSE199219,CID3838,FAM107B,0.9600812588319644
GSE199219,CID3838,VIM,1.13436263216944
GSE199219,CID3838,YME1L1,0.7791783647141333
GSE199219,CID3838,KIF5B,0.7071468931278627
GSE199219,CID3838,EPC1,0.790825402312739
GSE199219,CID3838,ITGB1,0.8344149203312604
GSE199219,CID3838,CREM,1.262214424845608
GSE199219,CID3838,HNRNPF,0.7912243168477562
GSE199219,CID3838,ARID5B,1.029921841124632
GSE199219,CID3838,JMJD1C,0.8032189180335298
GSE199219,CID3838,HNRNPH3,0.7185622746118846
GSE199219,CID3838,DDX21,0.7238749993043262
GSE199219,CID3838,SRGN,0.949576249280239
GSE199219,CID3838,PPA1,0.6981136799897927
GSE199219,CID3838,SPOCK2,0.8751275509886872
GSE199219,CID3838,ANAPC16,0.8197298863781673
GSE199219,CID3838,DDIT4,1.039004954133261
GSE199219,CID3838,VDAC2,0.6935437356421166
GSE199219,CID3838,PGAM1,0.7267142682580945
GSE199219,CID3838,NDUFB8,0.7603601135890323
GSE199219,CID3838,ATP5MD,0.6984351875531508
GSE199219,CID3838,DUSP5,0.742747806833853
GSE199219,CID3838,PDCD4,0.8696076946459379
GSE199219,CID3838,EIF3A,0.7450983620322315
GSE199219,CID3838,RGS10,0.7801176497908282
GSE199219,CID3838,BUB3,0.7042841818208926
GSE199219,CID3838,WNK1,0.6998866377046418
GSE199219,CID3838,CCND2,0.691038988878099
GSE199219,CID3838,CD27,0.8246433106895951
GSE199219,CID3838,GAPDH,1.0284656427418277
GSE199219,CID3838,PTMS,0.6891870762404826
GSE199219,CID3838,CD4,0.5554600406942222
GSE199219,CID3838,TPI1,0.8939273226001574
GSE199219,CID3838,C12orf57,0.8625750138040161
GSE199219,CID3838,SLC2A3,0.9956482846469079
GSE199219,CID3838,KLRB1,0.989361019884824
GSE199219,CID3838,CLEC2D,0.9160431345610414
GSE199219,CID3838,CD69,1.2992605334887597
GSE199219,CID3838,CLEC2B,1.0366387070267
GSE199219,CID3838,GABARAPL1,0.7211540312651381
GSE199219,CID3838,KLRD1,0.79428306416182
GSE199219,CID3838,CDKN1B,0.7396984530473264
GSE199219,CID3838,ARHGDIB,0.9187851412165556
GSE199219,CID3838,LDHB,0.8683313775315009
GSE199219,CID3838,FGFR1OP2,0.7199458170796902
GSE199219,CID3838,KIAA1551,0.8629071800387538
GSE199219,CID3838,SCAF11,0.7708973262662938
GSE199219,CID3838,SLC38A1,0.7396716240555102
GSE199219,CID3838,SLC38A2,0.9314246086420179
GSE199219,CID3838,TUBA1B,1.0107411045492605
GSE199219,CID3838,TUBA1A,0.9977611517292189
GSE199219,CID3838,TUBA1C,0.6891780286289343
GSE199219,CID3838,TMBIM6,0.8632808088951227
GSE199219,CID3838,LIMA1,0.37769223361364956
GSE199219,CID3838,DAZAP2,0.8573701087720302
GSE199219,CID3838,NR4A1,0.9401393086752381
GSE199219,CID3838,EIF4B,0.7231501339603675
GSE199219,CID3838,PFDN5,0.8249601319422865
GSE199219,CID3838,PRR13,0.6893510562970515
GSE199219,CID3838,PCBP2,0.8214612793308657
GSE199219,CID3838,ATP5MC2,0.9516693274486346
GSE199219,CID3838,HNRNPA1,0.8614484408924481
GSE199219,CID3838,BLOC1S1,0.7445524766561777
GSE199219,CID3838,CD63,0.8629273894959785
GSE199219,CID3838,RPS26,0.9816116623446203
GSE199219,CID3838,MYL6,0.966257443696087
GSE199219,CID3838,PTGES3,0.8640276716541339
GSE199219,CID3838,NACA,0.7962770480785043
GSE199219,CID3838,USP15,0.7612348201056623
GSE199219,CID3838,IFNG,1.2110076741089209
GSE199219,CID3838,RAP1B,0.7872831916823855
GSE199219,CID3838,RAB21,0.6868198771565297
GSE199219,CID3838,GLIPR1,0.7649011022733258
GSE199219,CID3838,PHLDA1,0.8838087305966323
GSE199219,CID3838,NAP1L1,0.877885523562175
GSE199219,CID3838,PPP1R12A,0.7264107174840672
GSE199219,CID3838,ATP2B1,0.7263516039005663
GSE199219,CID3838,BTG1,0.787364745131229
GSE199219,CID3838,SNRPF,0.6955364572345849
GSE199219,CID3838,SLC25A3,0.8914187625480028
GSE199219,CID3838,HSP90B1,0.8073859899546605
GSE199219,CID3838,C12orf75,0.7152061618286704
GSE199219,CID3838,ISCU,0.7453828711402637
GSE199219,CID3838,ARPC3,0.9138739297650549
GSE199219,CID3838,ERP29,0.7989522852297534
GSE199219,CID3838,RPL6,0.752105083833251
GSE199219,CID3838,PEBP1,0.7474266749692787
GSE199219,CID3838,RPLP0,0.8834717305000536
GSE199219,CID3838,COX6A1,0.82346617537532
GSE199219,CID3838,SRSF9,0.7484814499850958
GSE199219,CID3838,DYNLL1,1.0018881618564197
GSE199219,CID3838,RSRC2,0.8378200629014585
GSE199219,CID3838,VPS37B,0.7257259314310216
GSE199219,CID3838,ARL6IP4,0.7932824673146588
GSE199219,CID3838,RILPL2,0.7477396046802111
GSE199219,CID3838,UBC,0.8632024355152392
GSE199219,CID3838,RAN,0.8778786652817069
GSE199219,CID3838,MPHOSPH8,0.7529204259256956
GSE199219,CID3838,SAP18,0.9526085495412292
GSE199219,CID3838,RPL21,0.7915684816735079
GSE199219,CID3838,GTF3A,0.7571501519160774
GSE199219,CID3838,POLR1D,0.7293233544496867
GSE199219,CID3838,POMP,0.7669265993236638
GSE199219,CID3838,HMGB1,0.9329087862308268
GSE199219,CID3838,ALOX5AP,0.887701675874128
GSE199219,CID3838,HSPH1,1.1972029656520422
GSE199219,CID3838,N4BP2L2,0.8995162557920109
GSE199219,CID3838,ELF1,0.9414287107094009
GSE199219,CID3838,RGCC,1.3457160978449538
GSE199219,CID3838,LCP1,0.8650644218746733
GSE199219,CID3838,ITM2B,0.8627177715630853
GSE199219,CID3838,INTS6,0.9551716647709971
GSE199219,CID3838,COMMD6,0.8708538409060043
GSE199219,CID3838,MYCBP2,0.7590940975153854
GSE199219,CID3838,GPR183,0.953126061901785
GSE199219,CID3838,ARGLU1,0.8541742488831515
GSE199219,CID3838,PNP,0.7136992992807967
GSE199219,CID3838,HNRNPC,0.8596175201481798
GSE199219,CID3838,TRAC,1.0152731387124558
GSE199219,CID3838,DAD1,0.7812533004133067
GSE199219,CID3838,PSME1,0.8806778956860977
GSE199219,CID3838,PSME2,0.9009401968913595
GSE199219,CID3838,CHMP4A,0.7334556397320334
GSE199219,CID3838,NEDD8,0.7720339774409941
GSE199219,CID3838,GZMH,0.7204003132071896
GSE199219,CID3838,GZMB,0.7049991324972575
GSE199219,CID3838,BAZ1A,0.7388823148447755
GSE199219,CID3838,FAM177A1,0.8618612917146199
GSE199219,CID3838,NFKBIA,1.187693452423041
GSE199219,CID3838,RALGAPA1,0.7733608876982186
GSE199219,CID3838,PNN,0.7897221134401808
GSE199219,CID3838,RPS29,0.7904893146906962
GSE199219,CID3838,RPL36AL,0.855381897555306
GSE199219,CID3838,ARF6,0.8022520361212098
GSE199219,CID3838,GNG2,0.7390762298337848
GSE199219,CID3838,LGALS3,0.7168192093306934
GSE199219,CID3838,KTN1,0.7499610516503261
GSE199219,CID3838,SYNE2,0.8657071251834388
GSE199219,CID3838,ZFP36L1,1.077789297294209
GSE199219,CID3838,ERH,0.701132790876593
GSE199219,CID3838,SRSF5,0.8834554132599401
GSE199219,CID3838,RBM25,0.8499338427863676
GSE199219,CID3838,FOS,1.435335672731877
GSE199219,CID3838,BATF,0.9256716777710929
GSE199219,CID3838,AHSA1,0.7256668023160361
GSE199219,CID3838,CALM1,0.9007027821455291
GSE199219,CID3838,DDX24,0.8960601205458552
GSE199219,CID3838,PAPOLA,0.7173319904788963
GSE199219,CID3838,BCL11B,0.7330737369046281
GSE199219,CID3838,EVL,0.9218044577856899
GSE199219,CID3838,PPP2R5C,0.9684865112981115
GSE199219,CID3838,HSP90AA1,1.1901187900824837
GSE199219,CID3838,EIF5,0.8999070199944386
GSE199219,CID3838,CRIP1,0.8201429984632015
GSE199219,CID3838,SRP14,0.883806824600889
GSE199219,CID3838,PDIA3,0.7558746126090962
GSE199219,CID3838,SERF2,0.8392393790363147
GSE199219,CID3838,DUT,0.6931539427917034
GSE199219,CID3838,EID1,0.7181116883212676
GSE199219,CID3838,GABPB1-AS1,0.7086280200022208
GSE199219,CID3838,RSL24D1,0.7315251068627235
GSE199219,CID3838,SLTM,0.7046368899569532
GSE199219,CID3838,ANXA2,0.7710777109920518
GSE199219,CID3838,RORA,0.9102023172893141
GSE199219,CID3838,RPS27L,0.855706408880479
GSE199219,CID3838,PPIB,0.8217556156219841
GSE199219,CID3838,RPL4,0.880816798395888
GSE199219,CID3838,PKM,0.8118280884185903
GSE199219,CID3838,ARIH1,0.7924596480420405
GSE199219,CID3838,COX5A,0.7185629861070005
GSE199219,CID3838,PSTPIP1,0.6871745982226353
GSE199219,CID3838,MORF4L1,0.822292631720388
GSE199219,CID3838,RPS17,0.8100259461834209
GSE199219,CID3838,SEC11A,0.7470958392674282
GSE199219,CID3838,AKAP13,0.840114293459273
GSE199219,CID3838,ISG20,0.9583694522426199
GSE199219,CID3838,CIB1,0.8578771110231391
GSE199219,CID3838,IQGAP1,0.7693606242245838
GSE199219,CID3838,CHD2,0.7988661567688977
GSE199219,CID3838,SRRM2,0.8270948146010256
GSE199219,CID3838,ELOB,0.8385772175442796
GSE199219,CID3838,IL32,1.1202605280644888
GSE199219,CID3838,SOCS1,0.9412373203342645
GSE199219,CID3838,LITAF,0.8599634861570221
GSE199219,CID3838,GSPT1,0.7575654415093576
GSE199219,CID3838,RPS15A,0.6972895263700662
GSE199219,CID3838,ARL6IP1,0.8077146706445765
GSE199219,CID3838,RBBP6,0.7085613029218544
GSE199219,CID3838,CD19,0.005307316473900084
GSE199219,CID3838,LAT,0.7594259244770247
GSE199219,CID3838,ALDOA,0.7544938931513061
GSE199219,CID3838,CORO1A,0.936928789899014
GSE199219,CID3838,SEPT1,0.696483818460605
GSE199219,CID3838,FUS,0.93201612830371
GSE199219,CID3838,CYLD,0.730887315571517
GSE199219,CID3838,MT2A,1.0806321999240796
GSE199219,CID3838,HERPUD1,0.982124104576732
GSE199219,CID3838,CKLF,0.8982189387944917
GSE199219,CID3838,FAM96B,0.7139198180397
GSE199219,CID3838,GABARAPL2,0.7097129762387615
GSE199219,CID3838,TERF2IP,0.7763273193776404
GSE199219,CID3838,MAF,0.7651362579849663
GSE199219,CID3838,CMC2,0.6948624820816551
GSE199219,CID3838,COTL1,1.0005633432025671
GSE199219,CID3838,COX4I1,0.8732609916951057
GSE199219,CID3838,MAP1LC3B,0.8603087629705657
GSE199219,CID3838,CYBA,0.8899204820017825
GSE199219,CID3838,APRT,0.8306201555768766
GSE199219,CID3838,ANKRD11,0.7982142397363697
GSE199219,CID3838,TCF25,0.7521786197970005
GSE199219,CID3838,ITGAE,0.5332258714159469
GSE199219,CID3838,PFN1,0.9592683733080359
GSE199219,CID3838,EIF5A,0.7946997430372394
GSE199219,CID3838,ACAP1,0.858688346043869
GSE199219,CID3838,POLR2A,0.7542891361348762
GSE199219,CID3838,EIF4A1,0.8237857877979347
GSE199219,CID3838,KDM6B,0.8900613482283776
GSE199219,CID3838,TRAPPC1,0.7024159750429547
GSE199219,CID3838,VAMP2,0.7956406947309824
GSE199219,CID3838,RPL26,0.7327708219610344
GSE199219,CID3838,NCOR1,0.7205023010530308
GSE199219,CID3838,UBB,0.9500998813540967
GSE199219,CID3838,WSB1,0.8648026964615634
GSE199219,CID3838,RPL23A,0.7038582443965252
GSE199219,CID3838,NUFIP2,0.7283517912920444
GSE199219,CID3838,EVI2B,0.7375782960956295
GSE199219,CID3838,ZNF207,0.7179744635158064
GSE199219,CID3838,SLFN5,0.7330853281307397
GSE199219,CID3838,CCL5,1.5892606209732225
GSE199219,CID3838,CCL3,0.6904208836040637
GSE199219,CID3838,CCL4,1.838074039255197
GSE199219,CID3838,CCL4L2,1.0532612619921047
GSE199219,CID3838,PSMB3,0.7188753276694246
GSE199219,CID3838,RPL23,0.9023792540163458
GSE199219,CID3838,RPL19,0.6910425908436943
GSE199219,CID3838,ERBB2,0.2180121693525231
GSE199219,CID3838,CCR7,0.8297643918478813
GSE199219,CID3838,KRT10,0.730268892777214
GSE199219,CID3838,STAT3,0.878612579753947
GSE199219,CID3838,RPL27,0.8209014167641346
GSE199219,CID3838,HEXIM1,0.767604721385102
GSE199219,CID3838,FMNL1,0.7088806057497107
GSE199219,CID3838,SKAP1,0.7343917073653203
GSE199219,CID3838,LUC7L3,0.8071699119117797
GSE199219,CID3838,TOB1,0.8946048687809929
GSE199219,CID3838,VMP1,0.9332439540466592
GSE199219,CID3838,LIMD2,0.8722781709402306
GSE199219,CID3838,DDX5,0.8295192030239835
GSE199219,CID3838,BPTF,0.7346440397101612
GSE199219,CID3838,KPNA2,0.724317432802823
GSE199219,CID3838,RPL38,0.8194693694970687
GSE199219,CID3838,FDXR,0.23943088666698284
GSE199219,CID3838,JPT1,0.8270049214310445
GSE199219,CID3838,SUMO2,0.894342765410305
GSE199219,CID3838,H3F3B,0.759992157522891
GSE199219,CID3838,UBALD2,0.7735912104619416
GSE199219,CID3838,SRSF2,0.9526720745445106
GSE199219,CID3838,SEPT9,0.7190188892820404
GSE199219,CID3838,SOCS3,0.8739860116271578
GSE199219,CID3838,EIF4A3,0.9776141019934331
GSE199219,CID3838,RNF213,0.9053172331715634
GSE199219,CID3838,ACTG1,0.9305311537149454
GSE199219,CID3838,CD7,1.0285317635347782
GSE199219,CID3838,METRNL,0.8517786606036445
GSE199219,CID3838,SMCHD1,0.8713816532497161
GSE199219,CID3838,MYL12A,0.982897963682333
GSE199219,CID3838,MYL12B,0.9316606986303341
GSE199219,CID3838,NDUFV2,0.7715139128728908
GSE199219,CID3838,ANKRD12,0.9460735557225931
GSE199219,CID3838,VAPA,0.7130417821651156
GSE199219,CID3838,CHMP1B,0.8601500949618258
GSE199219,CID3838,LDLRAD4,0.7172365927429704
GSE199219,CID3838,ROCK1,0.7071383814474681
GSE199219,CID3838,RPL17,0.7735539921426257
GSE199219,CID3838,PMAIP1,0.9617516011306253
GSE199219,CID3838,MBP,0.7285325448088925
GSE199219,CID3838,FKBP1A,0.7527198942593186
GSE199219,CID3838,SNRPB,0.8073816176903251
GSE199219,CID3838,NOP56,0.7576691309895184
GSE199219,CID3838,PRNP,0.6992904474856729
GSE199219,CID3838,CST7,0.9878447749608085
GSE199219,CID3838,DYNLRB1,0.7103572504735574
GSE199219,CID3838,RBM39,0.8658070233844842
GSE199219,CID3838,TOP1,0.7695424009251298
GSE199219,CID3838,YWHAB,0.9019367524069482
GSE199219,CID3838,STK4,0.9393018922134538
GSE199219,CID3838,ZFAS1,0.9318956754286797
GSE199219,CID3838,CEBPB,0.8317332345441548
GSE199219,CID3838,GNAS,0.8991064776708974
GSE199219,CID3838,ATP5F1E,1.2433982020158936
GSE199219,CID3838,PSMA7,0.867405845674879
GSE199219,CID3838,RPS21,0.8015187412736688
GSE199219,CID3838,PPDPF,0.8861327194264308
GSE199219,CID3838,GZMM,0.789942014508257
GSE199219,CID3838,PTBP1,0.7130945382019431
GSE199219,CID3838,GPX4,0.8321471886579235
GSE199219,CID3838,ATP5F1D,0.7605832540949053
GSE199219,CID3838,MIDN,0.7871836947734953
GSE199219,CID3838,CIRBP,0.8710236199736546
GSE199219,CID3838,RPS15,0.6900560446734566
GSE199219,CID3838,UQCR11,0.8184152250416042
GSE199219,CID3838,ABHD17A,0.7440925174292132
GSE199219,CID3838,MKNK2,0.7492470055958116
GSE199219,CID3838,OAZ1,0.8569612922520825
GSE199219,CID3838,LSM7,0.7277393663892766
GSE199219,CID3838,GADD45B,1.2066825003243924
GSE199219,CID3838,AES,0.846714254466581
GSE199219,CID3838,EEF2,0.8697994660441594
GSE199219,CID3838,RPL36,0.8525391367350935
GSE199219,CID3838,NDUFA11,0.7302829979566385
GSE199219,CID3838,TNFSF9,0.6931223778916097
GSE199219,CID3838,RPS28,0.7239390796324551
GSE199219,CID3838,HNRNPM,0.7213920637622532
GSE199219,CID3838,UBL5,0.8436212862874934
GSE199219,CID3838,EIF3G,0.7917488521217056
GSE199219,CID3838,ICAM3,0.7773151086295144
GSE199219,CID3838,CDC37,0.7135471049434553
GSE199219,CID3838,WDR83OS,0.7311453797986286
GSE199219,CID3838,TRIR,0.8582618329211528
GSE199219,CID3838,JUNB,1.2148616504200298
GSE199219,CID3838,PRDX2,0.7515737283904733
GSE199219,CID3838,CALR,0.9137915379809909
GSE199219,CID3838,IER2,1.0860907152185435
GSE199219,CID3838,C19orf53,0.7629175094000408
GSE199219,CID3838,AC020916.1,0.7474988755434784
GSE199219,CID3838,ADGRE5,0.837987489859847
GSE199219,CID3838,DNAJB1,1.2891009395394586
GSE199219,CID3838,TPM4,0.6969529056639947
GSE199219,CID3838,KLF2,1.3154494241733177
GSE199219,CID3838,BST2,0.8152876046746907
GSE199219,CID3838,RPL18A,0.719088236517087
GSE199219,CID3838,JUND,1.1740962853045722
GSE199219,CID3838,FKBP8,0.6925031450022704
GSE199219,CID3838,UBA52,0.780323994764481
GSE199219,CID3838,COPE,0.7679244083369487
GSE199219,CID3838,NDUFA13,0.7112254834785879
GSE199219,CID3838,FXYD5,0.89222702793787
GSE199219,CID3838,COX6B1,0.8297895261145921
GSE199219,CID3838,NFKBID,0.6938486034296595
GSE199219,CID3838,HCST,1.0005379141190143
GSE199219,CID3838,PSMD8,0.737609666692603
GSE199219,CID3838,EIF3K,0.8471330882805107
GSE199219,CID3838,ACTN4,0.7325657883887079
GSE199219,CID3838,GMFG,0.8908439365432508
GSE199219,CID3838,ZFP36,1.1785419540423574
GSE199219,CID3838,RPS16,0.7414334199003358
GSE199219,CID3838,SERTAD1,0.9800120634849635
GSE199219,CID3838,HNRNPUL1,0.6918938841397192
GSE199219,CID3838,TGFB1,0.9100137735749321
GSE199219,CID3838,RPS19,0.7249835837438081
GSE199219,CID3838,ARHGEF1,0.7733926255907854
GSE199219,CID3838,RABAC1,0.7842500976657479
GSE199219,CID3838,DEDD2,0.7114438341761732
GSE199219,CID3838,FOSB,1.1741775126741922
GSE199219,CID3838,SNRPD2,0.8061015267030194
GSE199219,CID3838,CALM3,0.7859773193765012
GSE199219,CID3838,NOP53,0.930270952581401
GSE199219,CID3838,EMP3,0.8879473220946505
GSE199219,CID3838,RPL18,0.7398570604503996
GSE199219,CID3838,PPP1R15A,1.0154297243906754
GSE199219,CID3838,BAX,0.7692033578221755
GSE199219,CID3838,FTL,0.9048687499088911
GSE199219,CID3838,CD37,0.845308207427053
GSE199219,CID3838,RPL13A,0.7401980805985172
GSE199219,CID3838,RPS11,0.7966681912080585
GSE199219,CID3838,NKG7,1.270280205778921
GSE199219,CID3838,ZNF331,1.1496416417326971
GSE199219,CID3838,MYADM,1.0109786117228334
GSE199219,CID3838,RPS9,0.7463794305375723
GSE199219,CID3838,UBE2S,1.1169267557588591
GSE199219,CID3838,RPS5,0.8477727810301624
GSE199219,CID3838,RANBP1,0.7076323824155093
GSE199219,CID3838,MIF,0.7227893080365886
GSE199219,CID3838,XBP1,0.7701267134621277
GSE199219,CID3838,UQCR10,0.7869554634375088
GSE199219,CID3838,PIK3IP1,0.846808647222477
GSE199219,CID3838,MYH9,0.754677086226621
GSE199219,CID3838,RAC2,0.8978242512715267
GSE199219,CID3838,LGALS1,1.0700465710309428
GSE199219,CID3838,DDX17,0.8640980350734994
GSE199219,CID3838,APOBEC3G,0.860113973254483
GSE199219,CID3838,RPL3,0.7604059532626335
GSE199219,CID3838,ATF4,0.8047263874096047
GSE199219,CID3838,TNRC6B,0.7583195831613921
GSE199219,CID3838,ST13,0.71284586548638
GSE199219,CID3838,RBX1,0.7166094668268342
GSE199219,CID3838,SNU13,0.7595856027810705
GSE199219,CID3838,SMDT1,0.7561392852823252
GSE199219,CID3838,TSPO,0.8138279151231469
GSE199219,CID3838,PIM3,0.7749584267627212
GSE199219,CID3838,TYMP,0.8159724674079096
GSE199219,CID3838,SAMSN1,0.9678820834383663
GSE199219,CID3838,BTG3,0.7391997904838872
GSE199219,CID3838,ATP5PF,0.6987898511001358
GSE199219,CID3838,SOD1,0.9473696373389174
GSE199219,CID3838,SON,0.8500655442759975
GSE199219,CID3838,MRPS6,0.7491600482998017
GSE199219,CID3838,SLC5A3,0.707010655863153
GSE199219,CID3838,HMGN1,0.8930258481205362
GSE199219,CID3838,ABCG1,0.3912602668274332
GSE199219,CID3838,CSTB,0.8035683543347585
GSE199219,CID3838,ITGB2,0.826045128030393
GSE199219,CID3838,MT-ND2,0.7539930080737026
GSE199219,CID3838,MT-ND3,0.7287917712234445
GSE199219,CID3838,MT-ND4L,0.9055403388482319
GSE199219,CID3838,MT-ND5,0.833433120259848
GSE199219,CID3838,mm10---mt-Atp6,1.199040563918807
GSE199219,CID3838,mm10---mt-Co3,1.1887766915370992
GSE199219,CID3838,mm10---mt-Co2,1.143485417845963
GSE199219,CID3838,mm10---mt-Cytb,1.032637859175369
GSE199219,CID3838,mm10---mt-Co1,1.028945010187197
GSE199219,CID3838,mm10---mt-Nd1,0.8998823912267044
GSE199219,CID3838,mm10---Gm42418,0.9649456762568822
GSE199219,CID3838,mm10---mt-Nd2,0.8693791063487571
GSE199219,CID3838,mm10---mt-Nd4,0.8984009021768005
GSE199219,CID3838,SELK,0.9016578129611253
GSE199219,CID3838,FYB,0.8075491799520571
GSE199219,CID3838,GNB2L1,1.3327898719140774
GSE199219,CID3838,ATP5L,0.9219135739230353
GSE199219,CID3838,ATP5G2,0.8173040225891657
GSE199219,CID3838,ATP5E,1.1444606634614076
GSE199219,CID3838,C19orf43,0.7277378193657454
GSE199219,CID3838,CTD-3252C9.4,0.7854459523171083
GSE199219,CID3838,GLTSCR2,0.7811159516758011
GSE199219,CID4040,ISG15,1.1190988237230772
GSE199219,CID4040,TNFRSF18,0.9371846587100268
GSE199219,CID4040,TNFRSF4,0.8915112614961288
GSE199219,CID4040,RPL22,0.8532042030712628
GSE199219,CID4040,TNFRSF9,0.699250125031341
GSE199219,CID4040,PARK7,0.8796101785954614
GSE199219,CID4040,ENO1,0.8913850160205324
GSE199219,CID4040,TNFRSF1B,0.7927436134830955
GSE199219,CID4040,PRDM2,0.7779173209787039
GSE199219,CID4040,EFHD2,0.7110944529315835
GSE199219,CID4040,CAPZB,0.7894682164408782
GSE199219,CID4040,MINOS1,0.7247895651662725
GSE199219,CID4040,HP1BP3,0.7210411956503212
GSE199219,CID4040,CDC42,0.8407301110653909
GSE199219,CID4040,ID3,0.7426697637103025
GSE199219,CID4040,RPL11,0.7227695936840671
GSE199219,CID4040,SRSF10,0.7308207170557453
GSE199219,CID4040,RCAN3,0.732675121584031
GSE199219,CID4040,SRRM1,0.8344555726691166
GSE199219,CID4040,RUNX3,0.8611067436060194
GSE199219,CID4040,SYF2,0.7387442178705749
GSE199219,CID4040,RSRP1,0.9420363401931913
GSE199219,CID4040,TMEM50A,0.7606539511275605
GSE199219,CID4040,STMN1,0.7561428066901287
GSE199219,CID4040,SH3BGRL3,0.9434763085165121
GSE199219,CID4040,CD52,1.033361858655267
GSE199219,CID4040,HMGN2,0.8884448185032974
GSE199219,CID4040,NUDC,0.7057625635817775
GSE199219,CID4040,IFI6,0.9668425855646358
GSE199219,CID4040,ATP5IF1,0.7749733853623347
GSE199219,CID4040,SNHG12,0.7756227382943031
GSE199219,CID4040,LAPTM5,0.8734308839798793
GSE199219,CID4040,PTP4A2,0.7837012925350153
GSE199219,CID4040,LCK,0.8239875361233971
GSE199219,CID4040,MARCKSL1,0.7922731198130869
GSE199219,CID4040,SFPQ,0.9045507966834397
GSE199219,CID4040,NDUFS5,0.8463548410677231
GSE199219,CID4040,MACF1,0.7466434287397397
GSE199219,CID4040,CAP1,0.7529966606641006
GSE199219,CID4040,SMAP2,0.782088276039767
GSE199219,CID4040,YBX1,0.884510706208516
GSE199219,CID4040,RPS8,0.7758888012705882
GSE199219,CID4040,PLK3,0.7991480889577801
GSE199219,CID4040,PRDX1,0.9153811110096616
GSE199219,CID4040,NASP,0.8561242938385581
GSE199219,CID4040,UQCRH,0.8222246583953021
GSE199219,CID4040,TMEM59,0.7943934521993892
GSE199219,CID4040,DHCR24,0.11575936728630268
GSE199219,CID4040,JUN,1.3178389985651564
GSE199219,CID4040,JAK1,0.8201448301540775
GSE199219,CID4040,PDE4B,0.8435503300390026
GSE199219,CID4040,SERBP1,0.8209727690753279
GSE199219,CID4040,GADD45A,0.8993827133708455
GSE199219,CID4040,SRSF11,0.8101042490622534
GSE199219,CID4040,GNG5,0.7614751924045388
GSE199219,CID4040,ODF2L,0.7411031276776695
GSE199219,CID4040,GTF2B,0.8452243660109745
GSE199219,CID4040,GBP2,0.7782583172437066
GSE199219,CID4040,GBP5,0.7344821286659061
GSE199219,CID4040,RPL5,0.8406141583390933
GSE199219,CID4040,DNTTIP2,0.703778071216076
GSE199219,CID4040,PRPF38B,0.8737564668529626
GSE199219,CID4040,CD53,0.8555102770890373
GSE199219,CID4040,RAP1A,0.7558277866849571
GSE199219,CID4040,CAPZA1,0.7230213808038389
GSE199219,CID4040,PTPN22,0.8354476912676239
GSE199219,CID4040,BCAS2,0.8122591588597042
GSE199219,CID4040,CSDE1,0.7526428548656355
GSE199219,CID4040,ATP1A1,0.7981883597868377
GSE199219,CID4040,CD2,0.9759967096595649
GSE199219,CID4040,TENT5C,0.7520522806074313
GSE199219,CID4040,HMGCS2,1.0
GSE199219,CID4040,RBM8A,0.8331277173508471
GSE199219,CID4040,TXNIP,1.135231752530031
GSE199219,CID4040,MCL1,1.0047021353240735
GSE199219,CID4040,ENSA,0.6935455391345899
GSE199219,CID4040,S100A10,1.0225868351138463
GSE199219,CID4040,S100A11,1.0180716901671536
GSE199219,CID4040,S100A6,0.964812089031942
GSE199219,CID4040,S100A4,1.1897176904867905
GSE199219,CID4040,JTB,0.7514439440207219
GSE199219,CID4040,TPM3,0.8688736082686356
GSE199219,CID4040,PBXIP1,0.7499142966959944
GSE199219,CID4040,FDPS,0.5390039834270642
GSE199219,CID4040,ASH1L,0.7106248372953944
GSE199219,CID4040,SSR2,0.8069561449319962
GSE199219,CID4040,LMNA,1.3756353585458498
GSE199219,CID4040,CCT3,0.7344070747802106
GSE199219,CID4040,IFI16,0.8192835190878887
GSE199219,CID4040,TAGLN2,0.917202613020237
GSE199219,CID4040,CD48,0.928108122539696
GSE199219,CID4040,TSTD1,0.7149050861827972
GSE199219,CID4040,UFC1,0.6963887556153051
GSE199219,CID4040,HSPA6,0.7092373181079477
GSE199219,CID4040,HSD17B7,0.3431509250309253
GSE199219,CID4040,CD247,0.8025260542269683
GSE199219,CID4040,XCL2,0.7891421773193885
GSE199219,CID4040,PRRC2C,0.8756582197248951
GSE199219,CID4040,CACYBP,0.9750177064841276
GSE199219,CID4040,IER5,0.9531863822926584
GSE199219,CID4040,ARPC5,0.7441521910269051
GSE199219,CID4040,FAM129A,0.7056213790363808
GSE199219,CID4040,IVNS1ABP,0.8104183205555043
GSE199219,CID4040,TPR,0.754773326353667
GSE199219,CID4040,RGS1,1.2806311281286324
GSE199219,CID4040,RGS2,0.988899917617901
GSE199219,CID4040,PTPRC,0.8651098192391822
GSE199219,CID4040,PTPN7,0.7328911078949624
GSE199219,CID4040,BTG2,0.983984256777449
GSE199219,CID4040,NUCKS1,0.7430182669008478
GSE199219,CID4040,CD55,0.82360838872745
GSE199219,CID4040,TRAF3IP3,0.724362702678177
GSE199219,CID4040,ATF3,0.9217716329538812
GSE199219,CID4040,H3F3A,0.8557410405146195
GSE199219,CID4040,ARF1,0.7898617632413371
GSE199219,CID4040,GUK1,0.8385498644279111
GSE199219,CID4040,TOMM20,0.7815158662562686
GSE199219,CID4040,ARID4B,0.8814526434480268
GSE199219,CID4040,LYST,0.7219415992255745
GSE199219,CID4040,HNRNPU,0.895240369456571
GSE199219,CID4040,RPS7,0.7017788955773833
GSE199219,CID4040,ID2,1.1134997510090636
GSE199219,CID4040,YWHAQ,0.8100354230886737
GSE199219,CID4040,ODC1,0.9103436043302844
GSE199219,CID4040,PDIA6,0.7173073354904933
GSE199219,CID4040,OST4,0.8553533094345752
GSE199219,CID4040,FOSL2,0.8302645730579956
GSE199219,CID4040,PPP1CB,0.8371604282627356
GSE199219,CID4040,YPEL5,1.0267514852527797
GSE199219,CID4040,LBH,0.789876823169379
GSE199219,CID4040,SRSF7,0.9084946172325199
GSE199219,CID4040,EML4,0.8149537804979633
GSE199219,CID4040,ZFP36L2,1.1464428599159278
GSE199219,CID4040,CALM2,0.9305932176918421
GSE199219,CID4040,EPCAM,0.11294687391577109
GSE199219,CID4040,RTN4,0.7055896199429657
GSE199219,CID4040,RPS27A,0.7054096438093139
GSE199219,CID4040,REL,1.082727656985575
GSE199219,CID4040,CCT4,0.7506971329743832
GSE199219,CID4040,UGP2,0.6932496322236806
GSE199219,CID4040,ACTR2,0.7671779250439925
GSE199219,CID4040,AAK1,0.7567273109334144
GSE199219,CID4040,PCBP1,0.7824736993274017
GSE199219,CID4040,SNRPG,0.7251083340606276
GSE199219,CID4040,TMSB10,0.8086016685860952
GSE199219,CID4040,VAMP8,0.7612915333469054
GSE199219,CID4040,GNLY,1.071691313975665
GSE199219,CID4040,CD8A,0.8565112015485083
GSE199219,CID4040,CD8B,0.7112446670336986
GSE199219,CID4040,CYTOR,0.7608085205347349
GSE199219,CID4040,DUSP2,1.177960942874595
GSE199219,CID4040,ARID5A,0.7496289126022277
GSE199219,CID4040,COX5B,0.8018131081796465
GSE199219,CID4040,RPL31,0.8694181246249733
GSE199219,CID4040,GCC2,0.7891454802675898
GSE199219,CID4040,LIMS1,0.7163886972727498
GSE199219,CID4040,ACTR3,0.7982996475080572
GSE199219,CID4040,DDX18,0.7203991974237788
GSE199219,CID4040,DBI,0.7969512731929643
GSE199219,CID4040,GYPC,0.7473020369862022
GSE199219,CID4040,MZT2B,0.8353791502445779
GSE199219,CID4040,MZT2A,0.7503948774452223
GSE199219,CID4040,UBXN4,0.7444512535182103
GSE199219,CID4040,CXCR4,1.2946359529052642
GSE199219,CID4040,ARHGAP15,0.6964544816253476
GSE199219,CID4040,ZEB2,0.8242507299458927
GSE199219,CID4040,PRPF40A,0.6990363923500234
GSE199219,CID4040,NR4A2,1.1568472967885564
GSE199219,CID4040,CYTIP,0.9731174882768522
GSE199219,CID4040,TANK,0.8840927794730893
GSE199219,CID4040,PPIG,0.7636510932553814
GSE199219,CID4040,WIPF1,0.776125532181316
GSE199219,CID4040,ATP5MC3,0.7139286485344374
GSE199219,CID4040,HNRNPA3,0.781438782611779
GSE199219,CID4040,NFE2L2,0.8302557037267191
GSE199219,CID4040,ITGA4,0.7147854135170609
GSE199219,CID4040,ORMDL1,0.7068201412722745
GSE199219,CID4040,GLS,0.8547863376027873
GSE199219,CID4040,STAT1,0.8049166702006636
GSE199219,CID4040,STAT4,0.7190586857302292
GSE199219,CID4040,NABP1,0.7723524776524702
GSE199219,CID4040,STK17B,0.9086133796981357
GSE199219,CID4040,ANKRD44,0.6972554881653754
GSE199219,CID4040,SF3B1,0.790638702370465
GSE199219,CID4040,HSPD1,1.1945091399241345
GSE199219,CID4040,HSPE1,1.0970133705024938
GSE199219,CID4040,BZW1,0.7825496521210052
GSE199219,CID4040,CLK1,0.8543388429852815
GSE199219,CID4040,CFLAR,0.8293754595774653
GSE199219,CID4040,SUMO1,0.7366282441263379
GSE199219,CID4040,NOP58,0.7631907530067465
GSE199219,CID4040,CTLA4,0.9410065873376436
GSE199219,CID4040,ICOS,1.0358227520535046
GSE199219,CID4040,EEF1B2,0.9061920028686242
GSE199219,CID4040,XRCC5,0.7057161967909201
GSE199219,CID4040,RPL37A,0.7820176791563553
GSE199219,CID4040,ARPC2,0.921964673118413
GSE199219,CID4040,TUBA4A,1.001422433282201
GSE199219,CID4040,SP100,0.7945040678484679
GSE199219,CID4040,NCL,0.9187568291773747
GSE199219,CID4040,ARL4C,1.0068997776593662
GSE199219,CID4040,LRRFIP1,0.8869049666043589
GSE199219,CID4040,PDCD1,0.47969830251261464
GSE199219,CID4040,ARPC4,0.6961116740652462
GSE199219,CID4040,BRK1,0.7488120034183161
GSE199219,CID4040,RPL32,0.7488388542584047
GSE199219,CID4040,ANKRD28,0.7876561511461706
GSE199219,CID4040,RPL15,0.7131322396262119
GSE199219,CID4040,GOLGA4,0.8005401716528944
GSE199219,CID4040,CSRNP1,0.8060370966856938
GSE199219,CID4040,RPSA,0.8136886675358402
GSE199219,CID4040,EIF1B,0.7003348617264545
GSE199219,CID4040,RPL14,0.7478279671635607
GSE199219,CID4040,NKTR,0.8369746082974538
GSE199219,CID4040,TMA7,0.858006468554118
GSE199219,CID4040,RHOA,0.8621672117149448
GSE199219,CID4040,GNAI2,0.8303390626893651
GSE199219,CID4040,RPL29,0.7835143125068003
GSE199219,CID4040,SPCS1,0.7903201752224813
GSE199219,CID4040,SELENOK,1.0452985534579702
GSE199219,CID4040,ARF4,0.7282615782249325
GSE199219,CID4040,ARL6IP5,0.8875088037923281
GSE199219,CID4040,FOXP1,0.7972338621168684
GSE199219,CID4040,MTRNR2L12,1.0093281783339394
GSE199219,CID4040,CLDND1,0.6954827781597548
GSE199219,CID4040,RPL24,0.7339097160521297
GSE199219,CID4040,NFKBIZ,0.8706303355423305
GSE199219,CID4040,CD47,0.7176569955237243
GSE199219,CID4040,TRAT1,0.6910517435566619
GSE199219,CID4040,CD96,0.7965346792883844
GSE199219,CID4040,TIGIT,0.9146740180014639
GSE199219,CID4040,NDUFB4,0.6914867274950564
GSE199219,CID4040,HCLS1,0.7219050062262272
GSE199219,CID4040,GOLGB1,0.919192699052142
GSE199219,CID4040,CNBP,0.799243429517358
GSE199219,CID4040,H1FX,0.9253767674763761
GSE199219,CID4040,CDV3,0.7648596364771546
GSE199219,CID4040,ATP1B3,0.9697217865870844
GSE199219,CID4040,TSC22D2,0.7083842572001413
GSE199219,CID4040,SERP1,0.8471666619469934
GSE199219,CID4040,MBNL1,0.8625509246354095
GSE199219,CID4040,DHX36,0.7803977086024535
GSE199219,CID4040,TIPARP,0.7689829569679729
GSE199219,CID4040,CCNL1,0.8994243275952787
GSE199219,CID4040,SEC62,0.7098246269873799
GSE199219,CID4040,SKIL,0.7078908329029422
GSE199219,CID4040,RPL22L1,0.8209036837598997
GSE199219,CID4040,TRA2B,0.806008283070057
GSE199219,CID4040,EIF4A2,0.8899718447713719
GSE199219,CID4040,PPP1R2,0.8920368474820252
GSE199219,CID4040,PAK2,0.7046603155782316
GSE199219,CID4040,RPL35A,0.7735861854368264
GSE199219,CID4040,MXD4,0.7056800132374811
GSE199219,CID4040,MRFAP1,0.6995156220288666
GSE199219,CID4040,BOD1L1,0.7252959526257293
GSE199219,CID4040,RBPJ,0.8388708073131798
GSE199219,CID4040,RPL9,0.7603817343640458
GSE199219,CID4040,RHOH,0.9654276441974374
GSE199219,CID4040,OCIAD2,0.7872284944158717
GSE199219,CID4040,HOPX,0.8018872572552262
GSE199219,CID4040,AREG,0.9943701394935395
GSE199219,CID4040,G3BP2,0.896342095996095
GSE199219,CID4040,CCNI,0.8905901781440443
GSE199219,CID4040,CXCL13,0.89057367564603
GSE199219,CID4040,CNOT6L,0.8692567452445852
GSE199219,CID4040,RASGEF1B,0.7519782522303852
GSE199219,CID4040,HNRNPDL,0.8558171241986651
GSE199219,CID4040,H2AFZ,1.014355921034229
GSE199219,CID4040,NFKB1,0.7170305946687817
GSE199219,CID4040,UBE2D3,0.8523796937469316
GSE199219,CID4040,RPL34,0.7682789095754508
GSE199219,CID4040,SNHG8,0.8190744537963812
GSE199219,CID4040,C4orf3,0.7430781826718819
GSE199219,CID4040,ANXA5,0.7455916358332327
GSE199219,CID4040,SMARCA5,0.7162938141477398
GSE199219,CID4040,RPS3A,0.7683937975976713
GSE199219,CID4040,HMGB2,0.9346828563785271
GSE199219,CID4040,SUB1,0.9361857692217956
GSE199219,CID4040,IL7R,1.2988222941253431
GSE199219,CID4040,FYB1,0.9111526295286753
GSE199219,CID4040,PTGER4,0.8751913570618045
GSE199219,CID4040,PRKAA1,0.47438976736842514
GSE199219,CID4040,RPL37,0.7681465966706558
GSE199219,CID4040,EMB,0.7627431387854232
GSE199219,CID4040,GZMK,1.258510840636085
GSE199219,CID4040,GZMA,1.2856168637750012
GSE199219,CID4040,GPBP1,0.9115418458999988
GSE199219,CID4040,PIK3R1,0.8389431520780277
GSE199219,CID4040,BTF3,0.8359301458246319
GSE199219,CID4040,NSA2,0.7575023771965936
GSE199219,CID4040,TBCA,0.7464820297526763
GSE199219,CID4040,RPS23,0.7234242228176463
GSE199219,CID4040,COX7C,0.8510487157474286
GSE199219,CID4040,CCNH,0.7466754328270093
GSE199219,CID4040,GLRX,0.7355577081528722
GSE199219,CID4040,CAST,0.8247955971170376
GSE199219,CID4040,CHD1,0.818690272169271
GSE199219,CID4040,REEP5,0.738643540110526
GSE199219,CID4040,TNFAIP8,0.7677413168451354
GSE199219,CID4040,HINT1,0.8864264848815657
GSE199219,CID4040,CDC42SE2,0.8268566129449184
GSE199219,CID4040,IRF1,0.9681033788199538
GSE199219,CID4040,UQCRQ,0.6899524082441386
GSE199219,CID4040,SKP1,0.8488946793854121
GSE199219,CID4040,UBE2B,0.787333216951363
GSE199219,CID4040,HNRNPA0,0.8050387191048046
GSE199219,CID4040,EGR1,0.7125407074856887
GSE199219,CID4040,HSPA9,0.7230926094650144
GSE199219,CID4040,PAIP2,0.7783457307837366
GSE199219,CID4040,UBE2D2,0.7842649389269415
GSE199219,CID4040,CD14,0.19964623526116804
GSE199219,CID4040,TAF7,0.7474034811098063
GSE199219,CID4040,NDFIP1,0.751868334924481
GSE199219,CID4040,NR3C1,0.8445640870557437
GSE199219,CID4040,CSNK1A1,0.723650661108698
GSE199219,CID4040,CD74,1.0805917272419565
GSE199219,CID4040,RPS14,0.7691428241893336
GSE199219,CID4040,ITK,0.6931410647551138
GSE199219,CID4040,NPM1,0.8995270696637149
GSE199219,CID4040,DUSP1,1.1136457549570107
GSE199219,CID4040,ATP6V0E1,0.826532441244224
GSE199219,CID4040,CREBRF,0.7232195942895082
GSE199219,CID4040,HIGD2A,0.7699825958690468
GSE199219,CID4040,PRELID1,0.7386974795545814
GSE199219,CID4040,HNRNPAB,0.7884076719587634
GSE199219,CID4040,HNRNPH1,0.9454133003333557
GSE199219,CID4040,SQSTM1,0.9104952592553928
GSE199219,CID4040,RACK1,1.2600745842859664
GSE199219,CID4040,SERPINB9,0.7574512972530092
GSE199219,CID4040,CD83,0.7657712074717894
GSE199219,CID4040,MYLIP,0.7512372358436008
GSE199219,CID4040,DEK,0.7870695284534507
GSE199219,CID4040,HIST1H4C,0.749594631840854
GSE199219,CID4040,HLA-F,0.8267530301553547
GSE199219,CID4040,HLA-A,0.7111783589938185
GSE199219,CID4040,HLA-E,0.7752625770230485
GSE199219,CID4040,PPP1R10,0.7758221640725835
GSE199219,CID4040,TUBB,0.760681834664159
GSE199219,CID4040,TNF,0.9911077729308208
GSE199219,CID4040,LTB,1.266047864565318
GSE199219,CID4040,CLIC1,0.9467444899094071
GSE199219,CID4040,HSPA1A,1.9608435352448077
GSE199219,CID4040,HSPA1B,1.6732643156350202
GSE199219,CID4040,C6orf48,0.7350362250384473
GSE199219,CID4040,NEU1,0.9716099436945423
GSE199219,CID4040,GPSM3,0.7859949187956311
GSE199219,CID4040,HLA-DRA,0.9823108509557404
GSE199219,CID4040,HLA-DRB1,1.1579594820580537
GSE199219,CID4040,HLA-DQA1,0.8422005514764977
GSE199219,CID4040,HLA-DQB1,0.7673511948205144
GSE199219,CID4040,PSMB8,0.7903595551322858
GSE199219,CID4040,PSMB9,0.8832790359744002
GSE199219,CID4040,TAP1,0.7263337902443036
GSE199219,CID4040,BRD2,0.91569452345982
GSE199219,CID4040,HLA-DPA1,0.9510769798004869
GSE199219,CID4040,HLA-DPB1,0.9289463658264377
GSE199219,CID4040,RPS18,0.7440960881925476
GSE199219,CID4040,TAPBP,0.7664387281044284
GSE199219,CID4040,CUTA,0.7613143532470593
GSE199219,CID4040,RPS10,0.8872536367463418
GSE199219,CID4040,RPL10A,0.8055257950076425
GSE199219,CID4040,SRSF3,0.9186324368322952
GSE199219,CID4040,CDKN1A,0.696738190536146
GSE199219,CID4040,HSP90AB1,1.192918776614169
GSE199219,CID4040,EEF1A1,0.6916157177336066
GSE199219,CID4040,COX7A2,0.8297048860976165
GSE199219,CID4040,ZNF292,0.7776488972199477
GSE199219,CID4040,PNRC1,0.9181427423182825
GSE199219,CID4040,PNISR,0.9066633118618177
GSE199219,CID4040,PRDM1,0.7537660527547364
GSE199219,CID4040,SNX3,0.7098091414479605
GSE199219,CID4040,CD164,0.7214183765938389
GSE199219,CID4040,AMD1,0.9071443142959967
GSE199219,CID4040,FYN,0.866287431711695
GSE199219,CID4040,RPS12,0.7389916792145093
GSE199219,CID4040,BCLAF1,0.8245383172952451
GSE199219,CID4040,TNFAIP3,1.1120644441485763
GSE199219,CID4040,ABRACL,0.7815136083216447
GSE199219,CID4040,CITED2,0.8370309398825528
GSE199219,CID4040,SF3B5,0.7251089614912427
GSE199219,CID4040,ARID1B,0.7033838555151465
GSE199219,CID4040,DYNLT1,0.7223754317492791
GSE199219,CID4040,SYTL3,0.6969786451804723
GSE199219,CID4040,EZR,1.042972220836502
GSE199219,CID4040,TAGAP,0.9816915496336512
GSE199219,CID4040,SOD2,0.7266024588151847
GSE199219,CID4040,WTAP,0.74787373472804
GSE199219,CID4040,TCP1,0.7693265522404613
GSE199219,CID4040,MRPL18,0.7545388299500806
GSE199219,CID4040,RNASET2,0.7093786638870537
GSE199219,CID4040,PSMB1,0.7744226173834858
GSE199219,CID4040,ACTB,0.8795534208504476
GSE199219,CID4040,RAC1,0.7735666866125199
GSE199219,CID4040,NDUFA4,0.861617340162645
GSE199219,CID4040,ARL4A,0.7868062362998195
GSE199219,CID4040,TOMM7,0.851268920614806
GSE199219,CID4040,TRA2A,0.7230808935291706
GSE199219,CID4040,CYCS,0.9000284258090884
GSE199219,CID4040,HNRNPA2B1,0.8915536940835659
GSE199219,CID4040,CBX3,0.7253743924601517
GSE199219,CID4040,TAX1BP1,0.7401195051775501
GSE199219,CID4040,SEPT7,0.8615382853270607
GSE199219,CID4040,STK17A,0.8973284077739461
GSE199219,CID4040,PPIA,0.8744507201869441
GSE199219,CID4040,H2AFV,0.82909218517872
GSE199219,CID4040,IKZF1,0.7390730764590127
GSE199219,CID4040,SEC61G,0.7640290961031807
GSE199219,CID4040,EGFR,0.026881750436184265
GSE199219,CID4040,CHCHD2,0.8551282487376798
GSE199219,CID4040,SBDS,0.7321060526670972
GSE199219,CID4040,HSPB1,0.8792743659974709
GSE199219,CID4040,AKAP9,0.7931873454148207
GSE199219,CID4040,FAM133B,0.9057538248394785
GSE199219,CID4040,SEM1,0.6907255902788922
GSE199219,CID4040,ARPC1B,0.893484002096064
GSE199219,CID4040,LAMTOR4,0.7571360425169176
GSE199219,CID4040,KMT2E,0.8728077881749794
GSE199219,CID4040,NAMPT,0.8711944872027424
GSE199219,CID4040,HBP1,0.7817576682053212
GSE199219,CID4040,DNAJB9,0.7429258863869771
GSE199219,CID4040,IFRD1,0.8582332860275117
GSE199219,CID4040,AC016831.7,0.7248958405932335
GSE199219,CID4040,AC016831.5,0.7324266960666314
GSE199219,CID4040,AC058791.1,0.9551552042977406
GSE199219,CID4040,ZC3HAV1,0.9155168085933789
GSE199219,CID4040,NDUFB2,0.7995867824148496
GSE199219,CID4040,SSBP1,0.6926847244777126
GSE199219,CID4040,TRBC1,1.2297489576826754
GSE199219,CID4040,TRBC2,1.088477676101619
GSE199219,CID4040,GSTK1,0.8209715875767355
GSE199219,CID4040,GIMAP7,0.7545109866407111
GSE199219,CID4040,DNAJB6,0.9630218052549256
GSE199219,CID4040,SLC25A6,0.8190178565043925
GSE199219,CID4040,CD99,0.8774549235735977
GSE199219,CID4040,TMSB4X,0.7270739243083574
GSE199219,CID4040,SYAP1,0.6974774155169141
GSE199219,CID4040,SH3KBP1,0.7180572683865342
GSE199219,CID4040,EIF1AX,0.8180555580620436
GSE199219,CID4040,SAT1,1.1457866713132443
GSE199219,CID4040,DDX3X,0.9691974035020483
GSE199219,CID4040,NDUFB11,0.7758219312632982
GSE199219,CID4040,UXT,0.7438837839046619
GSE199219,CID4040,RBM3,0.8044278975761798
GSE199219,CID4040,PLP2,0.7888889722281118
GSE199219,CID4040,TSPYL2,0.8722655268777402
GSE199219,CID4040,MSN,0.8263102453755717
GSE199219,CID4040,IL2RG,0.8691700829866237
GSE199219,CID4040,RPS4X,0.7305608116663963
GSE199219,CID4040,XIST,0.9608711611540407
GSE199219,CID4040,ATRX,0.8319488977966369
GSE199219,CID4040,COX7B,0.780320398191234
GSE199219,CID4040,PGK1,0.829022782757403
GSE199219,CID4040,ITM2A,0.9510872591572564
GSE199219,CID4040,SH3BGRL,0.7362485284446563
GSE199219,CID4040,RPL36A,0.8441906582919406
GSE199219,CID4040,TSC22D3,1.0875143789621466
GSE199219,CID4040,SLC25A5,0.8341561158948881
GSE199219,CID4040,SEPT6,0.8158429518823322
GSE199219,CID4040,RPL39,0.7473116462914074
GSE199219,CID4040,NDUFA1,0.748023721766811
GSE199219,CID4040,CD40LG,0.7685260296765314
GSE199219,CID4040,RBMX,0.750893605892434
GSE199219,CID4040,IDS,0.9220398046305127
GSE199219,CID4040,NSDHL,0.16258250724643353
GSE199219,CID4040,SSR4,0.8442638384264473
GSE199219,CID4040,FLNA,0.7383998258760056
GSE199219,CID4040,RPL10,0.7083213732418004
GSE199219,CID4040,G6PD,0.31682996496525395
GSE199219,CID4040,PCM1,0.7502881822858414
GSE199219,CID4040,DOK2,0.7512647073041749
GSE199219,CID4040,DUSP4,1.2485020378191778
GSE199219,CID4040,SARAF,0.9048036304098076
GSE199219,CID4040,LEPROTL1,0.8753380406494323
GSE199219,CID4040,RAB11FIP1,0.8223265760309717
GSE199219,CID4040,NSD3,0.7735190408179768
GSE199219,CID4040,RPS20,0.8913432683834988
GSE199219,CID4040,SDCBP,0.9966781808834639
GSE199219,CID4040,PDE7A,0.6936647389888403
GSE199219,CID4040,RPL7,0.8955570562198869
GSE199219,CID4040,FABP5,0.7400024816671532
GSE199219,CID4040,UQCRB,0.8659259744014343
GSE199219,CID4040,MTDH,0.7802762354654291
GSE199219,CID4040,RPL30,0.7332954465822091
GSE199219,CID4040,COX6C,0.8601462583539627
GSE199219,CID4040,RNF19A,0.9485290420523231
GSE199219,CID4040,PABPC1,0.9240316858246463
GSE199219,CID4040,YWHAZ,0.8742944981224544
GSE199219,CID4040,ZNF706,0.703800310268584
GSE199219,CID4040,EIF3E,0.8486259626056674
GSE199219,CID4040,ENY2,0.6982122362331049
GSE199219,CID4040,EIF3H,0.7981631681843988
GSE199219,CID4040,FAM49B,0.7270096471935215
GSE199219,CID4040,SLA,0.9536382763946566
GSE199219,CID4040,LY6E,0.9395085378483373
GSE199219,CID4040,EEF1D,0.8279631336226517
GSE199219,CID4040,VPS28,0.7163622987365753
GSE199219,CID4040,RPL8,0.7477049762543274
GSE199219,CID4040,DOCK8,0.7025120987354286
GSE199219,CID4040,VLDLR,0.05326678197888247
GSE199219,CID4040,CD274,0.27492265920861464
GSE199219,CID4040,PLIN2,0.7482312076219165
GSE199219,CID4040,RPS6,0.7715447432296958
GSE199219,CID4040,DNAJA1,1.138278202270229
GSE199219,CID4040,CEMIP2,0.7000326170942508
GSE199219,CID4040,ZFAND5,0.8187955712361664
GSE199219,CID4040,ANXA1,1.5708184242209386
GSE199219,CID4040,TLE4,0.8033591696314445
GSE199219,CID4040,HNRNPK,0.8466826784584613
GSE199219,CID4040,CKS2,0.8052904754239533
GSE199219,CID4040,ANP32B,0.8176236735773178
GSE199219,CID4040,SEC61B,0.809497457143041
GSE199219,CID4040,NR4A3,0.7889638884644722
GSE199219,CID4040,TXN,0.8616196464942336
GSE199219,CID4040,AKNA,0.7069533625404972
GSE199219,CID4040,ATP6V1G1,0.8077186243937191
GSE199219,CID4040,RPL35,0.806796077221011
GSE199219,CID4040,HSPA5,0.9441542978386207
GSE199219,CID4040,RPL12,0.7357979666512003
GSE199219,CID4040,C9orf16,0.800015216779134
GSE199219,CID4040,SPTAN1,0.7463523302032599
GSE199219,CID4040,SET,0.8173352026657159
GSE199219,CID4040,IER5L,0.8219234401997928
GSE199219,CID4040,C9orf78,0.7101518686305182
GSE199219,CID4040,FNBP1,0.8085438134909929
GSE199219,CID4040,RPL7A,0.726463679893782
GSE199219,CID4040,SNHG7,0.7496827816215218
GSE199219,CID4040,PHPT1,0.7049964931228272
GSE199219,CID4040,EDF1,0.8329181247978179
GSE199219,CID4040,PAXX,0.711149514026271
GSE199219,CID4040,DPP7,0.6922399588047351
GSE199219,CID4040,TUBB4B,1.030797974016755
GSE199219,CID4040,IFITM2,0.9245600608421499
GSE199219,CID4040,RPLP2,0.7312347500285316
GSE199219,CID4040,POLR2L,0.7926743640191628
GSE199219,CID4040,CTSD,0.7624973252682674
GSE199219,CID4040,LSP1,0.8418577738193949
GSE199219,CID4040,CD81,0.8475044444786108
GSE199219,CID4040,KCNQ1OT1,0.7717387056047397
GSE199219,CID4040,EIF3F,0.8079733508922542
GSE199219,CID4040,RPL27A,0.8451794198740314
GSE199219,CID4040,MTRNR2L8,0.8283050693621001
GSE199219,CID4040,EIF4G2,0.8276336734863895
GSE199219,CID4040,PSMA1,0.7041147503020379
GSE199219,CID4040,C11orf58,0.7661783829382647
GSE199219,CID4040,RPS13,0.8140588915286165
GSE199219,CID4040,LDHA,0.9780613652563949
GSE199219,CID4040,CD44,0.9436462452536356
GSE199219,CID4040,CD6,0.7623931842124544
GSE199219,CID4040,TMEM258,0.7380700337512617
GSE199219,CID4040,FTH1,1.0096409907187385
GSE199219,CID4040,AHNAK,0.9874310681983697
GSE199219,CID4040,UBXN1,0.7664633877804792
GSE199219,CID4040,SLC3A2,0.7516538945956117
GSE199219,CID4040,RARRES3,0.8784606612219144
GSE199219,CID4040,COX8A,0.8624926112198367
GSE199219,CID4040,PPP1R14B,0.7065172553224294
GSE199219,CID4040,TRMT112,0.7973848443884723
GSE199219,CID4040,PRDX5,0.6936077956876772
GSE199219,CID4040,SF1,0.8643426294227774
GSE199219,CID4040,FAU,0.6997109442816619
GSE199219,CID4040,NEAT1,1.1282707717699616
GSE199219,CID4040,CFL1,0.8540018366912043
GSE199219,CID4040,CTSW,0.7543571877362516
GSE199219,CID4040,CCDC85B,0.7167531022979519
GSE199219,CID4040,DRAP1,0.8216282986598172
GSE199219,CID4040,PPP1CA,0.7011619288285608
GSE199219,CID4040,TBC1D10C,0.7482098970911566
GSE199219,CID4040,CORO1B,0.793796780522038
GSE199219,CID4040,GSTP1,0.7374699327407318
GSE199219,CID4040,DHCR7,0.2412441648553577
GSE199219,CID4040,UCP2,0.7679628380298923
GSE199219,CID4040,SPCS2,0.7696499225558406
GSE199219,CID4040,RPS3,0.7718118547958659
GSE199219,CID4040,RSF1,0.6945629574301942
GSE199219,CID4040,NDUFC2,0.7318881299641691
GSE199219,CID4040,CTSC,0.8833382354875294
GSE199219,CID4040,CHORDC1,0.84540269815663
GSE199219,CID4040,TAF1D,0.8068796237022644
GSE199219,CID4040,BIRC3,1.063134946220729
GSE199219,CID4040,CARD16,0.7735850055372949
GSE199219,CID4040,NCAM1,0.11489701152313762
GSE199219,CID4040,PCSK7,0.7139252997191726
GSE199219,CID4040,IL10RA,0.6971044865109569
GSE199219,CID4040,CD3E,0.8630690625819795
GSE199219,CID4040,CD3D,0.905881238102519
GSE199219,CID4040,CD3G,0.8800236711716527
GSE199219,CID4040,ATP5MG,1.013498908765492
GSE199219,CID4040,KMT2A,0.7343449413165345
GSE199219,CID4040,DDX6,0.6932482670417791
GSE199219,CID4040,RPS25,0.7533920534042058
GSE199219,CID4040,H2AFX,0.8037334224819199
GSE199219,CID4040,HSPA8,1.0568704811234553
GSE199219,CID4040,ETS1,0.8226296956177628
GSE199219,CID4040,IDI1,0.780955914033866
GSE199219,CID4040,KLF6,1.1113955830706765
GSE199219,CID4040,GATA3,0.6999108388058551
GSE199219,CID4040,CELF2,0.8214983365501154
GSE199219,CID4040,OPTN,0.728221936144602
GSE199219,CID4040,FAM107B,1.0121895970840884
GSE199219,CID4040,VIM,1.1456887529144717
GSE199219,CID4040,APBB1IP,0.6987487869600751
GSE199219,CID4040,YME1L1,0.7519144477252254
GSE199219,CID4040,WAC,0.6906886929832169
GSE199219,CID4040,KIF5B,0.7372491658429375
GSE199219,CID4040,EPC1,0.7980123698852054
GSE199219,CID4040,ITGB1,0.8573553469022369
GSE199219,CID4040,CREM,1.218187310616348
GSE199219,CID4040,HNRNPF,0.7834504556541897
GSE199219,CID4040,ARID5B,1.0487681041883634
GSE199219,CID4040,JMJD1C,0.8394995631046892
GSE199219,CID4040,HNRNPH3,0.7159937741126898
GSE199219,CID4040,DDX21,0.751019151001423
GSE199219,CID4040,SRGN,0.8923262260838418
GSE199219,CID4040,PPA1,0.7121544322133292
GSE199219,CID4040,SPOCK2,0.8881904468212704
GSE199219,CID4040,ANAPC16,0.8091845394803265
GSE199219,CID4040,DDIT4,0.9964856701909627
GSE199219,CID4040,VDAC2,0.6896830376018922
GSE199219,CID4040,PGAM1,0.746613771298691
GSE199219,CID4040,NDUFB8,0.7568977732597889
GSE199219,CID4040,ATP5MD,0.7112541540059644
GSE199219,CID4040,DUSP5,0.7471143733342643
GSE199219,CID4040,PDCD4,0.8662116052516722
GSE199219,CID4040,EIF3A,0.783017543149508
GSE199219,CID4040,RGS10,0.7680250089623228
GSE199219,CID4040,BUB3,0.707842913697745
GSE199219,CID4040,WNK1,0.7257620796044091
GSE199219,CID4040,CCND2,0.7267216311377135
GSE199219,CID4040,CD27,0.8317302506556448
GSE199219,CID4040,GAPDH,1.0136957554034443
GSE199219,CID4040,CD4,0.5823640005839597
GSE199219,CID4040,TPI1,0.8738646510142482
GSE199219,CID4040,C12orf57,0.8556085950336398
GSE199219,CID4040,SLC2A3,1.0087950695224286
GSE199219,CID4040,KLRB1,0.9721726526800192
GSE199219,CID4040,CLEC2D,0.9316843251496201
GSE199219,CID4040,CD69,1.2805259152958959
GSE199219,CID4040,CLEC2B,1.039179438519792
GSE199219,CID4040,GABARAPL1,0.7002113964313877
GSE199219,CID4040,KLRD1,0.6900650897878831
GSE199219,CID4040,CDKN1B,0.7842079791884505
GSE199219,CID4040,ATF7IP,0.6975041934078396
GSE199219,CID4040,ARHGDIB,0.9036702384439448
GSE199219,CID4040,LDHB,0.8518021617981787
GSE199219,CID4040,FGFR1OP2,0.7257348277092502
GSE199219,CID4040,KIAA1551,0.8407548669010797
GSE199219,CID4040,SCAF11,0.7962825363501507
GSE199219,CID4040,SLC38A1,0.7463012083439301
GSE199219,CID4040,SLC38A2,0.9135279836217522
GSE199219,CID4040,TUBA1B,1.0070682837054459
GSE199219,CID4040,TUBA1A,0.9915995766900324
GSE199219,CID4040,TUBA1C,0.6923286875317642
GSE199219,CID4040,TMBIM6,0.8477226560000473
GSE199219,CID4040,LIMA1,0.42908731939244
GSE199219,CID4040,DAZAP2,0.850227723196793
GSE199219,CID4040,NR4A1,0.903869973841646
GSE199219,CID4040,EIF4B,0.7196489538287901
GSE199219,CID4040,PFDN5,0.8322694584822592
GSE199219,CID4040,PCBP2,0.8070259967751857
GSE199219,CID4040,ATP5MC2,0.958196614253729
GSE199219,CID4040,HNRNPA1,0.8523509366832996
GSE199219,CID4040,BLOC1S1,0.7402480568912804
GSE199219,CID4040,CD63,0.8430000847033253
GSE199219,CID4040,RPS26,0.9659936156915571
GSE199219,CID4040,RPL41,0.7277209972136999
GSE199219,CID4040,MYL6,0.9444818547467394
GSE199219,CID4040,PTGES3,0.8981670750311793
GSE199219,CID4040,NACA,0.7923228327534744
GSE199219,CID4040,USP15,0.7981110390165101
GSE199219,CID4040,IFNG,1.2827052865708257
GSE199219,CID4040,RAP1B,0.7932156361483531
GSE199219,CID4040,RAB21,0.6893576653360407
GSE199219,CID4040,GLIPR1,0.7560038590623644
GSE199219,CID4040,PHLDA1,0.9469388563703531
GSE199219,CID4040,NAP1L1,0.866350265867752
GSE199219,CID4040,PPP1R12A,0.7453609605822522
GSE199219,CID4040,ATP2B1,0.7864474289476162
GSE199219,CID4040,BTG1,0.81117873832012
GSE199219,CID4040,SLC25A3,0.8686915240924072
GSE199219,CID4040,HSP90B1,0.8229551524635217
GSE199219,CID4040,C12orf75,0.7070233371423152
GSE199219,CID4040,ISCU,0.7397566845054248
GSE199219,CID4040,ARPC3,0.9099067350496934
GSE199219,CID4040,ERP29,0.7926673390367598
GSE199219,CID4040,RPL6,0.7416190982149768
GSE199219,CID4040,PEBP1,0.7444406500350066
GSE199219,CID4040,BICDL1,0.6982211649683701
GSE199219,CID4040,RPLP0,0.8646768070430095
GSE199219,CID4040,COX6A1,0.8115531426253417
GSE199219,CID4040,SRSF9,0.7380925277113798
GSE199219,CID4040,DYNLL1,0.9515789136188496
GSE199219,CID4040,RSRC2,0.862941027391029
GSE199219,CID4040,VPS37B,0.7508390085288335
GSE199219,CID4040,ARL6IP4,0.7945702359610857
GSE199219,CID4040,RILPL2,0.8184845277674216
GSE199219,CID4040,UBC,0.8617021378493501
GSE199219,CID4040,RAN,0.8702873359870779
GSE199219,CID4040,MPHOSPH8,0.7405096249629015
GSE199219,CID4040,SAP18,0.8946611090301999
GSE199219,CID4040,RPL21,0.8033682381229831
GSE199219,CID4040,GTF3A,0.7324692479544674
GSE199219,CID4040,POLR1D,0.7226944173505458
GSE199219,CID4040,POMP,0.7588844355205356
GSE199219,CID4040,HMGB1,0.9309622999748971
GSE199219,CID4040,ALOX5AP,0.8859054741925585
GSE199219,CID4040,HSPH1,1.2757122604451503
GSE199219,CID4040,N4BP2L2,0.8781761466979073
GSE199219,CID4040,ELF1,0.9523608076032797
GSE199219,CID4040,RGCC,1.3138557275823817
GSE199219,CID4040,LCP1,0.8959494552739303
GSE199219,CID4040,ITM2B,0.8613527818440507
GSE199219,CID4040,INTS6,0.9036621392176416
GSE199219,CID4040,COMMD6,0.861005376228511
GSE199219,CID4040,MYCBP2,0.7611686017059999
GSE199219,CID4040,GPR183,1.0441173010925846
GSE199219,CID4040,ARGLU1,0.8594975931023837
GSE199219,CID4040,HNRNPC,0.851844254663925
GSE199219,CID4040,TRAC,0.9974913076282612
GSE199219,CID4040,DAD1,0.7657521542317016
GSE199219,CID4040,PSME1,0.86929128117904
GSE199219,CID4040,PSME2,0.8953599221847653
GSE199219,CID4040,CHMP4A,0.7091632622074097
GSE199219,CID4040,NEDD8,0.7653067031538646
GSE199219,CID4040,GZMH,0.7663400310898935
GSE199219,CID4040,GZMB,0.7245733639347356
GSE199219,CID4040,BAZ1A,0.7555532531853438
GSE199219,CID4040,FAM177A1,0.8421841644224642
GSE199219,CID4040,NFKBIA,1.146591807123593
GSE199219,CID4040,RALGAPA1,0.7657232783170934
GSE199219,CID4040,PNN,0.8021075452564023
GSE199219,CID4040,RPS29,0.8177952237362881
GSE199219,CID4040,RPL36AL,0.8419378323653012
GSE199219,CID4040,ARF6,0.8158656178104442
GSE199219,CID4040,GNG2,0.791876171795333
GSE199219,CID4040,LGALS3,0.7452879997843571
GSE199219,CID4040,KTN1,0.7553725855353202
GSE199219,CID4040,SYNE2,0.9183296471061289
GSE199219,CID4040,ZFP36L1,1.0662727190610248
GSE199219,CID4040,SRSF5,0.8631961028760112
GSE199219,CID4040,RBM25,0.8504960363546331
GSE199219,CID4040,FOS,1.4334241183598904
GSE199219,CID4040,BATF,0.9643365735243709
GSE199219,CID4040,AHSA1,0.7818133562188095
GSE199219,CID4040,CALM1,0.8591664051786992
GSE199219,CID4040,DDX24,0.8831999826624076
GSE199219,CID4040,PAPOLA,0.7505546865124213
GSE199219,CID4040,BCL11B,0.7249370143722237
GSE199219,CID4040,EVL,0.9129789793269806
GSE199219,CID4040,PPP2R5C,0.940239367337957
GSE199219,CID4040,HSP90AA1,1.2514818000423507
GSE199219,CID4040,EIF5,0.9351716272485253
GSE199219,CID4040,CRIP1,0.8029199145922482
GSE199219,CID4040,NSMCE3,0.6917330210944569
GSE199219,CID4040,NOP10,0.6917432140197833
GSE199219,CID4040,SRP14,0.8736873952747563
GSE199219,CID4040,PDIA3,0.7711923171399128
GSE199219,CID4040,SERF2,0.8082546509298734
GSE199219,CID4040,EID1,0.7115792814249898
GSE199219,CID4040,RSL24D1,0.7283126086079805
GSE199219,CID4040,SLTM,0.721876537260777
GSE199219,CID4040,ANXA2,0.7908562696438823
GSE199219,CID4040,RORA,0.9732003278609896
GSE199219,CID4040,RPS27L,0.8772003659527875
GSE199219,CID4040,PPIB,0.8192997604891175
GSE199219,CID4040,RPL4,0.8696747197913482
GSE199219,CID4040,PKM,0.8461808885706199
GSE199219,CID4040,ARIH1,0.7708528345967501
GSE199219,CID4040,COX5A,0.7267222762000597
GSE199219,CID4040,MORF4L1,0.8198331595311721
GSE199219,CID4040,RPS17,0.7555198983688017
GSE199219,CID4040,SEC11A,0.7317522276241188
GSE199219,CID4040,AKAP13,0.8515758488451926
GSE199219,CID4040,ISG20,0.9283410765707316
GSE199219,CID4040,CIB1,0.8456164073237076
GSE199219,CID4040,IQGAP1,0.8109794007555592
GSE199219,CID4040,CHD2,0.8293788748860976
GSE199219,CID4040,RNPS1,0.7033837385895753
GSE199219,CID4040,SRRM2,0.8218736991157111
GSE199219,CID4040,ELOB,0.8480407438579683
GSE199219,CID4040,IL32,1.1291670051164353
GSE199219,CID4040,SOCS1,0.9228707622842491
GSE199219,CID4040,LITAF,0.8148932606220102
GSE199219,CID4040,GSPT1,0.7580710661413484
GSE199219,CID4040,RPS15A,0.7108597737365782
GSE199219,CID4040,ARL6IP1,0.7714710823561258
GSE199219,CID4040,SMG1,0.7048821550802319
GSE199219,CID4040,RBBP6,0.7006075414868653
GSE199219,CID4040,CD19,0.02088775646452379
GSE199219,CID4040,LAT,0.7598408734029426
GSE199219,CID4040,ALDOA,0.7325222988263766
GSE199219,CID4040,CORO1A,0.9279325827016899
GSE199219,CID4040,FUS,0.8998975217905292
GSE199219,CID4040,CYLD,0.7619291205826589
GSE199219,CID4040,MT2A,1.035693265733702
GSE199219,CID4040,HERPUD1,0.9385124171058696
GSE199219,CID4040,CKLF,0.8838141488738694
GSE199219,CID4040,FAM96B,0.7168480277891389
GSE199219,CID4040,GABARAPL2,0.6976984798263798
GSE199219,CID4040,TERF2IP,0.7838789948157153
GSE199219,CID4040,MAF,0.761768867887197
GSE199219,CID4040,CMC2,0.6955716868408636
GSE199219,CID4040,COTL1,0.9840175099323281
GSE199219,CID4040,COX4I1,0.8544533747363819
GSE199219,CID4040,MAP1LC3B,0.8304725642680425
GSE199219,CID4040,CYBA,0.8741807906201262
GSE199219,CID4040,APRT,0.8250186232187988
GSE199219,CID4040,ANKRD11,0.8148379012371639
GSE199219,CID4040,TCF25,0.7691133612546519
GSE199219,CID4040,ITGAE,0.5253162583983467
GSE199219,CID4040,PFN1,0.9575806851940344
GSE199219,CID4040,EIF5A,0.7842680291626617
GSE199219,CID4040,ACAP1,0.852842949273264
GSE199219,CID4040,POLR2A,0.7502832569752723
GSE199219,CID4040,EIF4A1,0.8144587952672371
GSE199219,CID4040,KDM6B,0.8623560776146701
GSE199219,CID4040,TRAPPC1,0.6971669863085798
GSE199219,CID4040,VAMP2,0.7932116996076466
GSE199219,CID4040,RPL26,0.7422639071573026
GSE199219,CID4040,NCOR1,0.731820047706882
GSE199219,CID4040,UBB,0.8883625607732143
GSE199219,CID4040,WSB1,0.8513725256892538
GSE199219,CID4040,RPL23A,0.7461069635454266
GSE199219,CID4040,NUFIP2,0.726111732704154
GSE199219,CID4040,EVI2B,0.7349168172254892
GSE199219,CID4040,ZNF207,0.732923051323804
GSE199219,CID4040,SLFN5,0.732391453225989
GSE199219,CID4040,CCL5,1.5739633465659342
GSE199219,CID4040,CCL3,0.8041855048621148
GSE199219,CID4040,CCL4,1.808133744871577
GSE199219,CID4040,CCL4L2,1.1262172931326195
GSE199219,CID4040,PSMB3,0.7195314651217711
GSE199219,CID4040,RPL23,0.9373855070140731
GSE199219,CID4040,RPL19,0.7020008629355102
GSE199219,CID4040,ERBB2,0.21910872063515538
GSE199219,CID4040,CCR7,0.8291543084439512
GSE199219,CID4040,KRT10,0.7241142351196483
GSE199219,CID4040,STAT3,0.904803585889481
GSE199219,CID4040,RPL27,0.8362074407434216
GSE199219,CID4040,HEXIM1,0.7212230501304426
GSE199219,CID4040,FMNL1,0.730488584428106
GSE199219,CID4040,SKAP1,0.7357409471278716
GSE199219,CID4040,LUC7L3,0.8073377553375544
GSE199219,CID4040,TOB1,0.845769548840723
GSE199219,CID4040,VMP1,0.9239630973425056
GSE199219,CID4040,LIMD2,0.8588636199780967
GSE199219,CID4040,DDX5,0.7916460512484982
GSE199219,CID4040,BPTF,0.7577024855453797
GSE199219,CID4040,KPNA2,0.6994002825898628
GSE199219,CID4040,RPL38,0.8743069236287969
GSE199219,CID4040,FDXR,0.26281278397225494
GSE199219,CID4040,JPT1,0.8393433282064446
GSE199219,CID4040,SUMO2,0.8856477348161153
GSE199219,CID4040,H3F3B,0.7347552931968048
GSE199219,CID4040,UBALD2,0.7699467738972179
GSE199219,CID4040,SRSF2,0.9112992614034072
GSE199219,CID4040,SEPT9,0.6963616533198527
GSE199219,CID4040,SOCS3,0.8485565201549996
GSE199219,CID4040,EIF4A3,0.8893543545911353
GSE199219,CID4040,RNF213,0.8992313291377019
GSE199219,CID4040,ACTG1,0.9273378785630282
GSE199219,CID4040,CD7,1.0103388994566005
GSE199219,CID4040,METRNL,0.8719964566265019
GSE199219,CID4040,SMCHD1,0.8551506861093386
GSE199219,CID4040,MYL12A,0.9870688721969979
GSE199219,CID4040,MYL12B,0.9212035340544856
GSE199219,CID4040,NDUFV2,0.787310121010539
GSE199219,CID4040,ANKRD12,0.9675268639306637
GSE199219,CID4040,VAPA,0.7136354167178474
GSE199219,CID4040,CHMP1B,0.8049815910388004
GSE199219,CID4040,LDLRAD4,0.7164223465100137
GSE199219,CID4040,ROCK1,0.7486389968751843
GSE199219,CID4040,RPL17,0.7242807072989043
GSE199219,CID4040,PMAIP1,1.0096030790103039
GSE199219,CID4040,MBP,0.7331532954063389
GSE199219,CID4040,FKBP1A,0.7485874864297393
GSE199219,CID4040,SNRPB,0.8069645709616665
GSE199219,CID4040,NOP56,0.7496271615460158
GSE199219,CID4040,PRNP,0.7793526557316187
GSE199219,CID4040,CST7,0.9668622467490012
GSE199219,CID4040,DYNLRB1,0.6993411139516231
GSE199219,CID4040,RBM39,0.8370553596062701
GSE199219,CID4040,SCAND1,0.6909429809631192
GSE199219,CID4040,TOP1,0.7970648979871624
GSE199219,CID4040,YWHAB,0.9040712120973582
GSE199219,CID4040,STK4,0.9124143207370623
GSE199219,CID4040,ZFAS1,0.9105291014253244
GSE199219,CID4040,CEBPB,0.7870694135415568
GSE199219,CID4040,GNAS,0.8977154029377895
GSE199219,CID4040,ATP5F1E,1.2410147934841678
GSE199219,CID4040,PSMA7,0.8650754510718285
GSE199219,CID4040,RPS21,0.8043883071962284
GSE199219,CID4040,PPDPF,0.8903833179934634
GSE199219,CID4040,GZMM,0.7779814157757541
GSE199219,CID4040,PTBP1,0.6897946794604582
GSE199219,CID4040,GPX4,0.8200152814876018
GSE199219,CID4040,ATP5F1D,0.7720191636980508
GSE199219,CID4040,MIDN,0.7608961092093852
GSE199219,CID4040,CIRBP,0.859797589657513
GSE199219,CID4040,RPS15,0.6957392596133792
GSE199219,CID4040,UQCR11,0.8036623634479605
GSE199219,CID4040,ABHD17A,0.7247914706478334
GSE199219,CID4040,OAZ1,0.8301775323543565
GSE199219,CID4040,LSM7,0.7124996206347785
GSE199219,CID4040,GADD45B,1.1830263241476298
GSE199219,CID4040,AES,0.8369157978780454
GSE199219,CID4040,EEF2,0.8604262451021963
GSE199219,CID4040,RPL36,0.8720179970900054
GSE199219,CID4040,NDUFA11,0.7257503890397192
GSE199219,CID4040,TNFSF9,0.7490183616744924
GSE199219,CID4040,RPS28,0.7465835541871005
GSE199219,CID4040,HNRNPM,0.7413195960984175
GSE199219,CID4040,UBL5,0.8439308453311781
GSE199219,CID4040,EIF3G,0.7778808167033362
GSE199219,CID4040,ICAM3,0.777918386112171
GSE199219,CID4040,CDC37,0.7203319441087641
GSE199219,CID4040,WDR83OS,0.7211274733132982
GSE199219,CID4040,TRIR,0.8664425497784295
GSE199219,CID4040,JUNB,1.1773660923953158
GSE199219,CID4040,PRDX2,0.7373874220552061
GSE199219,CID4040,CALR,0.9081305700312513
GSE199219,CID4040,IER2,1.0424184773657885
GSE199219,CID4040,C19orf53,0.7580840197842323
GSE199219,CID4040,AC020916.1,0.76364256836289
GSE199219,CID4040,ADGRE5,0.8612060694330058
GSE199219,CID4040,DNAJB1,1.2605609105816389
GSE199219,CID4040,TPM4,0.733326666093197
GSE199219,CID4040,KLF2,1.3109715931147767
GSE199219,CID4040,BST2,0.8158170229214952
GSE199219,CID4040,RPL18A,0.7449344630816864
GSE199219,CID4040,JUND,1.159121684753618
GSE199219,CID4040,UBA52,0.8050440354959505
GSE199219,CID4040,COPE,0.7653827583680466
GSE199219,CID4040,FXYD5,0.8838336825459321
GSE199219,CID4040,COX6B1,0.8232262768506271
GSE199219,CID4040,NFKBID,0.7462311001787956
GSE199219,CID4040,HCST,1.008722799925417
GSE199219,CID4040,PSMD8,0.7454550732205324
GSE199219,CID4040,EIF3K,0.8351208058915587
GSE199219,CID4040,ACTN4,0.7346676248667984
GSE199219,CID4040,GMFG,0.8854897298478672
GSE199219,CID4040,ZFP36,1.1406588638320243
GSE199219,CID4040,RPS16,0.7380916976815861
GSE199219,CID4040,SERTAD1,0.9412350803264344
GSE199219,CID4040,HNRNPUL1,0.6917861130296155
GSE199219,CID4040,TGFB1,0.8909716055300316
GSE199219,CID4040,RPS19,0.6916566526451968
GSE199219,CID4040,ARHGEF1,0.7591377633011711
GSE199219,CID4040,RABAC1,0.7820076294821648
GSE199219,CID4040,DEDD2,0.757859459562946
GSE199219,CID4040,FOSB,1.0930383334258842
GSE199219,CID4040,SNRPD2,0.79198571102352
GSE199219,CID4040,CALM3,0.7963966972827903
GSE199219,CID4040,NOP53,0.9384739766477462
GSE199219,CID4040,EMP3,0.8886391873917903
GSE199219,CID4040,RPL18,0.747077521483253
GSE199219,CID4040,PPP1R15A,1.0208585561206631
GSE199219,CID4040,BAX,0.7771393149829222
GSE199219,CID4040,FTL,0.8508403883279638
GSE199219,CID4040,CD37,0.8294971700528728
GSE199219,CID4040,RPL13A,0.745501012050142
GSE199219,CID4040,RPS11,0.8241726665665463
GSE199219,CID4040,NKG7,1.2174860654578137
GSE199219,CID4040,ZNF331,1.1052476512794187
GSE199219,CID4040,MYADM,0.9715683642127994
GSE199219,CID4040,RPS9,0.7751446494000442
GSE199219,CID4040,UBE2S,1.0769671327234165
GSE199219,CID4040,RPS5,0.8381812184268822
GSE199219,CID4040,RANBP1,0.7103270214016546
GSE199219,CID4040,MIF,0.7001866001469037
GSE199219,CID4040,XBP1,0.7792097737661156
GSE199219,CID4040,UQCR10,0.7716050766835532
GSE199219,CID4040,PIK3IP1,0.7666153356409015
GSE199219,CID4040,MYH9,0.7713592953979156
GSE199219,CID4040,RAC2,0.8824812467387119
GSE199219,CID4040,LGALS1,1.1122588848365533
GSE199219,CID4040,DDX17,0.8543733569698108
GSE199219,CID4040,APOBEC3G,0.8887710723270784
GSE199219,CID4040,RPL3,0.7660741967012601
GSE199219,CID4040,ATF4,0.7866307157412223
GSE199219,CID4040,TNRC6B,0.7533774871664156
GSE199219,CID4040,ST13,0.7408260816879899
GSE199219,CID4040,RBX1,0.7052046353175636
GSE199219,CID4040,XRCC6,0.6907303667411221
GSE199219,CID4040,SNU13,0.7562010389791217
GSE199219,CID4040,SMDT1,0.75030177273639
GSE199219,CID4040,TSPO,0.8147619733582004
GSE199219,CID4040,PIM3,0.8070840661521325
GSE199219,CID4040,TYMP,0.8908209715256316
GSE199219,CID4040,SAMSN1,1.059140523120973
GSE199219,CID4040,BTG3,0.7600544632120205
GSE199219,CID4040,ATP5PF,0.7111025943408452
GSE199219,CID4040,SOD1,0.946646603610676
GSE199219,CID4040,SON,0.8436810467754182
GSE199219,CID4040,MRPS6,0.7623307213757343
GSE199219,CID4040,SLC5A3,0.7658931895534941
GSE199219,CID4040,HMGN1,0.8777262830825125
GSE199219,CID4040,ABCG1,0.40836222300809233
GSE199219,CID4040,CSTB,0.7928782647214349
GSE199219,CID4040,ITGB2,0.8201457151763749
GSE199219,CID4040,MT-ND2,0.7502862797326671
GSE199219,CID4040,MT-ND3,0.7081868391906465
GSE199219,CID4040,MT-ND4L,0.8976160232611358
GSE199219,CID4040,MT-ND5,0.8274899334384436
GSE199219,CID4040,mm10---mt-Atp6,1.209849598991448
GSE199219,CID4040,mm10---mt-Co3,1.2029519062610565
GSE199219,CID4040,mm10---mt-Co2,1.1460581504030702
GSE199219,CID4040,mm10---mt-Cytb,1.0170977719146899
GSE199219,CID4040,mm10---mt-Co1,1.015231503047735
GSE199219,CID4040,mm10---mt-Nd1,0.8920201270096404
GSE199219,CID4040,mm10---Gm42418,0.9854829144696102
GSE199219,CID4040,mm10---mt-Nd2,0.8655777074478817
GSE199219,CID4040,mm10---mt-Nd4,0.8979558565991151
GSE199219,CID4040,SELK,0.8775146169644046
GSE199219,CID4040,FYB,0.8195805061805153
GSE199219,CID4040,GNB2L1,1.2720098590453497
GSE199219,CID4040,LINC-PINT,0.8026247258942005
GSE199219,CID4040,WHSC1L1,0.7151108001833599
GSE199219,CID4040,ATP5L,0.8566398107126076
GSE199219,CID4040,ATP5G2,0.7783286197791143
GSE199219,CID4040,ATP5E,1.0709753962254454
GSE199219,CID4040,C19orf43,0.7087697635373884
GSE199219,CID4040,GLTSCR2,0.7693719619621843
GSE199219,CID4497,ISG15,1.094033813629317
GSE199219,CID4497,TNFRSF18,0.9029464480561293
GSE199219,CID4497,TNFRSF4,0.8523998795389834
GSE199219,CID4497,RPL22,0.8110135048977433
GSE199219,CID4497,TNFRSF9,0.7103596630273996
GSE199219,CID4497,PARK7,0.8533904818537954
GSE199219,CID4497,ENO1,0.8719753286664703
GSE199219,CID4497,TNFRSF1B,0.7707759291273831
GSE199219,CID4497,PRDM2,0.7596290026559769
GSE199219,CID4497,EFHD2,0.6878125493277468
GSE199219,CID4497,CAPZB,0.7684755333637787
GSE199219,CID4497,MINOS1,0.7104568630735756
GSE199219,CID4497,HP1BP3,0.7149589710313993
GSE199219,CID4497,CDC42,0.8248209551689625
GSE199219,CID4497,ID3,0.7538958074245952
GSE199219,CID4497,RPL11,0.6932897230210736
GSE199219,CID4497,SRSF10,0.7195425722014633
GSE199219,CID4497,RCAN3,0.7031096210301087
GSE199219,CID4497,SRRM1,0.8158395785178998
GSE199219,CID4497,RUNX3,0.8612374292245589
GSE199219,CID4497,SYF2,0.723097624461073
GSE199219,CID4497,RSRP1,0.917097533099047
GSE199219,CID4497,TMEM50A,0.7405322929726421
GSE199219,CID4497,STMN1,0.7390553713291665
GSE199219,CID4497,SH3BGRL3,0.9193411344029266
GSE199219,CID4497,CD52,0.977515378088887
GSE199219,CID4497,HMGN2,0.8512307467370982
GSE199219,CID4497,NUDC,0.7058915998913754
GSE199219,CID4497,IFI6,0.9379683459380647
GSE199219,CID4497,ATP5IF1,0.7128073564751847
GSE199219,CID4497,SNHG12,0.7952218634745567
GSE199219,CID4497,LAPTM5,0.8519385997247008
GSE199219,CID4497,PTP4A2,0.7749119373864807
GSE199219,CID4497,LCK,0.7971038868246223
GSE199219,CID4497,MARCKSL1,0.7901237087694796
GSE199219,CID4497,SFPQ,0.8759804225143623
GSE199219,CID4497,NDUFS5,0.8215114041977148
GSE199219,CID4497,MACF1,0.7431613676210032
GSE199219,CID4497,CAP1,0.729855562732311
GSE199219,CID4497,SMAP2,0.7974559477193175
GSE199219,CID4497,YBX1,0.842325032349122
GSE199219,CID4497,RPS8,0.7431426069630922
GSE199219,CID4497,PLK3,0.7874297228083453
GSE199219,CID4497,PRDX1,0.9055653235215225
GSE199219,CID4497,NASP,0.8521578188881026
GSE199219,CID4497,UQCRH,0.7992822707183784
GSE199219,CID4497,TMEM59,0.7620127054862011
GSE199219,CID4497,DHCR24,0.10611356537019462
GSE199219,CID4497,JUN,1.3519390628706223
GSE199219,CID4497,JAK1,0.8004233980434282
GSE199219,CID4497,PDE4B,0.8292192300424898
GSE199219,CID4497,SERBP1,0.802709280704009
GSE199219,CID4497,GADD45A,0.8874609529951483
GSE199219,CID4497,SRSF11,0.7934489441686565
GSE199219,CID4497,IFI44L,0.6815434763858929
GSE199219,CID4497,GNG5,0.7387984977405736
GSE199219,CID4497,ODF2L,0.7407399527351728
GSE199219,CID4497,GTF2B,0.8440105843314492
GSE199219,CID4497,GBP2,0.7687654695007196
GSE199219,CID4497,GBP5,0.7279680716902703
GSE199219,CID4497,RPL5,0.8110384005725542
GSE199219,CID4497,DNTTIP2,0.6971929015907542
GSE199219,CID4497,PRPF38B,0.8508319573279222
GSE199219,CID4497,CD53,0.8347538273590676
GSE199219,CID4497,RAP1A,0.724972544405565
GSE199219,CID4497,CAPZA1,0.6985685082173475
GSE199219,CID4497,PTPN22,0.8178168435500415
GSE199219,CID4497,BCAS2,0.8129507569215638
GSE199219,CID4497,CSDE1,0.7308997252888485
GSE199219,CID4497,ATP1A1,0.7937735580231323
GSE199219,CID4497,CD2,0.9456871992853739
GSE199219,CID4497,TENT5C,0.6866431524504353
GSE199219,CID4497,HMGCS2,1.0
GSE199219,CID4497,RBM8A,0.8168066288349907
GSE199219,CID4497,TXNIP,1.2234201582922388
GSE199219,CID4497,MCL1,0.9820894344863142
GSE199219,CID4497,ENSA,0.6820771078263463
GSE199219,CID4497,S100A10,0.9945754776811456
GSE199219,CID4497,S100A11,1.0005710957895813
GSE199219,CID4497,S100A6,0.9461223496869972
GSE199219,CID4497,S100A4,1.1676633188991117
GSE199219,CID4497,JTB,0.7228442280743252
GSE199219,CID4497,RPS27,0.6949231636538133
GSE199219,CID4497,TPM3,0.8429216767526342
GSE199219,CID4497,PBXIP1,0.7340594161558773
GSE199219,CID4497,FDPS,0.5312428447243727
GSE199219,CID4497,ASH1L,0.7027914705656285
GSE199219,CID4497,SSR2,0.7895145316735828
GSE199219,CID4497,LMNA,1.3616143679222843
GSE199219,CID4497,CCT3,0.7271020549498654
GSE199219,CID4497,IFI16,0.8132707336944656
GSE199219,CID4497,TAGLN2,0.8960780157256808
GSE199219,CID4497,CD48,0.8869980771990817
GSE199219,CID4497,TSTD1,0.6891023693194255
GSE199219,CID4497,UFC1,0.6824583641629931
GSE199219,CID4497,HSPA6,0.780850265910253
GSE199219,CID4497,HSD17B7,0.35882702687099227
GSE199219,CID4497,CD247,0.7921578597643119
GSE199219,CID4497,XCL2,0.789269575006718
GSE199219,CID4497,PRRC2C,0.8448275719928097
GSE199219,CID4497,CACYBP,0.9605373769593231
GSE199219,CID4497,IER5,0.9417551119162325
GSE199219,CID4497,ARPC5,0.7129291691303979
GSE199219,CID4497,FAM129A,0.7006762519820755
GSE199219,CID4497,IVNS1ABP,0.7886929183296316
GSE199219,CID4497,TPR,0.7365211275947552
GSE199219,CID4497,RGS1,1.2841623952952446
GSE199219,CID4497,RGS2,0.9662977739431344
GSE199219,CID4497,PTPRC,0.8245685984669786
GSE199219,CID4497,PTPN7,0.712594596785491
GSE199219,CID4497,BTG2,0.9941750528989461
GSE199219,CID4497,NUCKS1,0.7151402287537231
GSE199219,CID4497,CD55,0.8342607762227209
GSE199219,CID4497,TRAF3IP3,0.7002574893587934
GSE199219,CID4497,ATF3,0.9467237419716615
GSE199219,CID4497,H3F3A,0.8260823549107862
GSE199219,CID4497,ARF1,0.7658110839475935
GSE199219,CID4497,GUK1,0.8112241711603231
GSE199219,CID4497,TOMM20,0.760381875243286
GSE199219,CID4497,ARID4B,0.8618411579758488
GSE199219,CID4497,LYST,0.7137197112813627
GSE199219,CID4497,HNRNPU,0.8768455251087381
GSE199219,CID4497,RPS7,0.6922918439033073
GSE199219,CID4497,ID2,1.0814012315416102
GSE199219,CID4497,YWHAQ,0.795669522324633
GSE199219,CID4497,ODC1,0.9231273902407802
GSE199219,CID4497,PDIA6,0.6857308868753009
GSE199219,CID4497,OST4,0.8179219129061457
GSE199219,CID4497,FOSL2,0.8208478395948743
GSE199219,CID4497,PPP1CB,0.8202692594802
GSE199219,CID4497,YPEL5,1.0320865398380417
GSE199219,CID4497,LBH,0.7822440055380965
GSE199219,CID4497,SRSF7,0.8795397376652789
GSE199219,CID4497,EML4,0.7983045252548583
GSE199219,CID4497,ZFP36L2,1.1459204658207318
GSE199219,CID4497,CALM2,0.9232065263807675
GSE199219,CID4497,EPCAM,0.07165936331985061
GSE199219,CID4497,RTN4,0.6937868310527179
GSE199219,CID4497,RPS27A,0.6940362738521503
GSE199219,CID4497,REL,1.066811654652303
GSE199219,CID4497,CCT4,0.750123024991817
GSE199219,CID4497,UGP2,0.72641850919588
GSE199219,CID4497,ACTR2,0.7507007698793241
GSE199219,CID4497,AAK1,0.7552502265711741
GSE199219,CID4497,PCBP1,0.7523278454616682
GSE199219,CID4497,SNRPG,0.714129253033251
GSE199219,CID4497,TMSB10,0.7300502304035517
GSE199219,CID4497,MAT2A,0.6819524745762165
GSE199219,CID4497,VAMP8,0.7453224822677721
GSE199219,CID4497,GNLY,1.1128565108937911
GSE199219,CID4497,CD8A,0.8226611715905314
GSE199219,CID4497,CD8B,0.7003379637517986
GSE199219,CID4497,CYTOR,0.6906829521119389
GSE199219,CID4497,IGKC,0.7691154849068604
GSE199219,CID4497,DUSP2,1.1891717064735474
GSE199219,CID4497,ARID5A,0.7386517112622715
GSE199219,CID4497,COX5B,0.7777826879102968
GSE199219,CID4497,RPL31,0.8362220622668352
GSE199219,CID4497,GCC2,0.7981423324636655
GSE199219,CID4497,LIMS1,0.7109480341333723
GSE199219,CID4497,ACTR3,0.7739892011604663
GSE199219,CID4497,DDX18,0.7269713017405857
GSE199219,CID4497,DBI,0.7779079698097463
GSE199219,CID4497,GYPC,0.7497176435893446
GSE199219,CID4497,MZT2B,0.8092369961078725
GSE199219,CID4497,MZT2A,0.7406539368308803
GSE199219,CID4497,UBXN4,0.731155351463211
GSE199219,CID4497,CXCR4,1.3061032354988893
GSE199219,CID4497,ARHGAP15,0.6920643376890461
GSE199219,CID4497,ZEB2,0.8084228337512644
GSE199219,CID4497,PRPF40A,0.6848112062726005
GSE199219,CID4497,NR4A2,1.1546824752179325
GSE199219,CID4497,CYTIP,0.9388918226425097
GSE199219,CID4497,TANK,0.8727454986582341
GSE199219,CID4497,PPIG,0.7457013498302988
GSE199219,CID4497,WIPF1,0.7578609529189476
GSE199219,CID4497,HNRNPA3,0.7695297478097268
GSE199219,CID4497,NFE2L2,0.8226188133704225
GSE199219,CID4497,ITGA4,0.6814905026979581
GSE199219,CID4497,ORMDL1,0.6846739456736307
GSE199219,CID4497,GLS,0.8330427270647052
GSE199219,CID4497,STAT1,0.7911668393820145
GSE199219,CID4497,STAT4,0.6993158278327518
GSE199219,CID4497,NABP1,0.7836391923044188
GSE199219,CID4497,STK17B,0.8813009792359048
GSE199219,CID4497,SF3B1,0.7762148280063892
GSE199219,CID4497,HSPD1,1.200700445259112
GSE199219,CID4497,HSPE1,1.117851836977524
GSE199219,CID4497,BZW1,0.7766639150467243
GSE199219,CID4497,CLK1,0.8380164619619077
GSE199219,CID4497,CFLAR,0.82622976754955
GSE199219,CID4497,SUMO1,0.7072716066139738
GSE199219,CID4497,NOP58,0.7555352961490617
GSE199219,CID4497,CTLA4,0.939603267214141
GSE199219,CID4497,ICOS,0.9976425355826631
GSE199219,CID4497,EEF1B2,0.8624567334823703
GSE199219,CID4497,XRCC5,0.6886337807164763
GSE199219,CID4497,RPL37A,0.7119254643555444
GSE199219,CID4497,ARPC2,0.8643061123859525
GSE199219,CID4497,TUBA4A,0.9938155373053339
GSE199219,CID4497,SP100,0.7827766067720742
GSE199219,CID4497,NCL,0.8916178887221641
GSE199219,CID4497,ARL4C,0.9909271720569202
GSE199219,CID4497,LRRFIP1,0.8648720283476594
GSE199219,CID4497,PDCD1,0.49828915940546453
GSE199219,CID4497,ARPC4,0.6936193944813687
GSE199219,CID4497,BRK1,0.7222630020750659
GSE199219,CID4497,RPL32,0.7166482825158355
GSE199219,CID4497,ANKRD28,0.7887122256065277
GSE199219,CID4497,GOLGA4,0.7822003176445419
GSE199219,CID4497,CSRNP1,0.7887678995547751
GSE199219,CID4497,RPSA,0.7886411589263873
GSE199219,CID4497,EIF1B,0.6817878055713115
GSE199219,CID4497,RPL14,0.7026570643095014
GSE199219,CID4497,NKTR,0.8312654898841382
GSE199219,CID4497,TMA7,0.8123502690455058
GSE199219,CID4497,RHOA,0.8217443750019414
GSE199219,CID4497,GNAI2,0.8107789406841468
GSE199219,CID4497,RPL29,0.7274632412149504
GSE199219,CID4497,SPCS1,0.7608273664167228
GSE199219,CID4497,SELENOK,0.987566589939018
GSE199219,CID4497,ARF4,0.7318369228550968
GSE199219,CID4497,ARL6IP5,0.8574601441993529
GSE199219,CID4497,FOXP1,0.7756550920070344
GSE199219,CID4497,MTRNR2L12,0.9899716267583165
GSE199219,CID4497,CLDND1,0.6965724028173679
GSE199219,CID4497,RPL24,0.693627755439453
GSE199219,CID4497,NFKBIZ,0.845608938262177
GSE199219,CID4497,CD47,0.7123895202988008
GSE199219,CID4497,TRAT1,0.6879735201121062
GSE199219,CID4497,CD96,0.7718050468411677
GSE199219,CID4497,TIGIT,0.8965817111473978
GSE199219,CID4497,NDUFB4,0.685128763629472
GSE199219,CID4497,HCLS1,0.7030544286915437
GSE199219,CID4497,GOLGB1,0.90408049034522
GSE199219,CID4497,CNBP,0.7770876856114382
GSE199219,CID4497,H1FX,0.9080203715426342
GSE199219,CID4497,CDV3,0.7545060448199744
GSE199219,CID4497,ATP1B3,0.9859158608348128
GSE199219,CID4497,TSC22D2,0.6814855551255036
GSE199219,CID4497,SERP1,0.8223440624894597
GSE199219,CID4497,MBNL1,0.8389910550114459
GSE199219,CID4497,DHX36,0.7618572626152518
GSE199219,CID4497,TIPARP,0.7605631794900815
GSE199219,CID4497,CCNL1,0.872995036673359
GSE199219,CID4497,SEC62,0.6972407249601049
GSE199219,CID4497,SKIL,0.7197934482394044
GSE199219,CID4497,RPL22L1,0.8018073593087246
GSE199219,CID4497,TRA2B,0.8082045631296972
GSE199219,CID4497,EIF4A2,0.8661744626613875
GSE199219,CID4497,PPP1R2,0.8791416179868037
GSE199219,CID4497,RPL35A,0.7268347037057302
GSE199219,CID4497,MXD4,0.6987364973628168
GSE199219,CID4497,LYAR,0.6872391479330947
GSE199219,CID4497,MRFAP1,0.6835154694870959
GSE199219,CID4497,BOD1L1,0.7247038156951368
GSE199219,CID4497,RBPJ,0.8362957953876643
GSE199219,CID4497,ARAP2,0.6825598672391922
GSE199219,CID4497,RPL9,0.7400904056242356
GSE199219,CID4497,RHOH,0.9441125612964582
GSE199219,CID4497,OCIAD2,0.7575355447246882
GSE199219,CID4497,HOPX,0.713289990349018
GSE199219,CID4497,AREG,0.9643194648725899
GSE199219,CID4497,G3BP2,0.8757084826151676
GSE199219,CID4497,CCNI,0.8584923684650796
GSE199219,CID4497,CXCL13,0.9308149330817961
GSE199219,CID4497,CNOT6L,0.8715449821934957
GSE199219,CID4497,RASGEF1B,0.7066586189288303
GSE199219,CID4497,HNRNPDL,0.8310206072528009
GSE199219,CID4497,H2AFZ,1.0160535443471204
GSE199219,CID4497,NFKB1,0.7144651957384673
GSE199219,CID4497,UBE2D3,0.827759751738483
GSE199219,CID4497,RPL34,0.7279723479031279
GSE199219,CID4497,SNHG8,0.8210108468360046
GSE199219,CID4497,C4orf3,0.720126885431246
GSE199219,CID4497,ANXA5,0.7251263238041458
GSE199219,CID4497,SMARCA5,0.6921872387928405
GSE199219,CID4497,RPS3A,0.7470664133195283
GSE199219,CID4497,HMGB2,0.9072008206244311
GSE199219,CID4497,ANKRD37,0.743532365736137
GSE199219,CID4497,SUB1,0.9023640092727468
GSE199219,CID4497,IL7R,1.317034846579771
GSE199219,CID4497,FYB1,0.8544824582920376
GSE199219,CID4497,PTGER4,0.8438221321892159
GSE199219,CID4497,PRKAA1,0.46766463772715094
GSE199219,CID4497,RPL37,0.7127086326014098
GSE199219,CID4497,EMB,0.7370947277247935
GSE199219,CID4497,GZMK,1.2808874479030747
GSE199219,CID4497,GZMA,1.2480855700840838
GSE199219,CID4497,GPBP1,0.8820032572440551
GSE199219,CID4497,PIK3R1,0.8488182356428658
GSE199219,CID4497,BTF3,0.7939139581045273
GSE199219,CID4497,NSA2,0.7387688192290665
GSE199219,CID4497,TBCA,0.7330506179852502
GSE199219,CID4497,JMY,0.6933704225696613
GSE199219,CID4497,RPS23,0.6932389391620036
GSE199219,CID4497,COX7C,0.8203058505968187
GSE199219,CID4497,CCNH,0.7420175929823603
GSE199219,CID4497,GLRX,0.6911226245407064
GSE199219,CID4497,CAST,0.8046598357797525
GSE199219,CID4497,CHD1,0.8000685713358292
GSE199219,CID4497,REEP5,0.7238423799902636
GSE199219,CID4497,TNFAIP8,0.7450423359803487
GSE199219,CID4497,HINT1,0.8458957893882326
GSE199219,CID4497,CDC42SE2,0.8040127678004091
GSE199219,CID4497,IRF1,0.9583942297075941
GSE199219,CID4497,TCF7,0.6847285742789431
GSE199219,CID4497,SKP1,0.8205498502242697
GSE199219,CID4497,UBE2B,0.7841206382721598
GSE199219,CID4497,HNRNPA0,0.786238147472409
GSE199219,CID4497,EGR1,0.8398029101876673
GSE199219,CID4497,HSPA9,0.7086337939651751
GSE199219,CID4497,PAIP2,0.7565268825564179
GSE199219,CID4497,UBE2D2,0.7556679922588725
GSE199219,CID4497,CD14,0.17775207378084953
GSE199219,CID4497,TAF7,0.7422213425064087
GSE199219,CID4497,NDFIP1,0.7334637966672901
GSE199219,CID4497,NR3C1,0.8414407189543315
GSE199219,CID4497,CSNK1A1,0.7123621193235675
GSE199219,CID4497,CD74,1.0572092760100875
GSE199219,CID4497,RPS14,0.7456053535141121
GSE199219,CID4497,ITK,0.704022654238593
GSE199219,CID4497,NPM1,0.8702406720144735
GSE199219,CID4497,DUSP1,1.128603302433867
GSE199219,CID4497,ATP6V0E1,0.795569236531037
GSE199219,CID4497,CREBRF,0.7122593848272669
GSE199219,CID4497,HIGD2A,0.7556401351582013
GSE199219,CID4497,PRELID1,0.7146194098028036
GSE199219,CID4497,HNRNPAB,0.7684403736586582
GSE199219,CID4497,HNRNPH1,0.9132788317653728
GSE199219,CID4497,SQSTM1,0.9329645832044963
GSE199219,CID4497,RACK1,1.2470989873299063
GSE199219,CID4497,SERPINB9,0.7332459410798428
GSE199219,CID4497,PRPF4B,0.6843738262850075
GSE199219,CID4497,CD83,0.775772196506016
GSE199219,CID4497,MYLIP,0.7459970910848893
GSE199219,CID4497,DEK,0.7592329814254009
GSE199219,CID4497,HIST1H4C,0.7698782596622105
GSE199219,CID4497,BTN3A2,0.7020011721914076
GSE199219,CID4497,HLA-F,0.8067890647239724
GSE199219,CID4497,HLA-E,0.7217914383536875
GSE199219,CID4497,PPP1R10,0.82669030259966
GSE199219,CID4497,TUBB,0.7175662971679714
GSE199219,CID4497,TNF,0.9479611900749855
GSE199219,CID4497,LTB,1.2270116234401667
GSE199219,CID4497,CLIC1,0.9055286689214822
GSE199219,CID4497,HSPA1A,1.954097123077181
GSE199219,CID4497,HSPA1B,1.68677244362251
GSE199219,CID4497,C6orf48,0.7824909781323423
GSE199219,CID4497,NEU1,0.9686388353365851
GSE199219,CID4497,GPSM3,0.7671923712648774
GSE199219,CID4497,HLA-DRA,0.9886568149170167
GSE199219,CID4497,HLA-DRB1,1.1133417854012582
GSE199219,CID4497,HLA-DQA1,0.8308440103759828
GSE199219,CID4497,HLA-DQB1,0.7378070489682653
GSE199219,CID4497,PSMB8,0.7686187462744557
GSE199219,CID4497,PSMB9,0.8564636127189542
GSE199219,CID4497,TAP1,0.7227614588109289
GSE199219,CID4497,BRD2,0.8959831499678164
GSE199219,CID4497,HLA-DPA1,0.9374673082778272
GSE199219,CID4497,HLA-DPB1,0.9152155816425378
GSE199219,CID4497,RPS18,0.7222069310772877
GSE199219,CID4497,TAPBP,0.7564133798127064
GSE199219,CID4497,CUTA,0.7415663043488464
GSE199219,CID4497,RPS10,0.8611063958533917
GSE199219,CID4497,RPL10A,0.7691165533704564
GSE199219,CID4497,SRSF3,0.9053710807692298
GSE199219,CID4497,CDKN1A,0.6905154221407888
GSE199219,CID4497,HSP90AB1,1.1338624502801908
GSE199219,CID4497,EEF1A1,0.6814995937507727
GSE199219,CID4497,COX7A2,0.803571046874452
GSE199219,CID4497,ZNF292,0.7598360557819025
GSE199219,CID4497,PNRC1,0.8932115557229002
GSE199219,CID4497,PNISR,0.8903989300076905
GSE199219,CID4497,PRDM1,0.7507185120475953
GSE199219,CID4497,CD164,0.6976825883792777
GSE199219,CID4497,AMD1,0.8986772143983636
GSE199219,CID4497,FYN,0.8525380148705793
GSE199219,CID4497,RPS12,0.7179373180936022
GSE199219,CID4497,BCLAF1,0.8007989894741417
GSE199219,CID4497,TNFAIP3,1.1184349685133694
GSE199219,CID4497,ABRACL,0.7429656201121058
GSE199219,CID4497,CITED2,0.8541183737624448
GSE199219,CID4497,SF3B5,0.7070004246525433
GSE199219,CID4497,DYNLT1,0.6922424036428036
GSE199219,CID4497,SYTL3,0.6865966995551297
GSE199219,CID4497,EZR,1.0388541962484532
GSE199219,CID4497,TAGAP,0.9537212625634872
GSE199219,CID4497,SOD2,0.7545807712446964
GSE199219,CID4497,WTAP,0.7263217614011286
GSE199219,CID4497,TCP1,0.7735264124290281
GSE199219,CID4497,MRPL18,0.8137067936352049
GSE199219,CID4497,RNASET2,0.6854819216627327
GSE199219,CID4497,PSMB1,0.7515411258856746
GSE199219,CID4497,ZFAND2A,0.7210200126002474
GSE199219,CID4497,ACTB,0.8248821160327263
GSE199219,CID4497,RAC1,0.74114226709564
GSE199219,CID4497,NDUFA4,0.8323940993112832
GSE199219,CID4497,ARL4A,0.7733881824879552
GSE199219,CID4497,TOMM7,0.8031654251070096
GSE199219,CID4497,TRA2A,0.7068989944112544
GSE199219,CID4497,CYCS,0.894738162593306
GSE199219,CID4497,HNRNPA2B1,0.8327050887789527
GSE199219,CID4497,CBX3,0.7141214399788647
GSE199219,CID4497,TAX1BP1,0.718025028790333
GSE199219,CID4497,SEPT7,0.8334385271568215
GSE199219,CID4497,TRGC2,0.6921664513871226
GSE199219,CID4497,STK17A,0.8683902360487572
GSE199219,CID4497,PPIA,0.836556102647898
GSE199219,CID4497,H2AFV,0.8015072766990108
GSE199219,CID4497,IKZF1,0.732854008856142
GSE199219,CID4497,SEC61G,0.7363613741546574
GSE199219,CID4497,EGFR,0.018356741977303546
GSE199219,CID4497,CHCHD2,0.8209049105241675
GSE199219,CID4497,SBDS,0.7047213713131356
GSE199219,CID4497,HSPB1,0.8984153394114767
GSE199219,CID4497,AKAP9,0.791179919512943
GSE199219,CID4497,FAM133B,0.8909234017892903
GSE199219,CID4497,ARPC1B,0.8649613795971188
GSE199219,CID4497,LAMTOR4,0.7333377126446083
GSE199219,CID4497,KMT2E,0.8499805770067552
GSE199219,CID4497,NAMPT,0.8517267301960443
GSE199219,CID4497,HBP1,0.7700852118038627
GSE199219,CID4497,DNAJB9,0.7194942877180261
GSE199219,CID4497,IFRD1,0.8472892282245998
GSE199219,CID4497,AC016831.7,0.711626067931072
GSE199219,CID4497,AC058791.1,0.9124982702532546
GSE199219,CID4497,ZC3HAV1,0.9100033830427042
GSE199219,CID4497,NDUFB2,0.7783990348115128
GSE199219,CID4497,TRBC1,1.1998017537655215
GSE199219,CID4497,TRBC2,1.0668042444207813
GSE199219,CID4497,GSTK1,0.7964616137579245
GSE199219,CID4497,GIMAP7,0.7592088874263234
GSE199219,CID4497,DNAJB6,0.9419949490394544
GSE199219,CID4497,SLC25A6,0.8060748045224319
GSE199219,CID4497,CD99,0.855273686959334
GSE199219,CID4497,TMSB4X,0.7153782135838608
GSE199219,CID4497,SYAP1,0.7491323220278879
GSE199219,CID4497,SH3KBP1,0.6954411242960193
GSE199219,CID4497,EIF1AX,0.7961539372661194
GSE199219,CID4497,SAT1,1.1149749094010353
GSE199219,CID4497,DDX3X,0.9386634482039882
GSE199219,CID4497,NDUFB11,0.7552865247890808
GSE199219,CID4497,UXT,0.7416730982335739
GSE199219,CID4497,RBM3,0.7729143136773976
GSE199219,CID4497,PLP2,0.7906554422276107
GSE199219,CID4497,TSPYL2,0.8890072303304722
GSE199219,CID4497,MSN,0.7991682023287967
GSE199219,CID4497,IL2RG,0.8501365666084689
GSE199219,CID4497,RPS4X,0.7105866447529051
GSE199219,CID4497,XIST,0.9456032159083892
GSE199219,CID4497,ATRX,0.8170576843223436
GSE199219,CID4497,COX7B,0.7613928137011697
GSE199219,CID4497,PGK1,0.8259946291697995
GSE199219,CID4497,ITM2A,0.9331887917850259
GSE199219,CID4497,SH3BGRL,0.7136977150934392
GSE199219,CID4497,RPL36A,0.8700579552674064
GSE199219,CID4497,TSC22D3,1.1072826891663916
GSE199219,CID4497,SLC25A5,0.8204248879865672
GSE199219,CID4497,SEPT6,0.8022014912282769
GSE199219,CID4497,RPL39,0.7385431995330752
GSE199219,CID4497,NDUFA1,0.7398968419344686
GSE199219,CID4497,CD40LG,0.7280613601543343
GSE199219,CID4497,RBMX,0.7528696730754264
GSE199219,CID4497,IDS,0.9053467246693927
GSE199219,CID4497,NSDHL,0.1627814218961295
GSE199219,CID4497,SSR4,0.816769652451317
GSE199219,CID4497,FLNA,0.7326798060541933
GSE199219,CID4497,RPL10,0.6962206603110644
GSE199219,CID4497,G6PD,0.32829886914807094
GSE199219,CID4497,PCM1,0.7298768069125586
GSE199219,CID4497,DOK2,0.7427777041148546
GSE199219,CID4497,DUSP4,1.2435219470869172
GSE199219,CID4497,SARAF,0.8931982004560702
GSE199219,CID4497,LEPROTL1,0.8545075657190825
GSE199219,CID4497,RAB11FIP1,0.780166047162573
GSE199219,CID4497,NSD3,0.7103565821055726
GSE199219,CID4497,RPS20,0.8417241343622238
GSE199219,CID4497,SDCBP,0.9738675895010456
GSE199219,CID4497,RPL7,0.8520885411457972
GSE199219,CID4497,FABP5,0.7656990931407403
GSE199219,CID4497,GEM,0.6818249511952972
GSE199219,CID4497,UQCRB,0.8350785049304154
GSE199219,CID4497,MTDH,0.7551678574630714
GSE199219,CID4497,RPL30,0.7103636955151481
GSE199219,CID4497,COX6C,0.8264247016208004
GSE199219,CID4497,RNF19A,0.9298122766315859
GSE199219,CID4497,PABPC1,0.8940833989586199
GSE199219,CID4497,YWHAZ,0.8483229303613602
GSE199219,CID4497,ZNF706,0.6848254667622327
GSE199219,CID4497,EIF3E,0.8212477885023635
GSE199219,CID4497,ENY2,0.696360856178502
GSE199219,CID4497,EIF3H,0.7784379935580082
GSE199219,CID4497,FAM49B,0.7109179711943694
GSE199219,CID4497,SLA,0.9170147323230945
GSE199219,CID4497,LY6E,0.91268883347421
GSE199219,CID4497,EEF1D,0.7621983231652326
GSE199219,CID4497,VPS28,0.700267425717779
GSE199219,CID4497,RPL8,0.7006968900480527
GSE199219,CID4497,DOCK8,0.6852587664728411
GSE199219,CID4497,VLDLR,0.0659547699201743
GSE199219,CID4497,CD274,0.2612662282812479
GSE199219,CID4497,PLIN2,0.7624554424078152
GSE199219,CID4497,RPS6,0.7460674970296515
GSE199219,CID4497,DNAJA1,1.136254497454251
GSE199219,CID4497,ZFAND5,0.8076822631500186
GSE199219,CID4497,ANXA1,1.5598560694070043
GSE199219,CID4497,TLE4,0.8028053727478276
GSE199219,CID4497,HNRNPK,0.8157646520118053
GSE199219,CID4497,CKS2,0.806223021969195
GSE199219,CID4497,ANP32B,0.792668316277282
GSE199219,CID4497,SEC61B,0.7859216962498958
GSE199219,CID4497,NR4A3,0.7553113659426839
GSE199219,CID4497,TXN,0.8321472840790269
GSE199219,CID4497,AKNA,0.7027635952110333
GSE199219,CID4497,ATP6V1G1,0.776470923041968
GSE199219,CID4497,RPL35,0.7152757726725857
GSE199219,CID4497,HSPA5,0.9303982159427292
GSE199219,CID4497,RPL12,0.7248671188482373
GSE199219,CID4497,C9orf16,0.7753346580577464
GSE199219,CID4497,SPTAN1,0.740351442675673
GSE199219,CID4497,SET,0.7998679141639746
GSE199219,CID4497,IER5L,0.833970911902653
GSE199219,CID4497,C9orf78,0.6844684732352594
GSE199219,CID4497,FNBP1,0.7918833420838847
GSE199219,CID4497,RPL7A,0.6909014483195521
GSE199219,CID4497,SNHG7,0.7280598284135379
GSE199219,CID4497,PHPT1,0.6837167803428169
GSE199219,CID4497,EDF1,0.8104261308893753
GSE199219,CID4497,DPP7,0.6914531445973324
GSE199219,CID4497,TUBB4B,1.021569665989442
GSE199219,CID4497,IFITM2,0.9124028991376747
GSE199219,CID4497,RPLP2,0.6937314115958834
GSE199219,CID4497,POLR2L,0.7827378661903273
GSE199219,CID4497,CTSD,0.7460990433075114
GSE199219,CID4497,LSP1,0.820019703216491
GSE199219,CID4497,CD81,0.8352531017662563
GSE199219,CID4497,KCNQ1OT1,0.812848930831073
GSE199219,CID4497,EIF3F,0.7927123650587109
GSE199219,CID4497,RPL27A,0.7799667776927003
GSE199219,CID4497,MTRNR2L8,0.8702503283651604
GSE199219,CID4497,EIF4G2,0.8122939660871786
GSE199219,CID4497,PSMA1,0.6889656402492517
GSE199219,CID4497,C11orf58,0.7425579474702944
GSE199219,CID4497,RPS13,0.7822036797760801
GSE199219,CID4497,LDHA,0.9667076419246816
GSE199219,CID4497,CD44,0.9000546851143654
GSE199219,CID4497,CD6,0.7423233228174104
GSE199219,CID4497,TMEM258,0.7351011756736993
GSE199219,CID4497,FTH1,1.011645459586717
GSE199219,CID4497,AHNAK,0.9750487403219639
GSE199219,CID4497,UBXN1,0.7508526806599978
GSE199219,CID4497,SLC3A2,0.7501520019723674
GSE199219,CID4497,RARRES3,0.8689870050686899
GSE199219,CID4497,COX8A,0.8336559388585008
GSE199219,CID4497,PPP1R14B,0.7083651080050027
GSE199219,CID4497,TRMT112,0.7824917939161324
GSE199219,CID4497,SF1,0.843221378683945
GSE199219,CID4497,NEAT1,1.048585013329024
GSE199219,CID4497,CFL1,0.8102075524269416
GSE199219,CID4497,CTSW,0.7283232631212784
GSE199219,CID4497,CCDC85B,0.6996322718535329
GSE199219,CID4497,DRAP1,0.8041039117912819
GSE199219,CID4497,TBC1D10C,0.7353514686539423
GSE199219,CID4497,CORO1B,0.7775483732348042
GSE199219,CID4497,GSTP1,0.7137151011851312
GSE199219,CID4497,DHCR7,0.22915819332932916
GSE199219,CID4497,UCP2,0.755291818683789
GSE199219,CID4497,SPCS2,0.7358771957072525
GSE199219,CID4497,RPS3,0.7259183895926674
GSE199219,CID4497,NDUFC2,0.7148185354196404
GSE199219,CID4497,CTSC,0.8576083878029933
GSE199219,CID4497,CHORDC1,0.8459874386407876
GSE199219,CID4497,TAF1D,0.7968842737976397
GSE199219,CID4497,BIRC3,1.038835625012346
GSE199219,CID4497,CARD16,0.7614225234815537
GSE199219,CID4497,ATM,0.7087410264560335
GSE199219,CID4497,NCAM1,0.10798250237024509
GSE199219,CID4497,PCSK7,0.6999280623866823
GSE199219,CID4497,IL10RA,0.6889517635230495
GSE199219,CID4497,CD3E,0.827358829602596
GSE199219,CID4497,CD3D,0.8707920582049499
GSE199219,CID4497,CD3G,0.851108450954425
GSE199219,CID4497,ATP5MG,0.9767257025972816
GSE199219,CID4497,KMT2A,0.7288103052428028
GSE199219,CID4497,DDX6,0.6809362938658875
GSE199219,CID4497,RPS25,0.7146306590785497
GSE199219,CID4497,H2AFX,0.8099500038415907
GSE199219,CID4497,HSPA8,1.049834040093167
GSE199219,CID4497,ETS1,0.846593201618952
GSE199219,CID4497,IDI1,0.8020855876478385
GSE199219,CID4497,KLF6,1.1039941337351034
GSE199219,CID4497,CELF2,0.8034116514598363
GSE199219,CID4497,OPTN,0.7193016199771305
GSE199219,CID4497,FAM107B,0.9794919303784791
GSE199219,CID4497,VIM,1.1223506434602915
GSE199219,CID4497,YME1L1,0.7599881557642422
GSE199219,CID4497,KIF5B,0.7149060373847534
GSE199219,CID4497,EPC1,0.7853971888326504
GSE199219,CID4497,ITGB1,0.8443131607142176
GSE199219,CID4497,CREM,1.2400013480164236
GSE199219,CID4497,HNRNPF,0.7652718793281544
GSE199219,CID4497,ARID5B,1.0489839594152046
GSE199219,CID4497,JMJD1C,0.8169643798666532
GSE199219,CID4497,HNRNPH3,0.7096207804954422
GSE199219,CID4497,DDX21,0.7325463142086355
GSE199219,CID4497,SRGN,0.9074831094680921
GSE199219,CID4497,PPA1,0.6892216323900183
GSE199219,CID4497,SPOCK2,0.865945810103051
GSE199219,CID4497,ANAPC16,0.7821170802798247
GSE199219,CID4497,DDIT4,0.9966048061427969
GSE199219,CID4497,PGAM1,0.7265078280087739
GSE199219,CID4497,NDUFB8,0.738100780867801
GSE199219,CID4497,DUSP5,0.7699597235283878
GSE199219,CID4497,PDCD4,0.8475222123790083
GSE199219,CID4497,EIF3A,0.763606922673795
GSE199219,CID4497,RGS10,0.7534670750743527
GSE199219,CID4497,BUB3,0.6856052389695885
GSE199219,CID4497,WNK1,0.7055828460554978
GSE199219,CID4497,CCND2,0.7176117591786566
GSE199219,CID4497,CD27,0.8207122297696804
GSE199219,CID4497,GAPDH,0.9717012113577315
GSE199219,CID4497,PTMS,0.6872015049399255
GSE199219,CID4497,CD4,0.5684049718615497
GSE199219,CID4497,TPI1,0.8612445570918519
GSE199219,CID4497,C12orf57,0.8269663936398814
GSE199219,CID4497,SLC2A3,0.9820239783983402
GSE199219,CID4497,KLRB1,0.895506463789416
GSE199219,CID4497,CLEC2D,0.9073166756095418
GSE199219,CID4497,CD69,1.2790904988709972
GSE199219,CID4497,CLEC2B,1.028730230141415
GSE199219,CID4497,GABARAPL1,0.7165551164673691
GSE199219,CID4497,KLRD1,0.731306831449731
GSE199219,CID4497,CDKN1B,0.7546536057271722
GSE199219,CID4497,ATF7IP,0.6854990758636358
GSE199219,CID4497,ARHGDIB,0.8713441606618062
GSE199219,CID4497,LDHB,0.8227486370070134
GSE199219,CID4497,FGFR1OP2,0.7130626001964502
GSE199219,CID4497,KIAA1551,0.8504278737354473
GSE199219,CID4497,SCAF11,0.7783859286721458
GSE199219,CID4497,SLC38A1,0.7269614870530945
GSE199219,CID4497,SLC38A2,0.9062571795408584
GSE199219,CID4497,TUBA1B,0.9706319076216144
GSE199219,CID4497,TUBA1A,0.9905078870372475
GSE199219,CID4497,TUBA1C,0.6979639413820042
GSE199219,CID4497,TMBIM6,0.8191449798965283
GSE199219,CID4497,LIMA1,0.4197232657594776
GSE199219,CID4497,DAZAP2,0.8124737567822404
GSE199219,CID4497,NR4A1,0.9219451235774622
GSE199219,CID4497,EIF4B,0.712821913786233
GSE199219,CID4497,PFDN5,0.7816427561772308
GSE199219,CID4497,PCBP2,0.7811133181892103
GSE199219,CID4497,ATP5MC2,0.9144971115230205
GSE199219,CID4497,HNRNPA1,0.8116142761492802
GSE199219,CID4497,BLOC1S1,0.7120582431710638
GSE199219,CID4497,CD63,0.8337048442162202
GSE199219,CID4497,RPS26,0.9248134883191733
GSE199219,CID4497,RPL41,0.6971161704626089
GSE199219,CID4497,MYL6,0.9080303388035758
GSE199219,CID4497,PTGES3,0.8707812649576449
GSE199219,CID4497,NACA,0.7582871604102307
GSE199219,CID4497,USP15,0.7825124772235901
GSE199219,CID4497,IFNG,1.23100172841248
GSE199219,CID4497,RAP1B,0.7722084459183532
GSE199219,CID4497,RAB21,0.6825894509502338
GSE199219,CID4497,GLIPR1,0.7525199819955315
GSE199219,CID4497,PHLDA1,0.9298806873831986
GSE199219,CID4497,NAP1L1,0.8442900818379823
GSE199219,CID4497,PPP1R12A,0.734288948230896
GSE199219,CID4497,ATP2B1,0.7631980526429074
GSE199219,CID4497,BTG1,0.7783931351228306
GSE199219,CID4497,SLC25A3,0.8547126865577218
GSE199219,CID4497,HSP90B1,0.7945075519497928
GSE199219,CID4497,ISCU,0.7172647985834177
GSE199219,CID4497,ARPC3,0.867133419223892
GSE199219,CID4497,ERP29,0.7692179727229959
GSE199219,CID4497,RPL6,0.7131583417209919
GSE199219,CID4497,PEBP1,0.7188274573989978
GSE199219,CID4497,RPLP0,0.8334659718470488
GSE199219,CID4497,COX6A1,0.7925649536490161
GSE199219,CID4497,SRSF9,0.7239488579094341
GSE199219,CID4497,DYNLL1,0.9556883448280408
GSE199219,CID4497,OASL,0.692300605488409
GSE199219,CID4497,RSRC2,0.8476994647328168
GSE199219,CID4497,VPS37B,0.7351309005221907
GSE199219,CID4497,ARL6IP4,0.776774318711231
GSE199219,CID4497,RILPL2,0.7775751965726306
GSE199219,CID4497,UBC,0.8116928257000599
GSE199219,CID4497,RAN,0.841109713166421
GSE199219,CID4497,MPHOSPH8,0.739304287841611
GSE199219,CID4497,SAP18,0.8961017931180552
GSE199219,CID4497,RPL21,0.7808242822273378
GSE199219,CID4497,GTF3A,0.7234489183415422
GSE199219,CID4497,POLR1D,0.7075675772872919
GSE199219,CID4497,POMP,0.7404569630793356
GSE199219,CID4497,HMGB1,0.8845596947266016
GSE199219,CID4497,ALOX5AP,0.8470452558022477
GSE199219,CID4497,HSPH1,1.2788890979748104
GSE199219,CID4497,N4BP2L2,0.8629101744890048
GSE199219,CID4497,ELF1,0.9265722531553394
GSE199219,CID4497,RGCC,1.2992586682407974
GSE199219,CID4497,EPSTI1,0.6954225341161439
GSE199219,CID4497,TPT1,0.6814219658458114
GSE199219,CID4497,LCP1,0.8675270395641719
GSE199219,CID4497,ITM2B,0.8149980643141617
GSE199219,CID4497,INTS6,0.9246989127970379
GSE199219,CID4497,COMMD6,0.831410624700427
GSE199219,CID4497,MYCBP2,0.746515940060548
GSE199219,CID4497,GPR183,1.0187167502107115
GSE199219,CID4497,ARGLU1,0.834054380214807
GSE199219,CID4497,PNP,0.6988221067164945
GSE199219,CID4497,HNRNPC,0.8245603327309448
GSE199219,CID4497,TRAC,0.9742676719820299
GSE199219,CID4497,DAD1,0.7501050732243869
GSE199219,CID4497,PSME1,0.841154945622652
GSE199219,CID4497,PSME2,0.8669102455303049
GSE199219,CID4497,CHMP4A,0.7080432445287149
GSE199219,CID4497,NEDD8,0.7424640571820093
GSE199219,CID4497,GZMH,0.7361563084405517
GSE199219,CID4497,GZMB,0.7348408834525954
GSE199219,CID4497,BAZ1A,0.743172740977073
GSE199219,CID4497,FAM177A1,0.8406668319489369
GSE199219,CID4497,NFKBIA,1.1511549264845875
GSE199219,CID4497,RALGAPA1,0.7765507647046187
GSE199219,CID4497,PNN,0.7879102336199099
GSE199219,CID4497,RPS29,0.706273152088114
GSE199219,CID4497,RPL36AL,0.8107312754104178
GSE199219,CID4497,ARF6,0.7786567343995581
GSE199219,CID4497,GNG2,0.7713418383079402
GSE199219,CID4497,LGALS3,0.7110264054815609
GSE199219,CID4497,KTN1,0.7515218165082691
GSE199219,CID4497,SYNE2,0.9081692712623259
GSE199219,CID4497,ZFP36L1,1.0448804704179728
GSE199219,CID4497,SRSF5,0.8420520623671154
GSE199219,CID4497,RBM25,0.830907097343528
GSE199219,CID4497,FOS,1.425087592433936
GSE199219,CID4497,BATF,0.9642005799783653
GSE199219,CID4497,AHSA1,0.7860301884968328
GSE199219,CID4497,CALM1,0.8303130057046494
GSE199219,CID4497,DDX24,0.8635069680295948
GSE199219,CID4497,PAPOLA,0.7299762251465673
GSE199219,CID4497,BCL11B,0.7107011043669111
GSE199219,CID4497,EVL,0.8786883888574707
GSE199219,CID4497,PPP2R5C,0.9313041346077954
GSE199219,CID4497,HSP90AA1,1.2340883561533227
GSE199219,CID4497,EIF5,0.9101283070155302
GSE199219,CID4497,CRIP1,0.8014743976916014
GSE199219,CID4497,SRP14,0.8414450442319744
GSE199219,CID4497,PDIA3,0.7530321294942228
GSE199219,CID4497,SERF2,0.7847892013158543
GSE199219,CID4497,EID1,0.6871899629405861
GSE199219,CID4497,RSL24D1,0.7109998426293272
GSE199219,CID4497,SLTM,0.7023329283420389
GSE199219,CID4497,ANXA2,0.7781306761221455
GSE199219,CID4497,RORA,0.9374068096292077
GSE199219,CID4497,RPS27L,0.8500442168761886
GSE199219,CID4497,PPIB,0.7945419866722788
GSE199219,CID4497,RPL4,0.8322832136693514
GSE199219,CID4497,PKM,0.8333071401617635
GSE199219,CID4497,ARIH1,0.7752226706549884
GSE199219,CID4497,COX5A,0.6999073817880571
GSE199219,CID4497,MORF4L1,0.7916214129888602
GSE199219,CID4497,RPS17,0.7811513344625334
GSE199219,CID4497,SEC11A,0.7153553052107133
GSE199219,CID4497,AKAP13,0.8381138754894587
GSE199219,CID4497,ISG20,0.9208307119958677
GSE199219,CID4497,CIB1,0.8196634013141287
GSE199219,CID4497,IQGAP1,0.8002850503694727
GSE199219,CID4497,CHD2,0.8144019619506412
GSE199219,CID4497,UBE2I,0.6814366893282288
GSE199219,CID4497,SRRM2,0.8140514541446495
GSE199219,CID4497,ELOB,0.7967104031419263
GSE199219,CID4497,IL32,1.0638937906293462
GSE199219,CID4497,SOCS1,0.9068236107276887
GSE199219,CID4497,LITAF,0.832971208393047
GSE199219,CID4497,GSPT1,0.7670057693653777
GSE199219,CID4497,RPS15A,0.6881355273058394
GSE199219,CID4497,ARL6IP1,0.7826480602316508
GSE199219,CID4497,SMG1,0.7020625849200818
GSE199219,CID4497,RBBP6,0.7023311982374377
GSE199219,CID4497,CD19,0.018870154821466315
GSE199219,CID4497,LAT,0.7365139398125841
GSE199219,CID4497,ALDOA,0.8068169160216458
GSE199219,CID4497,CORO1A,0.8893442426103535
GSE199219,CID4497,FUS,0.8609907387073755
GSE199219,CID4497,CYLD,0.7465459292689156
GSE199219,CID4497,MT2A,1.0397778603953303
GSE199219,CID4497,HERPUD1,0.937671444280108
GSE199219,CID4497,CKLF,0.8611463582271376
GSE199219,CID4497,FAM96B,0.6886094131880564
GSE199219,CID4497,TERF2IP,0.7632124926541644
GSE199219,CID4497,MAF,0.7783297635903105
GSE199219,CID4497,CMC2,0.6847097010291427
GSE199219,CID4497,COTL1,0.9579049699643208
GSE199219,CID4497,COX4I1,0.8243438289481754
GSE199219,CID4497,MAP1LC3B,0.8275464213237471
GSE199219,CID4497,CYBA,0.8432782284697462
GSE199219,CID4497,APRT,0.7973987816452148
GSE199219,CID4497,ANKRD11,0.8006397583221969
GSE199219,CID4497,TCF25,0.7552260296092249
GSE199219,CID4497,ITGAE,0.5179103166155573
GSE199219,CID4497,PFN1,0.9225918438881119
GSE199219,CID4497,XAF1,0.6824489277620654
GSE199219,CID4497,EIF5A,0.7552395183944057
GSE199219,CID4497,ACAP1,0.8291535897514586
GSE199219,CID4497,POLR2A,0.7435087185228132
GSE199219,CID4497,EIF4A1,0.8000593539065254
GSE199219,CID4497,KDM6B,0.8843529168809509
GSE199219,CID4497,TRAPPC1,0.6829147611713049
GSE199219,CID4497,VAMP2,0.7720338713335397
GSE199219,CID4497,RPL26,0.7103038295714239
GSE199219,CID4497,NCOR1,0.7132101820950837
GSE199219,CID4497,UBB,0.873473818890787
GSE199219,CID4497,WSB1,0.8404031109847753
GSE199219,CID4497,RPL23A,0.7062062843528801
GSE199219,CID4497,NUFIP2,0.7376410552438024
GSE199219,CID4497,EVI2B,0.7240465711841493
GSE199219,CID4497,ZNF207,0.7216351744212741
GSE199219,CID4497,SLFN5,0.7290982084830862
GSE199219,CID4497,CCL5,1.5433428782744114
GSE199219,CID4497,CCL3,0.7376765983003477
GSE199219,CID4497,CCL4,1.7317420195971793
GSE199219,CID4497,CCL4L2,1.0779952965562285
GSE199219,CID4497,PSMB3,0.7013007543707719
GSE199219,CID4497,RPL23,0.8731256715615651
GSE199219,CID4497,RPL19,0.6897272721192783
GSE199219,CID4497,ERBB2,0.20546640680677353
GSE199219,CID4497,CCR7,0.8673323055208563
GSE199219,CID4497,KRT10,0.6818418135151754
GSE199219,CID4497,STAT3,0.8825842211482983
GSE199219,CID4497,RPL27,0.7916277423516481
GSE199219,CID4497,HEXIM1,0.7414272878793812
GSE199219,CID4497,FMNL1,0.720629021721092
GSE199219,CID4497,SKAP1,0.7209157463254958
GSE199219,CID4497,LUC7L3,0.7992860590637523
GSE199219,CID4497,TOB1,0.849765725828717
GSE199219,CID4497,VMP1,0.9163974732970074
GSE199219,CID4497,LIMD2,0.8337187796473731
GSE199219,CID4497,DDX5,0.7609911522416192
GSE199219,CID4497,BPTF,0.7511225364850271
GSE199219,CID4497,KPNA2,0.72620386646054
GSE199219,CID4497,RPL38,0.787674845877463
GSE199219,CID4497,FDXR,0.2504868616865572
GSE199219,CID4497,JPT1,0.7782305621433709
GSE199219,CID4497,SUMO2,0.8545969547002361
GSE199219,CID4497,H3F3B,0.7353749524365877
GSE199219,CID4497,UBALD2,0.7663881584192221
GSE199219,CID4497,SRSF2,0.895863864289632
GSE199219,CID4497,SEPT9,0.6947986130730184
GSE199219,CID4497,SOCS3,0.8615582881982374
GSE199219,CID4497,EIF4A3,0.9430300702536571
GSE199219,CID4497,RNF213,0.8902258683961921
GSE199219,CID4497,ACTG1,0.8824433365333951
GSE199219,CID4497,CD7,1.0047392769612211
GSE199219,CID4497,METRNL,0.8788233541573564
GSE199219,CID4497,SMCHD1,0.8547947548813549
GSE199219,CID4497,MYL12A,0.941852101704207
GSE199219,CID4497,MYL12B,0.8818804623358921
GSE199219,CID4497,NDUFV2,0.7732996816290126
GSE199219,CID4497,ANKRD12,0.9331721066203905
GSE199219,CID4497,VAPA,0.6918260542849373
GSE199219,CID4497,CHMP1B,0.8225880180207512
GSE199219,CID4497,LDLRAD4,0.7367630724906143
GSE199219,CID4497,ROCK1,0.7252213502116597
GSE199219,CID4497,RPL17,0.7492777268656158
GSE199219,CID4497,PMAIP1,0.9937869879752407
GSE199219,CID4497,MBP,0.719098808010972
GSE199219,CID4497,FKBP1A,0.7319697453489455
GSE199219,CID4497,SNRPB,0.7793832130014685
GSE199219,CID4497,NOP56,0.7481888372610077
GSE199219,CID4497,PRNP,0.7479707186522377
GSE199219,CID4497,CST7,0.9565446686820727
GSE199219,CID4497,DYNLRB1,0.690782912176391
GSE199219,CID4497,RBM39,0.8131519707311141
GSE199219,CID4497,TOP1,0.7828712769192373
GSE199219,CID4497,YWHAB,0.8772474939131388
GSE199219,CID4497,STK4,0.8913479461789308
GSE199219,CID4497,ZFAS1,0.8884111178279255
GSE199219,CID4497,CEBPB,0.8141657312013295
GSE199219,CID4497,GNAS,0.8429310794740665
GSE199219,CID4497,ATP5F1E,1.2210044215977218
GSE199219,CID4497,PSMA7,0.8349570515945053
GSE199219,CID4497,RPS21,0.7579065043648731
GSE199219,CID4497,PPDPF,0.8556589144423384
GSE199219,CID4497,GZMM,0.7619717508081201
GSE199219,CID4497,PTBP1,0.7077714260500779
GSE199219,CID4497,GPX4,0.8006717245139094
GSE199219,CID4497,ATP5F1D,0.7155044009334939
GSE199219,CID4497,MIDN,0.77421206361674
GSE199219,CID4497,CIRBP,0.8250585455568391
GSE199219,CID4497,UQCR11,0.7814371768945768
GSE199219,CID4497,ABHD17A,0.7267784922213122
GSE199219,CID4497,MKNK2,0.7402726639784599
GSE199219,CID4497,OAZ1,0.8135633675891797
GSE199219,CID4497,LSM7,0.6893770343528578
GSE199219,CID4497,GADD45B,1.170922994994766
GSE199219,CID4497,AES,0.818822345041136
GSE199219,CID4497,EEF2,0.8263149701858996
GSE199219,CID4497,RPL36,0.7217358593514526
GSE199219,CID4497,NDUFA11,0.7053694573597084
GSE199219,CID4497,TNFSF9,0.749125906531975
GSE199219,CID4497,RPS28,0.6941393149937106
GSE199219,CID4497,HNRNPM,0.7209433492985747
GSE199219,CID4497,UBL5,0.8086784026509872
GSE199219,CID4497,EIF3G,0.7639966716770856
GSE199219,CID4497,ICAM3,0.764432170951831
GSE199219,CID4497,CDC37,0.7049062737620138
GSE199219,CID4497,WDR83OS,0.7023002599411806
GSE199219,CID4497,TRIR,0.8191241945054901
GSE199219,CID4497,JUNB,1.1666568541622393
GSE199219,CID4497,PRDX2,0.7296507050336417
GSE199219,CID4497,CALR,0.8840140880380104
GSE199219,CID4497,IER2,1.0491155737943503
GSE199219,CID4497,C19orf53,0.7382131959366588
GSE199219,CID4497,AC020916.1,0.6907445851736652
GSE199219,CID4497,ADGRE5,0.8547343904413293
GSE199219,CID4497,DNAJB1,1.2623701374613858
GSE199219,CID4497,TPM4,0.7111995474407685
GSE199219,CID4497,KLF2,1.2923125371036006
GSE199219,CID4497,BST2,0.7969947898002856
GSE199219,CID4497,RPL18A,0.7101477519186086
GSE199219,CID4497,JUND,0.8225849720165511
GSE199219,CID4497,FKBP8,0.6823042426024144
GSE199219,CID4497,UBA52,0.7528807995955219
GSE199219,CID4497,COPE,0.7463659065861463
GSE199219,CID4497,NDUFA13,0.6900489521671312
GSE199219,CID4497,FXYD5,0.8541007721274394
GSE199219,CID4497,COX6B1,0.7967476047997971
GSE199219,CID4497,NFKBID,0.707053477396784
GSE199219,CID4497,HCST,0.970143701896892
GSE199219,CID4497,PSMD8,0.7277828891203572
GSE199219,CID4497,EIF3K,0.806938811424987
GSE199219,CID4497,ACTN4,0.7266620918315486
GSE199219,CID4497,GMFG,0.8515429375239538
GSE199219,CID4497,ZFP36,1.1410941893920719
GSE199219,CID4497,RPS16,0.7007378276689904
GSE199219,CID4497,SERTAD1,0.9473628237957388
GSE199219,CID4497,HNRNPUL1,0.6834739315128058
GSE199219,CID4497,TGFB1,0.900200855023254
GSE199219,CID4497,RPS19,0.6923719803208884
GSE199219,CID4497,ARHGEF1,0.7564531841646306
GSE199219,CID4497,RABAC1,0.7515922596916331
GSE199219,CID4497,DEDD2,0.7665757335137228
GSE199219,CID4497,FOSB,1.110825310774532
GSE199219,CID4497,SNRPD2,0.7750018784119574
GSE199219,CID4497,CALM3,0.763745184068129
GSE199219,CID4497,NOP53,0.8894803238244006
GSE199219,CID4497,EMP3,0.8612465582494971
GSE199219,CID4497,RPL18,0.7108085815469714
GSE199219,CID4497,PPP1R15A,0.9942424272280262
GSE199219,CID4497,BAX,0.7660167789059649
GSE199219,CID4497,FTL,0.8502148502244793
GSE199219,CID4497,CD37,0.8059240024633565
GSE199219,CID4497,RPL13A,0.7160512123902691
GSE199219,CID4497,RPS11,0.7630503575776846
GSE199219,CID4497,NKG7,1.2428243855498244
GSE199219,CID4497,ZNF331,1.1219721175342663
GSE199219,CID4497,MYADM,0.9919745682683063
GSE199219,CID4497,RPS9,0.6935226032227114
GSE199219,CID4497,UBE2S,1.0581262380835108
GSE199219,CID4497,RPS5,0.794967421587978
GSE199219,CID4497,RANBP1,0.6871531790795805
GSE199219,CID4497,MIF,0.6923086877898686
GSE199219,CID4497,XBP1,0.7683002729890798
GSE199219,CID4497,UQCR10,0.755792608022056
GSE199219,CID4497,PIK3IP1,0.793798635088432
GSE199219,CID4497,MYH9,0.7538995669970873
GSE199219,CID4497,RAC2,0.8573332002558602
GSE199219,CID4497,LGALS1,1.0713591929102766
GSE199219,CID4497,DDX17,0.8440345104307888
GSE199219,CID4497,APOBEC3G,0.8775828200819715
GSE199219,CID4497,RPL3,0.7324139737306491
GSE199219,CID4497,ATF4,0.7807554115355331
GSE199219,CID4497,TNRC6B,0.7500835772127683
GSE199219,CID4497,ST13,0.7241079965153467
GSE199219,CID4497,RBX1,0.6891779485195184
GSE199219,CID4497,SNU13,0.7358144179033616
GSE199219,CID4497,SMDT1,0.7154124928113764
GSE199219,CID4497,TSPO,0.7841199880509386
GSE199219,CID4497,PIM3,0.8041871907965532
GSE199219,CID4497,TYMP,0.8701022459920688
GSE199219,CID4497,SAMSN1,1.0309423319083355
GSE199219,CID4497,BTG3,0.748070347395154
GSE199219,CID4497,SOD1,0.9296526231979696
GSE199219,CID4497,SON,0.8259374265438091
GSE199219,CID4497,MRPS6,0.7578907620809338
GSE199219,CID4497,SLC5A3,0.7571996276139216
GSE199219,CID4497,HMGN1,0.8464186478293003
GSE199219,CID4497,ABCG1,0.39743161430294716
GSE199219,CID4497,CSTB,0.7685539108899941
GSE199219,CID4497,ITGB2,0.7981447471379186
GSE199219,CID4497,MT-ND2,0.7151542111065221
GSE199219,CID4497,MT-ATP8,0.7276433892595029
GSE199219,CID4497,MT-ND3,0.7061225296123841
GSE199219,CID4497,MT-ND4L,0.8906938475879185
GSE199219,CID4497,MT-ND5,0.7776213122408083
GSE199219,CID4497,mm10---mt-Atp6,1.1613716169710233
GSE199219,CID4497,mm10---mt-Co3,1.1615252411222572
GSE199219,CID4497,mm10---mt-Co2,1.1123761624536164
GSE199219,CID4497,mm10---mt-Cytb,0.9942104278608758
GSE199219,CID4497,mm10---mt-Co1,0.9956342953803231
GSE199219,CID4497,mm10---mt-Nd1,0.8695618878637609
GSE199219,CID4497,mm10---Gm42418,0.7855213781526225
GSE199219,CID4497,mm10---mt-Nd2,0.8553786028440304
GSE199219,CID4497,mm10---mt-Nd4,0.8772040860262729
GSE199219,CID4497,FAM46C,0.7096752531010909
GSE199219,CID4497,LINC00152,0.7268826745832828
GSE199219,CID4497,SELK,0.9726984899064394
GSE199219,CID4497,FYB,0.8513529082471064
GSE199219,CID4497,GNB2L1,1.332676236817301
GSE199219,CID4497,RP11-138A9.1,0.7438326814583726
GSE199219,CID4497,LINC-PINT,0.8128896755655186
GSE199219,CID4497,WHSC1L1,0.7354114361459556
GSE199219,CID4497,ATP5L,0.9391071458815381
GSE199219,CID4497,ATP5G2,0.8500048277029596
GSE199219,CID4497,CCDC64,0.7067875192424042
GSE199219,CID4497,TCEB2,0.6805244633430002
GSE199219,CID4497,HN1,0.7226272885707128
GSE199219,CID4497,ATP5E,1.15848238109259
GSE199219,CID4497,C19orf43,0.782465215438576
GSE199219,CID4497,CTD-3252C9.4,0.7985774393613635
GSE199219,CID4497,GLTSCR2,0.8453599167831439
GSE199219,CID4513,ISG15,1.0515098065745014
GSE199219,CID4513,TNFRSF18,0.8955604892750002
GSE199219,CID4513,TNFRSF4,0.8477418937417748
GSE199219,CID4513,RPL22,0.851048526302708
GSE199219,CID4513,TNFRSF9,0.7089695711896166
GSE199219,CID4513,PARK7,0.8618662970720296
GSE199219,CID4513,ENO1,0.881878032406126
GSE199219,CID4513,TNFRSF1B,0.770122297093191
GSE199219,CID4513,PRDM2,0.7665448091836344
GSE199219,CID4513,CAPZB,0.7757389687990934
GSE199219,CID4513,MINOS1,0.7134690910612269
GSE199219,CID4513,HP1BP3,0.7169169623162032
GSE199219,CID4513,CDC42,0.8433800591109558
GSE199219,CID4513,ID3,0.7565308807934291
GSE199219,CID4513,RPL11,0.7130761246396202
GSE199219,CID4513,PITHD1,0.6879790981505973
GSE199219,CID4513,SRSF10,0.7354273418866728
GSE199219,CID4513,RCAN3,0.7195865119904546
GSE199219,CID4513,SRRM1,0.8308962529932616
GSE199219,CID4513,RUNX3,0.8664669927332727
GSE199219,CID4513,SYF2,0.7413716686173567
GSE199219,CID4513,RSRP1,0.9472549562717874
GSE199219,CID4513,TMEM50A,0.7527058547250358
GSE199219,CID4513,STMN1,0.6884954897260538
GSE199219,CID4513,SH3BGRL3,0.9279005326698362
GSE199219,CID4513,CD52,0.9924575698470198
GSE199219,CID4513,HMGN2,0.8397485788675801
GSE199219,CID4513,NUDC,0.7132010910153281
GSE199219,CID4513,IFI6,0.8849392425893989
GSE199219,CID4513,SNHG12,0.8199233005118387
GSE199219,CID4513,LAPTM5,0.8832201985871866
GSE199219,CID4513,PTP4A2,0.7766066719106274
GSE199219,CID4513,LCK,0.8123680208301846
GSE199219,CID4513,MARCKSL1,0.8170933206335507
GSE199219,CID4513,SFPQ,0.9065831559743172
GSE199219,CID4513,NDUFS5,0.8403488226107211
GSE199219,CID4513,MACF1,0.7442231619815757
GSE199219,CID4513,CAP1,0.7409711770798015
GSE199219,CID4513,SMAP2,0.8103835626860605
GSE199219,CID4513,YBX1,0.8781327639214156
GSE199219,CID4513,RPS8,0.7586402310882366
GSE199219,CID4513,PLK3,0.8061971580850738
GSE199219,CID4513,PRDX1,0.9288755006620054
GSE199219,CID4513,NASP,0.8673119765917358
GSE199219,CID4513,UQCRH,0.8119842762072215
GSE199219,CID4513,TMEM59,0.7826178746998433
GSE199219,CID4513,DHCR24,0.08990366009476702
GSE199219,CID4513,JUN,1.4027040457659758
GSE199219,CID4513,JAK1,0.8147308579568477
GSE199219,CID4513,PDE4B,0.8364352120216848
GSE199219,CID4513,SERBP1,0.8081164682504094
GSE199219,CID4513,GADD45A,0.8959454618645598
GSE199219,CID4513,SRSF11,0.8125060829728236
GSE199219,CID4513,GNG5,0.7353181998344184
GSE199219,CID4513,ODF2L,0.7521934139310749
GSE199219,CID4513,GTF2B,0.8641607805915691
GSE199219,CID4513,GBP2,0.773866071296654
GSE199219,CID4513,GBP5,0.7136841523462393
GSE199219,CID4513,RPL5,0.8290508019600565
GSE199219,CID4513,DNTTIP2,0.7101303789582731
GSE199219,CID4513,PRPF38B,0.8705886701705194
GSE199219,CID4513,CD53,0.8628060632645533
GSE199219,CID4513,RAP1A,0.7444159049162475
GSE199219,CID4513,CAPZA1,0.7033391497260062
GSE199219,CID4513,PTPN22,0.8115191599366619
GSE199219,CID4513,BCAS2,0.8173629732514315
GSE199219,CID4513,CSDE1,0.7479329120467093
GSE199219,CID4513,ATP1A1,0.8113876123046948
GSE199219,CID4513,CD2,0.9763829269546044
GSE199219,CID4513,HMGCS2,1.0
GSE199219,CID4513,RBM8A,0.8458195744308584
GSE199219,CID4513,TXNIP,1.3009631062241553
GSE199219,CID4513,MCL1,1.0282288082282103
GSE199219,CID4513,ENSA,0.6919265497065591
GSE199219,CID4513,S100A10,1.0250249679475492
GSE199219,CID4513,S100A11,1.0123070933026208
GSE199219,CID4513,S100A6,0.9741184058876975
GSE199219,CID4513,S100A4,1.1818083587667099
GSE199219,CID4513,JTB,0.7395687469996826
GSE199219,CID4513,RPS27,0.6890199028609492
GSE199219,CID4513,TPM3,0.8558021285093563
GSE199219,CID4513,PBXIP1,0.7484319492087995
GSE199219,CID4513,FDPS,0.5121471824037426
GSE199219,CID4513,ASH1L,0.7166710796216258
GSE199219,CID4513,SSR2,0.8071510405030549
GSE199219,CID4513,LMNA,1.3619228829569008
GSE199219,CID4513,CCT3,0.7363007725093457
GSE199219,CID4513,IFI16,0.8102413277085738
GSE199219,CID4513,TAGLN2,0.9230745143965988
GSE199219,CID4513,CD48,0.9154385883421868
GSE199219,CID4513,UFC1,0.6922222138424243
GSE199219,CID4513,HSPA6,0.7031181715975432
GSE199219,CID4513,HSD17B7,0.35176351145332146
GSE199219,CID4513,CD247,0.8011846377810086
GSE199219,CID4513,XCL2,0.7508942572687854
GSE199219,CID4513,PRRC2C,0.8734162169396827
GSE199219,CID4513,CACYBP,0.9807221065211429
GSE199219,CID4513,IER5,0.961967719474234
GSE199219,CID4513,ARPC5,0.6978953224847002
GSE199219,CID4513,FAM129A,0.7081102162606975
GSE199219,CID4513,IVNS1ABP,0.8025731280175429
GSE199219,CID4513,TPR,0.7451951666707686
GSE199219,CID4513,RGS1,1.3000101646242774
GSE199219,CID4513,RGS2,0.9536075716058804
GSE199219,CID4513,PTPRC,0.8810931761235914
GSE199219,CID4513,PTPN7,0.7011107544988106
GSE199219,CID4513,BTG2,1.027498874250647
GSE199219,CID4513,NUCKS1,0.7003531766733129
GSE199219,CID4513,CD55,0.851246433988638
GSE199219,CID4513,TRAF3IP3,0.7151196172220097
GSE199219,CID4513,ATF3,0.9493493914995432
GSE199219,CID4513,H3F3A,0.8548325383753608
GSE199219,CID4513,ARF1,0.7905973827307274
GSE199219,CID4513,GUK1,0.8217294270011781
GSE199219,CID4513,TOMM20,0.7835366376675371
GSE199219,CID4513,ARID4B,0.8827054101836446
GSE199219,CID4513,LYST,0.7110553272366894
GSE199219,CID4513,HNRNPU,0.8879924215605686
GSE199219,CID4513,RPS7,0.7085854546237945
GSE199219,CID4513,ID2,1.1189551489342093
GSE199219,CID4513,YWHAQ,0.8215433262622499
GSE199219,CID4513,ODC1,0.9446386100417451
GSE199219,CID4513,OST4,0.8440580399679711
GSE199219,CID4513,FOSL2,0.8219164491666486
GSE199219,CID4513,PPP1CB,0.832567264656632
GSE199219,CID4513,YPEL5,1.066266442401203
GSE199219,CID4513,LBH,0.7985236065253154
GSE199219,CID4513,SRSF7,0.9175403663053365
GSE199219,CID4513,EML4,0.8068351278679504
GSE199219,CID4513,ZFP36L2,1.1642671329266978
GSE199219,CID4513,CALM2,0.9593495106435292
GSE199219,CID4513,EPCAM,0.10439670476345837
GSE199219,CID4513,RTN4,0.7044463855689024
GSE199219,CID4513,RPS27A,0.6974879387622065
GSE199219,CID4513,REL,1.0993525724253874
GSE199219,CID4513,CCT4,0.7653269586464624
GSE199219,CID4513,UGP2,0.7386178600070944
GSE199219,CID4513,ACTR2,0.759153575176968
GSE199219,CID4513,AAK1,0.7585292193253967
GSE199219,CID4513,PCBP1,0.7782673690376426
GSE199219,CID4513,SNRPG,0.7090105553161886
GSE199219,CID4513,TMSB10,0.7547470479995333
GSE199219,CID4513,MAT2A,0.6975224426653589
GSE199219,CID4513,VAMP8,0.7326008944111144
GSE199219,CID4513,GNLY,1.0219651362914939
GSE199219,CID4513,CD8A,0.8782825745976441
GSE199219,CID4513,CD8B,0.7248748912972116
GSE199219,CID4513,IGKC,0.7791209418635294
GSE199219,CID4513,DUSP2,1.2190589232819775
GSE199219,CID4513,ARID5A,0.7653705342118209
GSE199219,CID4513,COX5B,0.7818499208002602
GSE199219,CID4513,RPL31,0.8731504171433627
GSE199219,CID4513,GCC2,0.8118333574238482
GSE199219,CID4513,LIMS1,0.710131019495798
GSE199219,CID4513,SLC20A1,0.6856150779316084
GSE199219,CID4513,ACTR3,0.7843595175290207
GSE199219,CID4513,DDX18,0.7397691651459237
GSE199219,CID4513,DBI,0.7671738633074362
GSE199219,CID4513,GYPC,0.7528691267198465
GSE199219,CID4513,MZT2B,0.8147018143923159
GSE199219,CID4513,MZT2A,0.7309725196828988
GSE199219,CID4513,UBXN4,0.7399985466320542
GSE199219,CID4513,CXCR4,1.3172645035248949
GSE199219,CID4513,ARHGAP15,0.7014403182211841
GSE199219,CID4513,ZEB2,0.8164579047077772
GSE199219,CID4513,PRPF40A,0.6928736439805466
GSE199219,CID4513,NR4A2,1.1897768978171726
GSE199219,CID4513,CYTIP,0.9711933119312256
GSE199219,CID4513,TANK,0.884070457109967
GSE199219,CID4513,PPIG,0.7633903957783179
GSE199219,CID4513,WIPF1,0.7663545816658707
GSE199219,CID4513,HNRNPA3,0.7657534755438635
GSE199219,CID4513,NFE2L2,0.8278444103063982
GSE199219,CID4513,ITGA4,0.6870098588563223
GSE199219,CID4513,ORMDL1,0.7023917870704897
GSE199219,CID4513,GLS,0.8475193122788919
GSE199219,CID4513,STAT1,0.750645133033789
GSE199219,CID4513,STAT4,0.7053203154183759
GSE199219,CID4513,NABP1,0.7887816504192698
GSE199219,CID4513,STK17B,0.9080455088633954
GSE199219,CID4513,ANKRD44,0.6861003665050218
GSE199219,CID4513,SF3B1,0.7901629302421348
GSE199219,CID4513,HSPD1,1.2203027185687858
GSE199219,CID4513,HSPE1,1.14239001693224
GSE199219,CID4513,BZW1,0.7947653430297205
GSE199219,CID4513,CLK1,0.8590228533893715
GSE199219,CID4513,CFLAR,0.8396177873265915
GSE199219,CID4513,CASP8,0.6901272059045885
GSE199219,CID4513,SUMO1,0.7168066617425546
GSE199219,CID4513,NOP58,0.7668408288177065
GSE199219,CID4513,CTLA4,0.9438673440199453
GSE199219,CID4513,ICOS,1.0136327177796967
GSE199219,CID4513,EEF1B2,0.8982012624531449
GSE199219,CID4513,XRCC5,0.6862974696000291
GSE199219,CID4513,RPL37A,0.7651537848030218
GSE199219,CID4513,ARPC2,0.8783594195452681
GSE199219,CID4513,TUBA4A,1.007209076891268
GSE199219,CID4513,SP100,0.7872552955508912
GSE199219,CID4513,ITM2C,0.6854937753312805
GSE199219,CID4513,NCL,0.9191537433381914
GSE199219,CID4513,ARL4C,1.004695783894352
GSE199219,CID4513,LRRFIP1,0.8798344293692623
GSE199219,CID4513,PDCD1,0.5077604078486685
GSE199219,CID4513,BRK1,0.7215579851012504
GSE199219,CID4513,RPL32,0.7251283788167227
GSE199219,CID4513,ANKRD28,0.8348295914586257
GSE199219,CID4513,RPL15,0.7065001636149274
GSE199219,CID4513,GOLGA4,0.7948527897568953
GSE199219,CID4513,CSRNP1,0.8089157128519053
GSE199219,CID4513,RPSA,0.815796235238119
GSE199219,CID4513,EIF1B,0.7010349005093336
GSE199219,CID4513,RPL14,0.7394256890793626
GSE199219,CID4513,NKTR,0.8462689859468697
GSE199219,CID4513,TMA7,0.8419887778769282
GSE199219,CID4513,RHOA,0.8497596536127149
GSE199219,CID4513,GNAI2,0.814809937377701
GSE199219,CID4513,RPL29,0.7624926160308229
GSE199219,CID4513,SPCS1,0.7782266244395635
GSE199219,CID4513,SELENOK,0.9545054097548821
GSE199219,CID4513,ARF4,0.7528388571926121
GSE199219,CID4513,ARL6IP5,0.8866197505354909
GSE199219,CID4513,FOXP1,0.7930113586035408
GSE199219,CID4513,MTRNR2L12,1.0399399657399944
GSE199219,CID4513,CLDND1,0.7121168768221808
GSE199219,CID4513,RPL24,0.7212934874017918
GSE199219,CID4513,NFKBIZ,0.8370634512190704
GSE199219,CID4513,BBX,0.6881198460679597
GSE199219,CID4513,CD47,0.7218072406992392
GSE199219,CID4513,TRAT1,0.6959453229050013
GSE199219,CID4513,CD96,0.7687277925436091
GSE199219,CID4513,TIGIT,0.9096920305366913
GSE199219,CID4513,HCLS1,0.7072888416653242
GSE199219,CID4513,GOLGB1,0.9179522630007159
GSE199219,CID4513,CNBP,0.8116054208917719
GSE199219,CID4513,H1FX,0.8976394966286906
GSE199219,CID4513,CDV3,0.7606854567045034
GSE199219,CID4513,ATP1B3,1.0009990146268701
GSE199219,CID4513,TSC22D2,0.6911482083835224
GSE199219,CID4513,SERP1,0.8530769293826347
GSE199219,CID4513,MBNL1,0.8610268265784785
GSE199219,CID4513,DHX36,0.7701292835821714
GSE199219,CID4513,TIPARP,0.7694654401863431
GSE199219,CID4513,CCNL1,0.90003941599444
GSE199219,CID4513,SEC62,0.7120717898495627
GSE199219,CID4513,SKIL,0.7205034855757874
GSE199219,CID4513,RPL22L1,0.8186190708332034
GSE199219,CID4513,TRA2B,0.826597056465919
GSE199219,CID4513,EIF4A2,0.903234456233864
GSE199219,CID4513,PPP1R2,0.9025282818468219
GSE199219,CID4513,RPL35A,0.7562489549900603
GSE199219,CID4513,MXD4,0.6909228849693946
GSE199219,CID4513,LYAR,0.7052558751419286
GSE199219,CID4513,MRFAP1,0.6881146935075096
GSE199219,CID4513,BOD1L1,0.7298819266785852
GSE199219,CID4513,RBPJ,0.8449974141115327
GSE199219,CID4513,ARAP2,0.6860076198566539
GSE199219,CID4513,RPL9,0.7362259563268715
GSE199219,CID4513,RHOH,0.9695373333568802
GSE199219,CID4513,OCIAD2,0.7817538492437522
GSE199219,CID4513,HOPX,0.6881231783848746
GSE199219,CID4513,AREG,0.9815227590121685
GSE199219,CID4513,G3BP2,0.888281054097715
GSE199219,CID4513,CCNI,0.8942016954141316
GSE199219,CID4513,CXCL13,0.9711178268187741
GSE199219,CID4513,CNOT6L,0.8915750827203148
GSE199219,CID4513,RASGEF1B,0.7169369138121324
GSE199219,CID4513,HNRNPDL,0.863318574359356
GSE199219,CID4513,H2AFZ,1.0399090376676132
GSE199219,CID4513,NFKB1,0.7186631945131053
GSE199219,CID4513,UBE2D3,0.8609577824088361
GSE199219,CID4513,RPL34,0.7316377935625741
GSE199219,CID4513,SNHG8,0.8386718809434062
GSE199219,CID4513,C4orf3,0.7301375165583955
GSE199219,CID4513,ANXA5,0.7292626404724531
GSE199219,CID4513,SMARCA5,0.703199140052286
GSE199219,CID4513,RPS3A,0.7547906040500753
GSE199219,CID4513,HMGB2,0.8643899118917333
GSE199219,CID4513,ANKRD37,0.7633009496690826
GSE199219,CID4513,SUB1,0.90722585315144
GSE199219,CID4513,IL7R,1.3186438653397023
GSE199219,CID4513,FYB1,0.7988602392816591
GSE199219,CID4513,PTGER4,0.8609947520562212
GSE199219,CID4513,PRKAA1,0.47300415141227875
GSE199219,CID4513,RPL37,0.7507496198209236
GSE199219,CID4513,EMB,0.7430917848627809
GSE199219,CID4513,GZMK,1.2606593152840582
GSE199219,CID4513,GZMA,1.1406745304745318
GSE199219,CID4513,GPBP1,0.9083807446684569
GSE199219,CID4513,PIK3R1,0.8412660829118033
GSE199219,CID4513,BTF3,0.8331971882582188
GSE199219,CID4513,NSA2,0.7566042635794582
GSE199219,CID4513,TBCA,0.7472308255885477
GSE199219,CID4513,JMY,0.7023789976732896
GSE199219,CID4513,RPS23,0.701390805833344
GSE199219,CID4513,COX7C,0.8571354933599474
GSE199219,CID4513,CCNH,0.7527121922480979
GSE199219,CID4513,GLRX,0.7009169133230346
GSE199219,CID4513,CAST,0.8103561259526816
GSE199219,CID4513,CHD1,0.8087032809005666
GSE199219,CID4513,REEP5,0.7249149082699782
GSE199219,CID4513,TNFAIP8,0.7560011407092366
GSE199219,CID4513,HINT1,0.8738073034335153
GSE199219,CID4513,CDC42SE2,0.8254559830580572
GSE199219,CID4513,IRF1,0.984944662637955
GSE199219,CID4513,TCF7,0.6898016202140296
GSE199219,CID4513,SKP1,0.8598826506379532
GSE199219,CID4513,UBE2B,0.7965456943627316
GSE199219,CID4513,HNRNPA0,0.803782481157427
GSE199219,CID4513,EGR1,0.8670484045470233
GSE199219,CID4513,HSPA9,0.7247987925575201
GSE199219,CID4513,PAIP2,0.7759071880541806
GSE199219,CID4513,UBE2D2,0.7790449159197462
GSE199219,CID4513,CD14,0.12222712086438865
GSE199219,CID4513,TAF7,0.7634869121436961
GSE199219,CID4513,NDFIP1,0.7570511250624409
GSE199219,CID4513,NR3C1,0.8600962001122608
GSE199219,CID4513,CSNK1A1,0.7186638306575351
GSE199219,CID4513,CD74,1.0786119396434986
GSE199219,CID4513,RPS14,0.751269927224687
GSE199219,CID4513,ITK,0.7133165235230439
GSE199219,CID4513,NPM1,0.9202196292782084
GSE199219,CID4513,DUSP1,1.1684767911633436
GSE199219,CID4513,ATP6V0E1,0.8138854497467548
GSE199219,CID4513,CREBRF,0.7195380054194095
GSE199219,CID4513,HIGD2A,0.7635978467592501
GSE199219,CID4513,PRELID1,0.6872526432717658
GSE199219,CID4513,HNRNPAB,0.783032785530725
GSE199219,CID4513,HNRNPH1,0.9397706082324248
GSE199219,CID4513,SQSTM1,0.9527393207104276
GSE199219,CID4513,RACK1,1.2252884584402672
GSE199219,CID4513,SERPINB9,0.7350440020538309
GSE199219,CID4513,PRPF4B,0.6913330430257815
GSE199219,CID4513,CD83,0.7712243277626433
GSE199219,CID4513,MYLIP,0.7634285778113843
GSE199219,CID4513,DEK,0.749702239296869
GSE199219,CID4513,HIST1H4C,0.7524789417790506
GSE199219,CID4513,BTN3A2,0.7145487934494332
GSE199219,CID4513,HLA-F,0.827361211721738
GSE199219,CID4513,HLA-A,0.6942871197954145
GSE199219,CID4513,HLA-E,0.7748083174806784
GSE199219,CID4513,PPP1R10,0.8425848473610348
GSE199219,CID4513,TNF,0.9695548771075051
GSE199219,CID4513,LTB,1.24134313572656
GSE199219,CID4513,CLIC1,0.9032929484365907
GSE199219,CID4513,HSPA1A,1.9771996073077647
GSE199219,CID4513,HSPA1B,1.7021709846249893
GSE199219,CID4513,C6orf48,0.8010381213092748
GSE199219,CID4513,NEU1,0.9840519058091715
GSE199219,CID4513,GPSM3,0.7694783113881757
GSE199219,CID4513,HLA-DRA,0.9570151470749937
GSE199219,CID4513,HLA-DRB1,1.0901258181941738
GSE199219,CID4513,HLA-DQA1,0.8449487905383639
GSE199219,CID4513,HLA-DQB1,0.7485217452396763
GSE199219,CID4513,PSMB8,0.747901131513399
GSE199219,CID4513,PSMB9,0.8430444443994134
GSE199219,CID4513,TAP1,0.7138088159158551
GSE199219,CID4513,BRD2,0.9239266551857579
GSE199219,CID4513,HLA-DPA1,0.9274095526377696
GSE199219,CID4513,HLA-DPB1,0.9111467614103671
GSE199219,CID4513,RPS18,0.7307573002030371
GSE199219,CID4513,TAPBP,0.7611674861831171
GSE199219,CID4513,CUTA,0.7541748836528602
GSE199219,CID4513,RPS10,0.914025381305725
GSE199219,CID4513,RPL10A,0.7968703534180193
GSE199219,CID4513,FKBP5,0.6941260488970519
GSE199219,CID4513,SRSF3,0.937009678089486
GSE199219,CID4513,CDKN1A,0.6969309128493998
GSE199219,CID4513,HSP90AB1,1.1858382573761146
GSE199219,CID4513,COX7A2,0.8119227623033383
GSE199219,CID4513,ZNF292,0.7673770667583314
GSE199219,CID4513,PNRC1,0.9246176374559101
GSE199219,CID4513,PNISR,0.9155336767356711
GSE199219,CID4513,PRDM1,0.7656259312052311
GSE199219,CID4513,SNX3,0.6940061395655674
GSE199219,CID4513,CD164,0.7118778730355774
GSE199219,CID4513,AMD1,0.9191269167518021
GSE199219,CID4513,FYN,0.8751731573260834
GSE199219,CID4513,RPS12,0.707818701671376
GSE199219,CID4513,BCLAF1,0.8198077927783202
GSE199219,CID4513,TNFAIP3,1.1708734750157668
GSE199219,CID4513,ABRACL,0.75437607260068
GSE199219,CID4513,CITED2,0.8924534098522018
GSE199219,CID4513,SF3B5,0.7094391173070573
GSE199219,CID4513,DYNLT1,0.7135559232841733
GSE199219,CID4513,SYTL3,0.6975802507988776
GSE199219,CID4513,EZR,1.0734272523027695
GSE199219,CID4513,TAGAP,0.9804512678995481
GSE199219,CID4513,SOD2,0.7658325611178594
GSE199219,CID4513,WTAP,0.7416997705277043
GSE199219,CID4513,TCP1,0.7910776401425541
GSE199219,CID4513,MRPL18,0.8324965547465224
GSE199219,CID4513,RNASET2,0.7009732885242852
GSE199219,CID4513,PSMB1,0.7532563331545837
GSE199219,CID4513,ZFAND2A,0.71823546647961
GSE199219,CID4513,ACTB,0.8531779124175854
GSE199219,CID4513,RAC1,0.7555798947927738
GSE199219,CID4513,NDUFA4,0.8518002520081281
GSE199219,CID4513,ARL4A,0.7827106075932523
GSE199219,CID4513,TOMM7,0.8493598140631784
GSE199219,CID4513,TRA2A,0.7068864476914617
GSE199219,CID4513,CYCS,0.9144582598972264
GSE199219,CID4513,HNRNPA2B1,0.875809406650279
GSE199219,CID4513,CBX3,0.7080179251863847
GSE199219,CID4513,TAX1BP1,0.7327651196393091
GSE199219,CID4513,SEPT7,0.8441723234816891
GSE199219,CID4513,TRGC2,0.7074877319245391
GSE199219,CID4513,STK17A,0.8911222420403014
GSE199219,CID4513,PPIA,0.8657566720436867
GSE199219,CID4513,H2AFV,0.8037558575687898
GSE199219,CID4513,IKZF1,0.7401882501440014
GSE199219,CID4513,SEC61G,0.7487374055046679
GSE199219,CID4513,EGFR,0.018819123644171643
GSE199219,CID4513,CHCHD2,0.8423796277131123
GSE199219,CID4513,SBDS,0.725655037939757
GSE199219,CID4513,HSPB1,0.8975796657812701
GSE199219,CID4513,AKAP9,0.8061632857106403
GSE199219,CID4513,FAM133B,0.9121987862417914
GSE199219,CID4513,ARPC1B,0.8852405039912493
GSE199219,CID4513,LAMTOR4,0.7310167414200659
GSE199219,CID4513,KMT2E,0.8746480362858694
GSE199219,CID4513,NAMPT,0.8569805572632269
GSE199219,CID4513,HBP1,0.783165981892
GSE199219,CID4513,DNAJB9,0.7403941367731567
GSE199219,CID4513,IFRD1,0.8644807762995383
GSE199219,CID4513,AC016831.7,0.7184876469835033
GSE199219,CID4513,AC058791.1,0.912040054169659
GSE199219,CID4513,ZC3HAV1,0.9324480884286027
GSE199219,CID4513,NDUFB2,0.7736808152318082
GSE199219,CID4513,SSBP1,0.6867633014314983
GSE199219,CID4513,TRBC1,1.2141502523748606
GSE199219,CID4513,TRBC2,1.0993029947040172
GSE199219,CID4513,GSTK1,0.8155127034502911
GSE199219,CID4513,GIMAP7,0.7607118521800044
GSE199219,CID4513,DNAJB6,0.9713037313726454
GSE199219,CID4513,SLC25A6,0.8309649503513514
GSE199219,CID4513,CD99,0.8756600884775236
GSE199219,CID4513,TMSB4X,0.7017345110097436
GSE199219,CID4513,OFD1,0.6864294456172572
GSE199219,CID4513,SYAP1,0.7560588706773651
GSE199219,CID4513,SH3KBP1,0.7010613886124938
GSE199219,CID4513,EIF1AX,0.8140595150383713
GSE199219,CID4513,SAT1,1.1491546316120307
GSE199219,CID4513,DDX3X,0.964940960342426
GSE199219,CID4513,NDUFB11,0.7552591939789506
GSE199219,CID4513,UXT,0.7529650537310625
GSE199219,CID4513,RBM3,0.7989042717462149
GSE199219,CID4513,PLP2,0.8011075995565737
GSE199219,CID4513,TSPYL2,0.9039909572074345
GSE199219,CID4513,MSN,0.7870459091575822
GSE199219,CID4513,IL2RG,0.8666565523180758
GSE199219,CID4513,RPS4X,0.7274356384497136
GSE199219,CID4513,XIST,0.9741121144662506
GSE199219,CID4513,ATRX,0.8344028839084793
GSE199219,CID4513,COX7B,0.7689972785660759
GSE199219,CID4513,PGK1,0.8509148971799378
GSE199219,CID4513,ITM2A,0.9431406068960153
GSE199219,CID4513,SH3BGRL,0.7311033064685524
GSE199219,CID4513,RPL36A,0.8944531590511698
GSE199219,CID4513,TSC22D3,1.1116456227275027
GSE199219,CID4513,SLC25A5,0.8340558846315327
GSE199219,CID4513,SEPT6,0.8072855473300176
GSE199219,CID4513,RPL39,0.7445732264173125
GSE199219,CID4513,NDUFA1,0.7475457569225028
GSE199219,CID4513,CD40LG,0.7222886184538665
GSE199219,CID4513,RBMX,0.7713347113767369
GSE199219,CID4513,IDS,0.9258586116207741
GSE199219,CID4513,NSDHL,0.16680811142267526
GSE199219,CID4513,SSR4,0.832614180207065
GSE199219,CID4513,FLNA,0.7320085320183792
GSE199219,CID4513,RPL10,0.7114326657212594
GSE199219,CID4513,G6PD,0.3196632811258275
GSE199219,CID4513,PCM1,0.7416871547623833
GSE199219,CID4513,DOK2,0.7280286249810204
GSE199219,CID4513,DUSP4,1.2696653917566618
GSE199219,CID4513,SARAF,0.9301633995049606
GSE199219,CID4513,LEPROTL1,0.8795008696608806
GSE199219,CID4513,RAB11FIP1,0.7830821608569835
GSE199219,CID4513,RPS20,0.8821193111686515
GSE199219,CID4513,SDCBP,1.007654970160953
GSE199219,CID4513,RPL7,0.8892280009519785
GSE199219,CID4513,FABP5,0.7641979360671118
GSE199219,CID4513,GEM,0.6942337757270561
GSE199219,CID4513,UQCRB,0.8634301497214226
GSE199219,CID4513,MTDH,0.7623598601425245
GSE199219,CID4513,RPL30,0.7030433792869895
GSE199219,CID4513,COX6C,0.8271489784028104
GSE199219,CID4513,RNF19A,0.9426702425752325
GSE199219,CID4513,PABPC1,0.9329930341722614
GSE199219,CID4513,YWHAZ,0.8828038292283589
GSE199219,CID4513,EIF3E,0.8534887131194152
GSE199219,CID4513,ENY2,0.7078688571880549
GSE199219,CID4513,EIF3H,0.804013022223066
GSE199219,CID4513,FAM49B,0.7149743806530384
GSE199219,CID4513,SLA,0.9455510599136834
GSE199219,CID4513,LY6E,0.8954322265554447
GSE199219,CID4513,EEF1D,0.8228620624466397
GSE199219,CID4513,VPS28,0.7052257612894736
GSE199219,CID4513,RPL8,0.7436348629208682
GSE199219,CID4513,DOCK8,0.6859869628223801
GSE199219,CID4513,VLDLR,0.06597370010114312
GSE199219,CID4513,CD274,0.2615489203211073
GSE199219,CID4513,PLIN2,0.7684116786755794
GSE199219,CID4513,RPS6,0.7621530583570337
GSE199219,CID4513,DNAJA1,1.1762941520418158
GSE199219,CID4513,ZFAND5,0.8324045606593632
GSE199219,CID4513,ANXA1,1.5875888903526496
GSE199219,CID4513,TLE4,0.8131918058166089
GSE199219,CID4513,HNRNPK,0.8415305412993888
GSE199219,CID4513,CKS2,0.80640846536015
GSE199219,CID4513,ANP32B,0.7999566569999548
GSE199219,CID4513,SEC61B,0.8053242934799507
GSE199219,CID4513,NR4A3,0.7659657116597154
GSE199219,CID4513,TXN,0.8352622966109666
GSE199219,CID4513,AKNA,0.713768489048037
GSE199219,CID4513,ATP6V1G1,0.8044580044962538
GSE199219,CID4513,RPL35,0.7796572738016027
GSE199219,CID4513,HSPA5,0.9545009109559447
GSE199219,CID4513,RPL12,0.730372962037207
GSE199219,CID4513,C9orf16,0.7840301316827871
GSE199219,CID4513,SPTAN1,0.7439477027117658
GSE199219,CID4513,SET,0.8054762672231387
GSE199219,CID4513,IER5L,0.8402685496115071
GSE199219,CID4513,C9orf78,0.6934052717546803
GSE199219,CID4513,FNBP1,0.804773632659976
GSE199219,CID4513,RPL7A,0.7160757315179501
GSE199219,CID4513,SNHG7,0.7487264758279704
GSE199219,CID4513,EDF1,0.8366719280622755
GSE199219,CID4513,DPP7,0.6998911407495514
GSE199219,CID4513,TUBB4B,1.0519711878396423
GSE199219,CID4513,IFITM2,0.9139842825808104
GSE199219,CID4513,RPLP2,0.7143489757619286
GSE199219,CID4513,POLR2L,0.7844172363366881
GSE199219,CID4513,CTSD,0.7691434949965017
GSE199219,CID4513,LSP1,0.8244456318003858
GSE199219,CID4513,CD81,0.8413253541223039
GSE199219,CID4513,KCNQ1OT1,0.8282178304351832
GSE199219,CID4513,NAP1L4,0.6849633251371704
GSE199219,CID4513,EIF3F,0.8178262989602962
GSE199219,CID4513,RPL27A,0.8156146403254979
GSE199219,CID4513,MTRNR2L8,0.8830308130466624
GSE199219,CID4513,EIF4G2,0.8342933155768226
GSE199219,CID4513,PSMA1,0.694380605683816
GSE199219,CID4513,C11orf58,0.7658671925056882
GSE199219,CID4513,RPS13,0.7977115894019382
GSE199219,CID4513,LDHA,1.0009633425648372
GSE199219,CID4513,CD44,0.937528296996961
GSE199219,CID4513,CD6,0.760810202750253
GSE199219,CID4513,TMEM258,0.7302132343937956
GSE199219,CID4513,FTH1,1.044820947425713
GSE199219,CID4513,AHNAK,0.9927881614099116
GSE199219,CID4513,UBXN1,0.766502221469823
GSE199219,CID4513,SLC3A2,0.7605802615099844
GSE199219,CID4513,RARRES3,0.8469092693918518
GSE199219,CID4513,COX8A,0.8258376800168429
GSE199219,CID4513,PPP1R14B,0.6912817405893943
GSE199219,CID4513,TRMT112,0.7988419247165285
GSE199219,CID4513,SF1,0.8654173736488534
GSE199219,CID4513,FAU,0.6920965711583195
GSE199219,CID4513,NEAT1,1.117863944519424
GSE199219,CID4513,CFL1,0.8482873485897586
GSE199219,CID4513,CCDC85B,0.6891015196863999
GSE199219,CID4513,DRAP1,0.7834792039302997
GSE199219,CID4513,PPP1CA,0.6845766348765585
GSE199219,CID4513,TBC1D10C,0.7460666653108745
GSE199219,CID4513,CORO1B,0.7509282744573863
GSE199219,CID4513,DHCR7,0.2252998828253692
GSE199219,CID4513,UCP2,0.7325156564684528
GSE199219,CID4513,SPCS2,0.7489599870678258
GSE199219,CID4513,RPS3,0.7581710412276741
GSE199219,CID4513,RSF1,0.6899543953336447
GSE199219,CID4513,NDUFC2,0.7078872650359831
GSE199219,CID4513,PCF11,0.6856954966782861
GSE199219,CID4513,CTSC,0.8479378837123995
GSE199219,CID4513,CHORDC1,0.857294786844648
GSE199219,CID4513,TAF1D,0.8131292126560469
GSE199219,CID4513,BIRC3,1.0585491348096054
GSE199219,CID4513,TMEM123,0.6881333968115881
GSE199219,CID4513,CARD16,0.7501299987657817
GSE199219,CID4513,ATM,0.7178654400204911
GSE199219,CID4513,NCAM1,0.08097805551173605
GSE199219,CID4513,PCSK7,0.7077389009554266
GSE199219,CID4513,IL10RA,0.6989467033126556
GSE199219,CID4513,CD3E,0.8521568627927605
GSE199219,CID4513,CD3D,0.8780040682989125
GSE199219,CID4513,CD3G,0.8446095449656802
GSE199219,CID4513,ATP5MG,0.9040572845460522
GSE199219,CID4513,KMT2A,0.7323370444485233
GSE199219,CID4513,RPS25,0.7280430671007244
GSE199219,CID4513,H2AFX,0.8246329846461837
GSE199219,CID4513,HSPA8,1.0653935304494462
GSE199219,CID4513,ETS1,0.8653785396599304
GSE199219,CID4513,IDI1,0.8063312738616245
GSE199219,CID4513,KLF6,1.1383819165469369
GSE199219,CID4513,CELF2,0.8305822369592413
GSE199219,CID4513,OPTN,0.7207676338496835
GSE199219,CID4513,FAM107B,1.0031116701002822
GSE199219,CID4513,VIM,1.1695503185751526
GSE199219,CID4513,YME1L1,0.7654215813433641
GSE199219,CID4513,WAC,0.6858858440541413
GSE199219,CID4513,KIF5B,0.7302884578673549
GSE199219,CID4513,EPC1,0.8010634832122637
GSE199219,CID4513,ITGB1,0.8485713928968229
GSE199219,CID4513,CREM,1.2799834191076247
GSE199219,CID4513,HNRNPF,0.7752385474470892
GSE199219,CID4513,ARID5B,1.0658925401394932
GSE199219,CID4513,JMJD1C,0.8285156977168109
GSE199219,CID4513,HNRNPH3,0.7274295834066357
GSE199219,CID4513,DDX21,0.7381786419763887
GSE199219,CID4513,SRGN,0.9563572033834129
GSE199219,CID4513,PPA1,0.690230105725396
GSE199219,CID4513,SPOCK2,0.8775073316427711
GSE199219,CID4513,ANAPC16,0.8004821322336207
GSE199219,CID4513,DDIT4,1.0257576207423227
GSE199219,CID4513,VDAC2,0.6938669333338956
GSE199219,CID4513,PGAM1,0.7317860786799596
GSE199219,CID4513,NDUFB8,0.73957069015695
GSE199219,CID4513,DUSP5,0.7560038685526613
GSE199219,CID4513,PDCD4,0.87247629652846
GSE199219,CID4513,EIF3A,0.7731157099456549
GSE199219,CID4513,RGS10,0.7564433966179805
GSE199219,CID4513,BUB3,0.6888604842907708
GSE199219,CID4513,WNK1,0.7130818934729463
GSE199219,CID4513,CCND2,0.7240225329787445
GSE199219,CID4513,CD27,0.8142830426465278
GSE199219,CID4513,GAPDH,1.0209885630647688
GSE199219,CID4513,CD4,0.5500173716466015
GSE199219,CID4513,TPI1,0.8812964770749946
GSE199219,CID4513,C12orf57,0.8538880069968655
GSE199219,CID4513,SLC2A3,0.9985883455382727
GSE199219,CID4513,KLRB1,0.9366709041059247
GSE199219,CID4513,CLEC2D,0.9307223107813334
GSE199219,CID4513,CD69,1.2938061261587515
GSE199219,CID4513,CLEC2B,1.007791090961472
GSE199219,CID4513,GABARAPL1,0.7281780905716534
GSE199219,CID4513,KLRD1,0.7005652224547066
GSE199219,CID4513,CDKN1B,0.7697004591495448
GSE199219,CID4513,ATF7IP,0.6916317105356548
GSE199219,CID4513,ARHGDIB,0.908268679978948
GSE199219,CID4513,LDHB,0.8589320644098997
GSE199219,CID4513,FGFR1OP2,0.718187722494591
GSE199219,CID4513,KIAA1551,0.8694007929867748
GSE199219,CID4513,SCAF11,0.789183379762487
GSE199219,CID4513,SLC38A1,0.7404157081070833
GSE199219,CID4513,SLC38A2,0.9279263955369439
GSE199219,CID4513,TUBA1B,0.9688326879245792
GSE199219,CID4513,TUBA1A,1.013060757571055
GSE199219,CID4513,TUBA1C,0.7068042828934213
GSE199219,CID4513,TMBIM6,0.850189070102451
GSE199219,CID4513,LIMA1,0.41509341712954334
GSE199219,CID4513,DAZAP2,0.8418929197998729
GSE199219,CID4513,NR4A1,0.9372245030672984
GSE199219,CID4513,EIF4B,0.7298721189760757
GSE199219,CID4513,PFDN5,0.8229894407637698
GSE199219,CID4513,PCBP2,0.8082868168395707
GSE199219,CID4513,ATP5MC2,0.8545245470134091
GSE199219,CID4513,HNRNPA1,0.8457446157589806
GSE199219,CID4513,BLOC1S1,0.7115179231841282
GSE199219,CID4513,CD63,0.8223319568782628
GSE199219,CID4513,RPS26,0.9066337375924324
GSE199219,CID4513,RPL41,0.7139090656273539
GSE199219,CID4513,MYL6,0.9238470327285758
GSE199219,CID4513,PTGES3,0.8975576658098641
GSE199219,CID4513,NACA,0.7911595564595951
GSE199219,CID4513,USP15,0.7935504407502312
GSE199219,CID4513,IFNG,1.187609849688454
GSE199219,CID4513,RAP1B,0.7630632718946901
GSE199219,CID4513,RAB21,0.6906657382761684
GSE199219,CID4513,GLIPR1,0.765899957271739
GSE199219,CID4513,PHLDA1,0.9467123047799895
GSE199219,CID4513,NAP1L1,0.86788975885442
GSE199219,CID4513,PPP1R12A,0.7404229163108165
GSE199219,CID4513,ATP2B1,0.7749482417569825
GSE199219,CID4513,BTG1,0.7751230569134064
GSE199219,CID4513,SLC25A3,0.8875127310326498
GSE199219,CID4513,HSP90B1,0.807959608093001
GSE199219,CID4513,ISCU,0.7378356477444213
GSE199219,CID4513,ARPC3,0.8753222700847886
GSE199219,CID4513,ERP29,0.7750478928887305
GSE199219,CID4513,RPL6,0.7302424555759441
GSE199219,CID4513,PEBP1,0.7357923989192121
GSE199219,CID4513,RPLP0,0.8672710668961275
GSE199219,CID4513,COX6A1,0.8032341690341175
GSE199219,CID4513,SRSF9,0.7105400652192531
GSE199219,CID4513,DYNLL1,0.9904399811643705
GSE199219,CID4513,RSRC2,0.8659358486091149
GSE199219,CID4513,VPS37B,0.715790576589795
GSE199219,CID4513,ARL6IP4,0.7841022875133566
GSE199219,CID4513,RILPL2,0.7904810833656776
GSE199219,CID4513,UBC,0.8814967487848524
GSE199219,CID4513,RAN,0.8603778669519647
GSE199219,CID4513,MPHOSPH8,0.7558631822024022
GSE199219,CID4513,SAP18,0.9326566560182724
GSE199219,CID4513,RPL21,0.8007101246962988
GSE199219,CID4513,GTF3A,0.735402349335306
GSE199219,CID4513,POLR1D,0.7186904479860013
GSE199219,CID4513,POMP,0.7315292692579808
GSE199219,CID4513,HMGB1,0.8965668229319622
GSE199219,CID4513,ALOX5AP,0.8440365864269387
GSE199219,CID4513,HSPH1,1.304482870913823
GSE199219,CID4513,N4BP2L2,0.890798868341085
GSE199219,CID4513,ELF1,0.9567569352967639
GSE199219,CID4513,RGCC,1.3194244369884736
GSE199219,CID4513,LCP1,0.8587051548909803
GSE199219,CID4513,ITM2B,0.8604306132347083
GSE199219,CID4513,INTS6,0.9427476817560974
GSE199219,CID4513,COMMD6,0.8628323357853842
GSE199219,CID4513,MYCBP2,0.7537115187619565
GSE199219,CID4513,GPR183,1.0409759298063168
GSE199219,CID4513,ARGLU1,0.8574876514464963
GSE199219,CID4513,PNP,0.7143042572395594
GSE199219,CID4513,HNRNPC,0.8544961743321079
GSE199219,CID4513,TRAC,1.0008838341759374
GSE199219,CID4513,DAD1,0.7533035157408622
GSE199219,CID4513,PSME1,0.8615073185685003
GSE199219,CID4513,PSME2,0.8459812883404291
GSE199219,CID4513,CHMP4A,0.7175851573251091
GSE199219,CID4513,NEDD8,0.7428353667178684
GSE199219,CID4513,GZMH,0.6989549345925626
GSE199219,CID4513,GZMB,0.6923643210632322
GSE199219,CID4513,BAZ1A,0.7556910508405568
GSE199219,CID4513,FAM177A1,0.8545286789454432
GSE199219,CID4513,NFKBIA,1.1783311904098699
GSE199219,CID4513,RALGAPA1,0.7832228706347898
GSE199219,CID4513,PNN,0.8008388306511331
GSE199219,CID4513,RPS29,0.7945074587842156
GSE199219,CID4513,RPL36AL,0.8527032725663867
GSE199219,CID4513,ARF6,0.8061794849099544
GSE199219,CID4513,GNG2,0.7760788714133614
GSE199219,CID4513,LGALS3,0.727023010765957
GSE199219,CID4513,KTN1,0.7636185156128221
GSE199219,CID4513,SYNE2,0.925179718235057
GSE199219,CID4513,ZBTB1,0.6853111568920193
GSE199219,CID4513,ZFP36L1,1.0742862258669896
GSE199219,CID4513,SRSF5,0.8778309806053187
GSE199219,CID4513,RBM25,0.8511850384999198
GSE199219,CID4513,FOS,1.4429088753671453
GSE199219,CID4513,BATF,0.9828550351039559
GSE199219,CID4513,AHSA1,0.7990432674889705
GSE199219,CID4513,CALM1,0.8861146895678719
GSE199219,CID4513,DDX24,0.8968151068806012
GSE199219,CID4513,PAPOLA,0.743881165997249
GSE199219,CID4513,BCL11B,0.717364914484862
GSE199219,CID4513,EVL,0.9022610983817385
GSE199219,CID4513,PPP2R5C,0.9598054475823666
GSE199219,CID4513,HSP90AA1,1.24860622646113
GSE199219,CID4513,EIF5,0.9396206985785874
GSE199219,CID4513,CRIP1,0.8062936062397914
GSE199219,CID4513,SRP14,0.8690936214497088
GSE199219,CID4513,PDIA3,0.7557743223047177
GSE199219,CID4513,SERF2,0.8118077311986103
GSE199219,CID4513,EID1,0.7094327282622723
GSE199219,CID4513,GABPB1-AS1,0.6942839506295755
GSE199219,CID4513,RSL24D1,0.7260654233372514
GSE199219,CID4513,SLTM,0.7159571244891786
GSE199219,CID4513,ANXA2,0.7730403401590232
GSE199219,CID4513,RORA,0.9554880767676006
GSE199219,CID4513,RPS27L,0.861050089195538
GSE199219,CID4513,PPIB,0.7934594794317308
GSE199219,CID4513,RPL4,0.8645034581700248
GSE199219,CID4513,PKM,0.838987388555118
GSE199219,CID4513,ARIH1,0.7818036832360874
GSE199219,CID4513,COX5A,0.6926750524067079
GSE199219,CID4513,MORF4L1,0.8188799540612115
GSE199219,CID4513,RPS17,0.8260058447853834
GSE199219,CID4513,SEC11A,0.7215373056495138
GSE199219,CID4513,AKAP13,0.8538461322230912
GSE199219,CID4513,ISG20,0.9198670319243752
GSE199219,CID4513,CIB1,0.8436811662951471
GSE199219,CID4513,IQGAP1,0.8097045784477608
GSE199219,CID4513,CHD2,0.829900556778797
GSE199219,CID4513,UBE2I,0.6864311763567459
GSE199219,CID4513,RNPS1,0.6973756484742161
GSE199219,CID4513,SRRM2,0.8311299536296859
GSE199219,CID4513,ELOB,0.7349464745651093
GSE199219,CID4513,IL32,1.0952448085612383
GSE199219,CID4513,SOCS1,0.9281272003664962
GSE199219,CID4513,LITAF,0.85395168014856
GSE199219,CID4513,RSL1D1,0.6853086461119344
GSE199219,CID4513,GSPT1,0.7734750152033327
GSE199219,CID4513,RPS15A,0.6966157820213277
GSE199219,CID4513,ARL6IP1,0.7943924677175039
GSE199219,CID4513,SMG1,0.7029521109555543
GSE199219,CID4513,RBBP6,0.7109617515820239
GSE199219,CID4513,CD19,0.019314321338343852
GSE199219,CID4513,LAT,0.7444679103634728
GSE199219,CID4513,ALDOA,0.8290104540510038
GSE199219,CID4513,CORO1A,0.909539945809541
GSE199219,CID4513,FUS,0.9104061496598577
GSE199219,CID4513,CYLD,0.7525124541940393
GSE199219,CID4513,MT2A,0.9903290077722399
GSE199219,CID4513,HERPUD1,0.9692704989702355
GSE199219,CID4513,CKLF,0.8674696234418048
GSE199219,CID4513,FAM96B,0.6953465830159699
GSE199219,CID4513,GABARAPL2,0.6887125315226778
GSE199219,CID4513,TERF2IP,0.7761655119611656
GSE199219,CID4513,MAF,0.7836199772523067
GSE199219,CID4513,CMC2,0.6861560458243179
GSE199219,CID4513,COTL1,0.9669483356292697
GSE199219,CID4513,COX4I1,0.8601067226450054
GSE199219,CID4513,MAP1LC3B,0.8542687150471956
GSE199219,CID4513,CYBA,0.8701180639075249
GSE199219,CID4513,APRT,0.8031576624211104
GSE199219,CID4513,ANKRD11,0.8132104645058027
GSE199219,CID4513,TCF25,0.7595484336724053
GSE199219,CID4513,ITGAE,0.5315099888865163
GSE199219,CID4513,PFN1,0.9492661002568576
GSE199219,CID4513,EIF5A,0.7648493226035163
GSE199219,CID4513,ACAP1,0.857294825437187
GSE199219,CID4513,POLR2A,0.7496501053201211
GSE199219,CID4513,EIF4A1,0.8184711296568437
GSE199219,CID4513,KDM6B,0.8900376426173547
GSE199219,CID4513,VAMP2,0.7799211699190017
GSE199219,CID4513,RPL26,0.7229553109758393
GSE199219,CID4513,NCOR1,0.7310829057403164
GSE199219,CID4513,UBB,0.917030735886566
GSE199219,CID4513,WSB1,0.8567246355743137
GSE199219,CID4513,RPL23A,0.7266246348723086
GSE199219,CID4513,NUFIP2,0.7429216498597212
GSE199219,CID4513,EVI2B,0.7426380787902289
GSE199219,CID4513,ZNF207,0.7298839125359499
GSE199219,CID4513,SLFN5,0.723043529739592
GSE199219,CID4513,CCL5,1.535442226970752
GSE199219,CID4513,CCL4,1.7871206096719177
GSE199219,CID4513,CCL4L2,1.168765583483415
GSE199219,CID4513,PSMB3,0.6958765319001083
GSE199219,CID4513,RPL23,0.9211674249357561
GSE199219,CID4513,RPL19,0.690078846205887
GSE199219,CID4513,ERBB2,0.21170796096996147
GSE199219,CID4513,CCR7,0.8818241398133437
GSE199219,CID4513,KRT10,0.7087292923313444
GSE199219,CID4513,STAT3,0.9039751881110926
GSE199219,CID4513,RPL27,0.8278836390325174
GSE199219,CID4513,HEXIM1,0.7553052182293616
GSE199219,CID4513,FMNL1,0.7190092772757879
GSE199219,CID4513,SKAP1,0.7174419936889059
GSE199219,CID4513,LUC7L3,0.8099106875020893
GSE199219,CID4513,TOB1,0.8769274673772609
GSE199219,CID4513,VMP1,0.9324328524596303
GSE199219,CID4513,LIMD2,0.8563951142457352
GSE199219,CID4513,DDX5,0.793249973479713
GSE199219,CID4513,BPTF,0.7560464880228392
GSE199219,CID4513,KPNA2,0.7274928731582029
GSE199219,CID4513,RPL38,0.8512983666713235
GSE199219,CID4513,FDXR,0.2500987123010564
GSE199219,CID4513,JPT1,0.7025198915674227
GSE199219,CID4513,SUMO2,0.8725538175519385
GSE199219,CID4513,H3F3B,0.7660347276532343
GSE199219,CID4513,UBALD2,0.7632498873883614
GSE199219,CID4513,SRSF2,0.9270196354560255
GSE199219,CID4513,SEPT9,0.7094849028277903
GSE199219,CID4513,SOCS3,0.8643960527147848
GSE199219,CID4513,EIF4A3,0.9646583403940219
GSE199219,CID4513,RNF213,0.8976958048974983
GSE199219,CID4513,ACTG1,0.9220077675175571
GSE199219,CID4513,CD7,1.0123901173056158
GSE199219,CID4513,METRNL,0.8735401694553181
GSE199219,CID4513,SMCHD1,0.8704127156425623
GSE199219,CID4513,MYL12A,0.9355326885710975
GSE199219,CID4513,MYL12B,0.8965538004038377
GSE199219,CID4513,TGIF1,0.6987997769713453
GSE199219,CID4513,NDUFV2,0.7800159141206672
GSE199219,CID4513,ANKRD12,0.960924267817637
GSE199219,CID4513,VAPA,0.705366612779284
GSE199219,CID4513,CHMP1B,0.8417876980469687
GSE199219,CID4513,LDLRAD4,0.7534846310338441
GSE199219,CID4513,ROCK1,0.7368001865598155
GSE199219,CID4513,RPL17,0.7641010667556938
GSE199219,CID4513,PMAIP1,0.9973803712429573
GSE199219,CID4513,MBP,0.7247100364426917
GSE199219,CID4513,FKBP1A,0.7230311996791577
GSE199219,CID4513,SNRPB,0.7804201938550457
GSE199219,CID4513,NOP56,0.7616427438480441
GSE199219,CID4513,PRNP,0.765903075194768
GSE199219,CID4513,CST7,0.9446265185039789
GSE199219,CID4513,DYNLRB1,0.6894890676255471
GSE199219,CID4513,RBM39,0.8474068617217003
GSE199219,CID4513,TOP1,0.7936676456848306
GSE199219,CID4513,YWHAB,0.887353916349497
GSE199219,CID4513,STK4,0.9188137652050509
GSE199219,CID4513,ZFAS1,0.9148092964139685
GSE199219,CID4513,CEBPB,0.8136089304718146
GSE199219,CID4513,GNAS,0.8927795840667597
GSE199219,CID4513,ATP5F1E,1.1178477875630544
GSE199219,CID4513,PSMA7,0.85248249723264
GSE199219,CID4513,RPS21,0.8052340143688851
GSE199219,CID4513,PPDPF,0.8801971311474565
GSE199219,CID4513,GZMM,0.7499964105953115
GSE199219,CID4513,PTBP1,0.7204409608994387
GSE199219,CID4513,GPX4,0.8102903855261306
GSE199219,CID4513,MIDN,0.7799234912763418
GSE199219,CID4513,CIRBP,0.8549143578353021
GSE199219,CID4513,RPS15,0.687796936561614
GSE199219,CID4513,UQCR11,0.7981751185379944
GSE199219,CID4513,ABHD17A,0.7192164951203018
GSE199219,CID4513,MKNK2,0.7453405044525568
GSE199219,CID4513,OAZ1,0.8539341974837446
GSE199219,CID4513,LSM7,0.6879268009385973
GSE199219,CID4513,GADD45B,1.1958959808357423
GSE199219,CID4513,AES,0.8350041842280135
GSE199219,CID4513,EEF2,0.8598865362019399
GSE199219,CID4513,RPL36,0.8446426415263197
GSE199219,CID4513,NDUFA11,0.7089419677076497
GSE199219,CID4513,TNFSF9,0.7380924687790007
GSE199219,CID4513,RPS28,0.7400860597717059
GSE199219,CID4513,HNRNPM,0.7309444426363867
GSE199219,CID4513,UBL5,0.8290535126580887
GSE199219,CID4513,EIF3G,0.7791320265489731
GSE199219,CID4513,ICAM3,0.7700113490323842
GSE199219,CID4513,CDC37,0.7208982883638821
GSE199219,CID4513,WDR83OS,0.7098373452564448
GSE199219,CID4513,TRIR,0.7644820525886663
GSE199219,CID4513,JUNB,1.2110693647237734
GSE199219,CID4513,PRDX2,0.7252805150692833
GSE199219,CID4513,CALR,0.9061212608104942
GSE199219,CID4513,IER2,1.0840242463654512
GSE199219,CID4513,C19orf53,0.7370727279834455
GSE199219,CID4513,ADGRE5,0.866295495737216
GSE199219,CID4513,DNAJB1,1.2858363578123795
GSE199219,CID4513,TPM4,0.6875882966767322
GSE199219,CID4513,KLF2,1.3077729114372607
GSE199219,CID4513,BST2,0.7488834147131642
GSE199219,CID4513,RPL18A,0.7175044836535658
GSE199219,CID4513,JUND,1.142246947890887
GSE199219,CID4513,UBA52,0.7950497357583212
GSE199219,CID4513,COPE,0.7441772607461894
GSE199219,CID4513,NDUFA13,0.6883271211656052
GSE199219,CID4513,FXYD5,0.8839490285783341
GSE199219,CID4513,COX6B1,0.8055620351225105
GSE199219,CID4513,NFKBID,0.719735756666958
GSE199219,CID4513,HCST,0.9665191644839919
GSE199219,CID4513,PSMD8,0.7285750688265228
GSE199219,CID4513,EIF3K,0.836237955200228
GSE199219,CID4513,ACTN4,0.7021612643146333
GSE199219,CID4513,GMFG,0.8532337736800936
GSE199219,CID4513,ZFP36,1.1588799127978466
GSE199219,CID4513,RPS16,0.7383149771022121
GSE199219,CID4513,SERTAD1,0.9725584304897591
GSE199219,CID4513,HNRNPUL1,0.6852326429578691
GSE199219,CID4513,TGFB1,0.9182693675454662
GSE199219,CID4513,RPS19,0.7036039911075235
GSE199219,CID4513,ARHGEF1,0.7739388819835258
GSE199219,CID4513,RABAC1,0.7622425336815118
GSE199219,CID4513,DEDD2,0.7786109192920245
GSE199219,CID4513,FOSB,1.1427645798969306
GSE199219,CID4513,SNRPD2,0.7932827366575412
GSE199219,CID4513,CALM3,0.7447573392624622
GSE199219,CID4513,NOP53,0.8705215322524797
GSE199219,CID4513,EMP3,0.8580517785060225
GSE199219,CID4513,RPL18,0.7455693747560497
GSE199219,CID4513,PPP1R15A,1.0233463919848675
GSE199219,CID4513,BAX,0.7495046054413125
GSE199219,CID4513,FTL,0.8836232867001109
GSE199219,CID4513,CD37,0.8341185693872237
GSE199219,CID4513,RPL13A,0.743448713423325
GSE199219,CID4513,RPS11,0.8081822549290444
GSE199219,CID4513,NKG7,1.168544125642795
GSE199219,CID4513,ZNF331,1.125188141409263
GSE199219,CID4513,MYADM,1.013366292400579
GSE199219,CID4513,RPS9,0.7644631811547444
GSE199219,CID4513,UBE2S,1.1052237683516377
GSE199219,CID4513,RPS5,0.8315007979409692
GSE199219,CID4513,MIF,0.694546880359461
GSE199219,CID4513,XBP1,0.7774740095384021
GSE199219,CID4513,UQCR10,0.7392628043150024
GSE199219,CID4513,PIK3IP1,0.8289310860481314
GSE199219,CID4513,MYH9,0.7587923972263889
GSE199219,CID4513,EIF3D,0.6866520677534798
GSE199219,CID4513,RAC2,0.87794103351187
GSE199219,CID4513,LGALS1,1.004283263699855
GSE199219,CID4513,DDX17,0.8643373851887437
GSE199219,CID4513,APOBEC3G,0.867346486054668
GSE199219,CID4513,RPL3,0.7596552746959009
GSE199219,CID4513,ATF4,0.7982351772197201
GSE199219,CID4513,TNRC6B,0.7572485064598361
GSE199219,CID4513,ST13,0.7415798648569254
GSE199219,CID4513,XRCC6,0.6860290519989586
GSE199219,CID4513,SNU13,0.7505734099690179
GSE199219,CID4513,SMDT1,0.7351285262022766
GSE199219,CID4513,TSPO,0.7868945731032593
GSE199219,CID4513,PIM3,0.8119046075597778
GSE199219,CID4513,TYMP,0.8577624764545638
GSE199219,CID4513,SAMSN1,1.0600339786477364
GSE199219,CID4513,BTG3,0.7494535931105019
GSE199219,CID4513,SOD1,0.9618134542205833
GSE199219,CID4513,SON,0.849478959396578
GSE199219,CID4513,MRPS6,0.7719694751774084
GSE199219,CID4513,SLC5A3,0.7581997831740797
GSE199219,CID4513,HMGN1,0.8614327561667839
GSE199219,CID4513,ABCG1,0.38926441659760824
GSE199219,CID4513,CSTB,0.7625869304824769
GSE199219,CID4513,ITGB2,0.7870816848591656
GSE199219,CID4513,MT-ND2,0.7276014440994303
GSE199219,CID4513,MT-ATP8,0.7343287338079564
GSE199219,CID4513,MT-ND4L,0.9094440310760278
GSE199219,CID4513,MT-ND5,0.8207714976674688
GSE199219,CID4513,mm10---mt-Atp6,1.1656920865386597
GSE199219,CID4513,mm10---mt-Co3,1.163840437871768
GSE199219,CID4513,mm10---mt-Co2,1.1165543842313435
GSE199219,CID4513,mm10---mt-Cytb,0.999662723876627
GSE199219,CID4513,mm10---mt-Co1,1.000879924974019
GSE199219,CID4513,mm10---mt-Nd1,0.8740725126265929
GSE199219,CID4513,mm10---Gm42418,0.9759669923510534
GSE199219,CID4513,mm10---mt-Nd2,0.8565265341434378
GSE199219,CID4513,mm10---mt-Nd4,0.8854110419754649
GSE199219,CID4513,FAM46C,0.7524085846497979
GSE199219,CID4513,LINC00152,0.7537582723457182
GSE199219,CID4513,SELK,1.001208777033346
GSE199219,CID4513,FYB,0.8974033767110888
GSE199219,CID4513,GNB2L1,1.3404513848865578
GSE199219,CID4513,RP11-138A9.1,0.7722734994768722
GSE199219,CID4513,LINC-PINT,0.8354524160112294
GSE199219,CID4513,WHSC1L1,0.755808033300471
GSE199219,CID4513,TMEM2,0.6957456014263038
GSE199219,CID4513,ATP5L,0.9685532212108912
GSE199219,CID4513,ATP5G2,0.8829007226071454
GSE199219,CID4513,CCDC64,0.7219049254951523
GSE199219,CID4513,TCEB2,0.7042849418700539
GSE199219,CID4513,HN1,0.7549940451652337
GSE199219,CID4513,ATP5E,1.1749926499588226
GSE199219,CID4513,C19orf43,0.8082942146275829
GSE199219,CID4513,CTD-3252C9.4,0.8371420530822998
GSE199219,CID4513,GLTSCR2,0.8703524629099247
GSE199219,CID4660,ISG15,1.0966356679161522
GSE199219,CID4660,TNFRSF18,0.8972806144843909
GSE199219,CID4660,TNFRSF4,0.8477716111645757
GSE199219,CID4660,RPL22,0.8431270681085145
GSE199219,CID4660,TNFRSF9,0.7107580153608528
GSE199219,CID4660,PARK7,0.8700329171643013
GSE199219,CID4660,ENO1,0.8814603602683493
GSE199219,CID4660,TNFRSF1B,0.7711784126442867
GSE199219,CID4660,PRDM2,0.7581006809355193
GSE199219,CID4660,EFHD2,0.6851031238937726
GSE199219,CID4660,CAPZB,0.7814256780016537
GSE199219,CID4660,MINOS1,0.7216665070748991
GSE199219,CID4660,HP1BP3,0.72097007324769
GSE199219,CID4660,CDC42,0.8393480548421675
GSE199219,CID4660,ID3,0.7495439499814425
GSE199219,CID4660,RPL11,0.7105614244226398
GSE199219,CID4660,SRSF10,0.7266305750616195
GSE199219,CID4660,RCAN3,0.7086637932835952
GSE199219,CID4660,SRRM1,0.8225958934949839
GSE199219,CID4660,RUNX3,0.8627130433841843
GSE199219,CID4660,SYF2,0.7314856575659766
GSE199219,CID4660,RSRP1,0.9369699359463425
GSE199219,CID4660,TMEM50A,0.752696152563229
GSE199219,CID4660,STMN1,0.7487963205841832
GSE199219,CID4660,SH3BGRL3,0.9450034007591761
GSE199219,CID4660,CD52,1.0090837100746042
GSE199219,CID4660,HMGN2,0.8645886407413821
GSE199219,CID4660,NUDC,0.7099710844942628
GSE199219,CID4660,IFI6,0.9272163653761726
GSE199219,CID4660,ATP5IF1,0.6972208011968963
GSE199219,CID4660,SNHG12,0.8006236399797809
GSE199219,CID4660,LAPTM5,0.8725651162666038
GSE199219,CID4660,PTP4A2,0.7764436462112556
GSE199219,CID4660,LCK,0.8161601102419269
GSE199219,CID4660,MARCKSL1,0.7930686463144024
GSE199219,CID4660,SFPQ,0.9011853212333386
GSE199219,CID4660,NDUFS5,0.834211659195582
GSE199219,CID4660,MACF1,0.7429856811788441
GSE199219,CID4660,CAP1,0.7545381097796395
GSE199219,CID4660,SMAP2,0.7970601801420737
GSE199219,CID4660,YBX1,0.8672623180987176
GSE199219,CID4660,RPS8,0.7612187141822586
GSE199219,CID4660,PLK3,0.7934107447185651
GSE199219,CID4660,PRDX1,0.9188066862845647
GSE199219,CID4660,NASP,0.8578600123287436
GSE199219,CID4660,UQCRH,0.814504702272386
GSE199219,CID4660,TMEM59,0.782093095056953
GSE199219,CID4660,DHCR24,0.10200649386690022
GSE199219,CID4660,JUN,1.3706030921183072
GSE199219,CID4660,JAK1,0.8078749433752698
GSE199219,CID4660,PDE4B,0.8287219775910851
GSE199219,CID4660,SERBP1,0.8089553342592736
GSE199219,CID4660,GADD45A,0.8874545603367738
GSE199219,CID4660,SRSF11,0.8027390665174422
GSE199219,CID4660,GNG5,0.7524460099428625
GSE199219,CID4660,ODF2L,0.7441539238018828
GSE199219,CID4660,GTF2B,0.8527141492944741
GSE199219,CID4660,GBP2,0.7704149677790018
GSE199219,CID4660,GBP5,0.7288354518438328
GSE199219,CID4660,RPL5,0.8377690304887849
GSE199219,CID4660,DNTTIP2,0.6955994451857593
GSE199219,CID4660,PRPF38B,0.8633919270149677
GSE199219,CID4660,CD53,0.8583949551273129
GSE199219,CID4660,RAP1A,0.7445954304669978
GSE199219,CID4660,CAPZA1,0.7111518730968348
GSE199219,CID4660,PTPN22,0.8154602464574028
GSE199219,CID4660,BCAS2,0.819018209646705
GSE199219,CID4660,CSDE1,0.7414186949311534
GSE199219,CID4660,ATP1A1,0.7990097309968355
GSE199219,CID4660,CD2,0.9696965859980241
GSE199219,CID4660,HMGCS2,1.0
GSE199219,CID4660,RBM8A,0.8328139852925857
GSE199219,CID4660,TXNIP,1.2717984746190611
GSE199219,CID4660,MCL1,1.006110108972166
GSE199219,CID4660,ENSA,0.6920215886692235
GSE199219,CID4660,S100A10,1.0109863343079273
GSE199219,CID4660,S100A11,1.0130230921802783
GSE199219,CID4660,S100A6,0.973704897023728
GSE199219,CID4660,S100A4,1.1928194424179563
GSE199219,CID4660,JTB,0.7387875811465706
GSE199219,CID4660,RPS27,0.7011889441494435
GSE199219,CID4660,TPM3,0.8563825129748304
GSE199219,CID4660,PBXIP1,0.7419138005259794
GSE199219,CID4660,FDPS,0.5312144461466928
GSE199219,CID4660,ASH1L,0.7050888937419452
GSE199219,CID4660,SSR2,0.8018598783836985
GSE199219,CID4660,LMNA,1.372199773099945
GSE199219,CID4660,CCT3,0.7347590171432625
GSE199219,CID4660,IFI16,0.8237233141340163
GSE199219,CID4660,TAGLN2,0.911949008535161
GSE199219,CID4660,CD48,0.9118890068047014
GSE199219,CID4660,TSTD1,0.6864024664796113
GSE199219,CID4660,UFC1,0.6889260470614047
GSE199219,CID4660,HSPA6,0.7780333199845977
GSE199219,CID4660,HSD17B7,0.35489249434154413
GSE199219,CID4660,CD247,0.8103330389586917
GSE199219,CID4660,XCL2,0.792785639332244
GSE199219,CID4660,XCL1,0.6893433813272526
GSE199219,CID4660,PRRC2C,0.8617127142402755
GSE199219,CID4660,CACYBP,0.9718434850604506
GSE199219,CID4660,IER5,0.9534872107728274
GSE199219,CID4660,ARPC5,0.7260462398935722
GSE199219,CID4660,FAM129A,0.6983104560017123
GSE199219,CID4660,IVNS1ABP,0.7915279594268372
GSE199219,CID4660,TPR,0.7413742152602696
GSE199219,CID4660,RGS1,1.3027397040198916
GSE199219,CID4660,RGS2,0.9751546565589942
GSE199219,CID4660,PTPRC,0.8632968127946334
GSE199219,CID4660,PTPN7,0.7178384159035053
GSE199219,CID4660,BTG2,1.016630239377024
GSE199219,CID4660,NUCKS1,0.7145945897596407
GSE199219,CID4660,CD55,0.8317437700600075
GSE199219,CID4660,TRAF3IP3,0.7200643267138321
GSE199219,CID4660,ATF3,0.9496670047964487
GSE199219,CID4660,H3F3A,0.8549666698423398
GSE199219,CID4660,ARF1,0.7830536510648362
GSE199219,CID4660,GUK1,0.8257199301501037
GSE199219,CID4660,TOMM20,0.7720034209601796
GSE199219,CID4660,ARID4B,0.871939749595613
GSE199219,CID4660,LYST,0.7161048499901022
GSE199219,CID4660,HNRNPU,0.8831971570739633
GSE199219,CID4660,RPS7,0.7174922107953862
GSE199219,CID4660,ID2,1.1116061686899197
GSE199219,CID4660,YWHAQ,0.8139674225486343
GSE199219,CID4660,ODC1,0.9267515188726733
GSE199219,CID4660,PDIA6,0.6964536846855466
GSE199219,CID4660,OST4,0.8427691480752435
GSE199219,CID4660,FOSL2,0.8224936565926457
GSE199219,CID4660,PPP1CB,0.8195643207203602
GSE199219,CID4660,YPEL5,1.0468462931796036
GSE199219,CID4660,LBH,0.7920598827872739
GSE199219,CID4660,SRSF7,0.9033631987243049
GSE199219,CID4660,EML4,0.8019206293380158
GSE199219,CID4660,ZFP36L2,1.1669855012068497
GSE199219,CID4660,CALM2,0.9402026237562657
GSE199219,CID4660,EPCAM,0.10176201974143596
GSE199219,CID4660,RTN4,0.7012572087886237
GSE199219,CID4660,RPS27A,0.7023340409135311
GSE199219,CID4660,REL,1.0823846765930294
GSE199219,CID4660,CCT4,0.7569265260589187
GSE199219,CID4660,UGP2,0.7346786883582543
GSE199219,CID4660,ACTR2,0.7608013734142764
GSE199219,CID4660,AAK1,0.759357646550798
GSE199219,CID4660,PCBP1,0.7767764284432606
GSE199219,CID4660,SNRPG,0.7208613304305889
GSE199219,CID4660,TMSB10,0.7797579149090736
GSE199219,CID4660,MAT2A,0.6908184290165509
GSE199219,CID4660,VAMP8,0.7500456679876151
GSE199219,CID4660,GNLY,1.1027196920688567
GSE199219,CID4660,CD8A,0.8821381526684845
GSE199219,CID4660,CD8B,0.7365142460859545
GSE199219,CID4660,IGKC,0.7658153230830549
GSE199219,CID4660,DUSP2,1.2048209029502583
GSE199219,CID4660,ARID5A,0.7507657428597947
GSE199219,CID4660,COX5B,0.7881755637270306
GSE199219,CID4660,RPL31,0.8624675957097583
GSE199219,CID4660,GCC2,0.8009747913306363
GSE199219,CID4660,LIMS1,0.7129626824196712
GSE199219,CID4660,ACTR3,0.7888161011051594
GSE199219,CID4660,DDX18,0.7303095503579317
GSE199219,CID4660,DBI,0.7876361367358365
GSE199219,CID4660,GYPC,0.7559784646528969
GSE199219,CID4660,MZT2B,0.8214584248458479
GSE199219,CID4660,MZT2A,0.7458982069702269
GSE199219,CID4660,UBXN4,0.7406343705490467
GSE199219,CID4660,CXCR4,1.3093937703077076
GSE199219,CID4660,ARHGAP15,0.6944351020437142
GSE199219,CID4660,ZEB2,0.8049125582488591
GSE199219,CID4660,PRPF40A,0.6872909106054284
GSE199219,CID4660,NR4A2,1.1674060722044726
GSE199219,CID4660,CYTIP,0.9587942434392901
GSE199219,CID4660,TANK,0.8782430555492019
GSE199219,CID4660,PPIG,0.7561341311938367
GSE199219,CID4660,WIPF1,0.7726818777277095
GSE199219,CID4660,HNRNPA3,0.7714086320127342
GSE199219,CID4660,NFE2L2,0.82782876960355
GSE199219,CID4660,ORMDL1,0.7018931366463701
GSE199219,CID4660,GLS,0.8366893229545525
GSE199219,CID4660,STAT1,0.7894373289006279
GSE199219,CID4660,STAT4,0.6971537929758428
GSE199219,CID4660,NABP1,0.7839161642637442
GSE199219,CID4660,STK17B,0.8962375055133806
GSE199219,CID4660,SF3B1,0.7845971309803279
GSE199219,CID4660,HSPD1,1.2126076365202976
GSE199219,CID4660,HSPE1,1.1382153307747869
GSE199219,CID4660,BZW1,0.786269806711816
GSE199219,CID4660,CLK1,0.852613250663216
GSE199219,CID4660,CFLAR,0.8351493472806316
GSE199219,CID4660,SUMO1,0.7238644745978519
GSE199219,CID4660,NOP58,0.7566632524965282
GSE199219,CID4660,CTLA4,0.9302286623276362
GSE199219,CID4660,ICOS,1.0063627639676307
GSE199219,CID4660,EEF1B2,0.8917110230917283
GSE199219,CID4660,XRCC5,0.6981717110952518
GSE199219,CID4660,RPL37A,0.7612937467002036
GSE199219,CID4660,ARPC2,0.8905224861565321
GSE199219,CID4660,TUBA4A,1.0016647357949087
GSE199219,CID4660,SP100,0.7888481637883588
GSE199219,CID4660,ITM2C,0.6873357774762345
GSE199219,CID4660,NCL,0.9102454049832249
GSE199219,CID4660,ARL4C,0.9958725002748542
GSE199219,CID4660,LRRFIP1,0.8704515250659328
GSE199219,CID4660,PDCD1,0.5099068451737864
GSE199219,CID4660,ARPC4,0.6956224059620714
GSE199219,CID4660,BRK1,0.7413942162605981
GSE199219,CID4660,RPL32,0.73450047567086
GSE199219,CID4660,ANKRD28,0.8009017414904804
GSE199219,CID4660,RPL15,0.7082883017466451
GSE199219,CID4660,GOLGA4,0.7798552134284905
GSE199219,CID4660,CSRNP1,0.7950172056223225
GSE199219,CID4660,RPSA,0.8096826354038127
GSE199219,CID4660,EIF1B,0.6937458182793728
GSE199219,CID4660,RPL14,0.7324067114737777
GSE199219,CID4660,NKTR,0.8377801376980851
GSE199219,CID4660,TMA7,0.8388420356979576
GSE199219,CID4660,RHOA,0.8493429196686716
GSE199219,CID4660,GNAI2,0.8204143047515311
GSE199219,CID4660,RPL29,0.7635255056408272
GSE199219,CID4660,SPCS1,0.7801986368986922
GSE199219,CID4660,SELENOK,0.9498982867927911
GSE199219,CID4660,ARF4,0.7404642940338783
GSE199219,CID4660,ARL6IP5,0.8815645945301328
GSE199219,CID4660,FOXP1,0.7721118110302494
GSE199219,CID4660,MTRNR2L12,1.0296782009493024
GSE199219,CID4660,CLDND1,0.705743722588308
GSE199219,CID4660,RPL24,0.7265905564283108
GSE199219,CID4660,NFKBIZ,0.8430831649224046
GSE199219,CID4660,CD47,0.7246607837506336
GSE199219,CID4660,TRAT1,0.6960253189104322
GSE199219,CID4660,CD96,0.7787200247173622
GSE199219,CID4660,TIGIT,0.9029510077714558
GSE199219,CID4660,NDUFB4,0.6886356363694728
GSE199219,CID4660,HCLS1,0.7147269736885674
GSE199219,CID4660,GOLGB1,0.9058410626196374
GSE199219,CID4660,CNBP,0.8005153799382598
GSE199219,CID4660,H1FX,0.9047066721575977
GSE199219,CID4660,CDV3,0.75053768980028
GSE199219,CID4660,ATP1B3,0.9801933283806246
GSE199219,CID4660,SERP1,0.842234342196414
GSE199219,CID4660,MBNL1,0.8499208091587158
GSE199219,CID4660,DHX36,0.7657455044827531
GSE199219,CID4660,TIPARP,0.7577404218730572
GSE199219,CID4660,CCNL1,0.8930925487038366
GSE199219,CID4660,SEC62,0.7050391718438621
GSE199219,CID4660,SKIL,0.7138357176829339
GSE199219,CID4660,RPL22L1,0.8112569010238037
GSE199219,CID4660,TRA2B,0.8185565257076911
GSE199219,CID4660,EIF4A2,0.8906026490862679
GSE199219,CID4660,PPP1R2,0.8939024741411317
GSE199219,CID4660,RPL35A,0.7644132016167712
GSE199219,CID4660,MXD4,0.6985257364903092
GSE199219,CID4660,LYAR,0.6959704318033718
GSE199219,CID4660,MRFAP1,0.6880823142820116
GSE199219,CID4660,BOD1L1,0.7195606729761169
GSE199219,CID4660,RBPJ,0.8397580739711535
GSE199219,CID4660,ARAP2,0.685083148397967
GSE199219,CID4660,RPL9,0.7547010416823153
GSE199219,CID4660,RHOH,0.9545209812411393
GSE199219,CID4660,OCIAD2,0.7697823019344084
GSE199219,CID4660,HOPX,0.7457071426543942
GSE199219,CID4660,AREG,0.9848830517201161
GSE199219,CID4660,G3BP2,0.8800835926666084
GSE199219,CID4660,CCNI,0.8796491361524724
GSE199219,CID4660,CXCL13,0.938392686483316
GSE199219,CID4660,CNOT6L,0.8770481534871811
GSE199219,CID4660,RASGEF1B,0.7022194206795962
GSE199219,CID4660,HNRNPDL,0.8535773348867519
GSE199219,CID4660,H2AFZ,1.032442935962416
GSE199219,CID4660,NFKB1,0.7089352277922961
GSE199219,CID4660,UBE2D3,0.8498270731632934
GSE199219,CID4660,RPL34,0.7506864610748709
GSE199219,CID4660,SNHG8,0.8274810016370632
GSE199219,CID4660,C4orf3,0.7399568789430827
GSE199219,CID4660,ANXA5,0.7379842381148202
GSE199219,CID4660,SMARCA5,0.6928540164988092
GSE199219,CID4660,RPS3A,0.7632599501404582
GSE199219,CID4660,HMGB2,0.9182803150743353
GSE199219,CID4660,ANKRD37,0.7522414189381287
GSE199219,CID4660,SUB1,0.9249898434506625
GSE199219,CID4660,IL7R,1.3340721215910871
GSE199219,CID4660,FYB1,0.8268299964449748
GSE199219,CID4660,PTGER4,0.8561457903139957
GSE199219,CID4660,PRKAA1,0.4676154983134254
GSE199219,CID4660,RPL37,0.759820836387512
GSE199219,CID4660,EMB,0.748762707601982
GSE199219,CID4660,GZMK,1.2978642345891243
GSE199219,CID4660,GZMA,1.2639232268601082
GSE199219,CID4660,GPBP1,0.8984967238063176
GSE199219,CID4660,PIK3R1,0.8494597518377044
GSE199219,CID4660,BTF3,0.8281570568641957
GSE199219,CID4660,NSA2,0.7496178027691284
GSE199219,CID4660,TBCA,0.7463088778771864
GSE199219,CID4660,JMY,0.6869764403254307
GSE199219,CID4660,RPS23,0.7134513384846742
GSE199219,CID4660,COX7C,0.8481006128444025
GSE199219,CID4660,CCNH,0.7493476610528066
GSE199219,CID4660,GLRX,0.7035164566018309
GSE199219,CID4660,CAST,0.8036607223497636
GSE199219,CID4660,CHD1,0.8016135733692334
GSE199219,CID4660,REEP5,0.731047625424099
GSE199219,CID4660,TNFAIP8,0.759027367259541
GSE199219,CID4660,HINT1,0.8716876580730812
GSE199219,CID4660,CDC42SE2,0.8174711577907913
GSE199219,CID4660,IRF1,0.9730966507879976
GSE199219,CID4660,SKP1,0.8436240640927758
GSE199219,CID4660,UBE2B,0.7842829346326846
GSE199219,CID4660,HNRNPA0,0.7921764323424731
GSE199219,CID4660,EGR1,0.8488654354163176
GSE199219,CID4660,HSPA9,0.7171197801681013
GSE199219,CID4660,PAIP2,0.7702971920265238
GSE199219,CID4660,UBE2D2,0.772896482145377
GSE199219,CID4660,CD14,0.1788235800207943
GSE199219,CID4660,TAF7,0.7507502766525068
GSE199219,CID4660,NDFIP1,0.7444271133486347
GSE199219,CID4660,NR3C1,0.8439786102436843
GSE199219,CID4660,CSNK1A1,0.7146129014834378
GSE199219,CID4660,CD74,1.0711264108434433
GSE199219,CID4660,RPS14,0.763109349598735
GSE199219,CID4660,ITK,0.7019950551748024
GSE199219,CID4660,NPM1,0.9068135192710366
GSE199219,CID4660,DUSP1,1.1499678460016214
GSE199219,CID4660,ATP6V0E1,0.8130831917392417
GSE199219,CID4660,CREBRF,0.7062885848624008
GSE199219,CID4660,HIGD2A,0.7631309718962281
GSE199219,CID4660,PRELID1,0.7194333915174512
GSE199219,CID4660,HNRNPAB,0.7713096230582172
GSE199219,CID4660,HNRNPH1,0.9233045281905815
GSE199219,CID4660,SQSTM1,0.9386275655151511
GSE199219,CID4660,RACK1,1.2245208073897116
GSE199219,CID4660,SERPINB9,0.7332326738595757
GSE199219,CID4660,CD83,0.7687508940252614
GSE199219,CID4660,MYLIP,0.7523163222386903
GSE199219,CID4660,DEK,0.763887004605393
GSE199219,CID4660,HIST1H4C,0.7635696751692449
GSE199219,CID4660,BTN3A2,0.7070269405110629
GSE199219,CID4660,HLA-F,0.8225279263426786
GSE199219,CID4660,HLA-A,0.6867311774322433
GSE199219,CID4660,HLA-E,0.7573189649664164
GSE199219,CID4660,PPP1R10,0.8270800413792113
GSE199219,CID4660,TUBB,0.7247021316391932
GSE199219,CID4660,TNF,0.9487598913323422
GSE199219,CID4660,LTB,1.2392887720320733
GSE199219,CID4660,CLIC1,0.9293852525415307
GSE199219,CID4660,HSPA1A,1.958172617536516
GSE199219,CID4660,HSPA1B,1.6961032861508276
GSE199219,CID4660,C6orf48,0.7856003563163835
GSE199219,CID4660,NEU1,0.9730701316220668
GSE199219,CID4660,GPSM3,0.7767522499788582
GSE199219,CID4660,HLA-DRA,0.9911999602871859
GSE199219,CID4660,HLA-DRB1,1.1153400047553
GSE199219,CID4660,HLA-DQA1,0.8368615165253589
GSE199219,CID4660,HLA-DQB1,0.7476187388229832
GSE199219,CID4660,PSMB8,0.7770766936044516
GSE199219,CID4660,PSMB9,0.8702857992017272
GSE199219,CID4660,TAP1,0.7286355055102329
GSE199219,CID4660,BRD2,0.9126713129360838
GSE199219,CID4660,HLA-DPA1,0.944387380482782
GSE199219,CID4660,HLA-DPB1,0.9231772185235773
GSE199219,CID4660,RPS18,0.7370670308758926
GSE199219,CID4660,TAPBP,0.7656384510018525
GSE199219,CID4660,CUTA,0.7485677585480401
GSE199219,CID4660,RPS10,0.911206221147146
GSE199219,CID4660,RPL10A,0.7977463874954306
GSE199219,CID4660,SRSF3,0.9214112675768651
GSE199219,CID4660,CDKN1A,0.6884077258481027
GSE199219,CID4660,HSP90AB1,1.1884369080771542
GSE199219,CID4660,EEF1A1,0.7044492649649412
GSE199219,CID4660,COX7A2,0.8165371928873953
GSE199219,CID4660,ZNF292,0.7604232209107331
GSE199219,CID4660,PNRC1,0.9156721854654074
GSE199219,CID4660,PNISR,0.9049250521264331
GSE199219,CID4660,PRDM1,0.7627146422000535
GSE199219,CID4660,SNX3,0.6974188977059563
GSE199219,CID4660,CD164,0.7133550678566706
GSE199219,CID4660,AMD1,0.9120594758122238
GSE199219,CID4660,FYN,0.8624204726646285
GSE199219,CID4660,RPS12,0.7225241260012083
GSE199219,CID4660,BCLAF1,0.8077704632328053
GSE199219,CID4660,TNFAIP3,1.1538918975586863
GSE199219,CID4660,ABRACL,0.7628066482517225
GSE199219,CID4660,CITED2,0.8704561640158684
GSE199219,CID4660,SF3B5,0.7110737585145984
GSE199219,CID4660,DYNLT1,0.7198798465240555
GSE199219,CID4660,SYTL3,0.7079010266948538
GSE199219,CID4660,EZR,1.0531464856303783
GSE199219,CID4660,TAGAP,0.9676440044438049
GSE199219,CID4660,SOD2,0.7569140551488246
GSE199219,CID4660,WTAP,0.7267430245464406
GSE199219,CID4660,TCP1,0.7815131693081322
GSE199219,CID4660,MRPL18,0.8234297069237715
GSE199219,CID4660,RNASET2,0.6907603007708062
GSE199219,CID4660,PSMB1,0.7630915462760436
GSE199219,CID4660,ZFAND2A,0.722229949482218
GSE199219,CID4660,ACTB,0.8603021252359728
GSE199219,CID4660,RAC1,0.752880975568564
GSE199219,CID4660,NDUFA4,0.8525110758615481
GSE199219,CID4660,ARL4A,0.7666447136122956
GSE199219,CID4660,TOMM7,0.8392724320357622
GSE199219,CID4660,TRA2A,0.7017593583790429
GSE199219,CID4660,CYCS,0.9090065634699342
GSE199219,CID4660,HNRNPA2B1,0.863317284375849
GSE199219,CID4660,CBX3,0.7211184054710362
GSE199219,CID4660,TAX1BP1,0.7239648050127391
GSE199219,CID4660,SEPT7,0.8509415126119797
GSE199219,CID4660,TRGC2,0.7097000206643501
GSE199219,CID4660,STK17A,0.8867915404570119
GSE199219,CID4660,PPIA,0.8613432770790725
GSE199219,CID4660,H2AFV,0.8112315344969555
GSE199219,CID4660,IKZF1,0.7384487237086527
GSE199219,CID4660,SEC61G,0.7544046236135179
GSE199219,CID4660,EGFR,0.023438653553653144
GSE199219,CID4660,CHCHD2,0.8493907695284167
GSE199219,CID4660,SBDS,0.7187624222085631
GSE199219,CID4660,HSPB1,0.9003195582847185
GSE199219,CID4660,AKAP9,0.7939730646255969
GSE199219,CID4660,FAM133B,0.9009589185506083
GSE199219,CID4660,ARPC1B,0.8815128067612649
GSE199219,CID4660,LAMTOR4,0.7396773364359982
GSE199219,CID4660,KMT2E,0.8650889774767032
GSE199219,CID4660,NAMPT,0.8517869026688063
GSE199219,CID4660,HBP1,0.7706497241556443
GSE199219,CID4660,DNAJB9,0.7286735396587215
GSE199219,CID4660,IFRD1,0.8528832781241714
GSE199219,CID4660,AC016831.7,0.7012110015883697
GSE199219,CID4660,AC058791.1,0.8936173600073046
GSE199219,CID4660,ZC3HAV1,0.9213316909480626
GSE199219,CID4660,NDUFB2,0.7859940849742951
GSE199219,CID4660,SSBP1,0.6903598428545236
GSE199219,CID4660,TRBC1,1.2123561083349288
GSE199219,CID4660,TRBC2,1.0868280168668454
GSE199219,CID4660,GSTK1,0.8102084532879603
GSE199219,CID4660,GIMAP7,0.7695771871836038
GSE199219,CID4660,GIMAP4,0.7007383117764885
GSE199219,CID4660,DNAJB6,0.9605546247829304
GSE199219,CID4660,SLC25A6,0.8230874663564883
GSE199219,CID4660,CD99,0.8713223150851905
GSE199219,CID4660,TMSB4X,0.7317160794184768
GSE199219,CID4660,SYAP1,0.7471701222955441
GSE199219,CID4660,SH3KBP1,0.7036105606747486
GSE199219,CID4660,EIF1AX,0.8074145804795283
GSE199219,CID4660,SAT1,1.1374989973811915
GSE199219,CID4660,DDX3X,0.9661910047026363
GSE199219,CID4660,NDUFB11,0.759100428304354
GSE199219,CID4660,UXT,0.7449082272108128
GSE199219,CID4660,RBM3,0.7909005705960693
GSE199219,CID4660,PLP2,0.7943256855325876
GSE199219,CID4660,TSPYL2,0.8895077150800156
GSE199219,CID4660,MSN,0.8114247385224455
GSE199219,CID4660,IL2RG,0.8635808850242127
GSE199219,CID4660,RPS4X,0.7342207352066167
GSE199219,CID4660,XIST,0.9658469625604654
GSE199219,CID4660,ATRX,0.825298987170813
GSE199219,CID4660,COX7B,0.7749751744983187
GSE199219,CID4660,PGK1,0.8427621723405196
GSE199219,CID4660,ITM2A,0.9480375144613226
GSE199219,CID4660,SH3BGRL,0.7295016477465405
GSE199219,CID4660,RPL36A,0.8850135052427045
GSE199219,CID4660,TSC22D3,1.1300258528904683
GSE199219,CID4660,SLC25A5,0.8318035954086085
GSE199219,CID4660,SEPT6,0.8107053402688799
GSE199219,CID4660,RPL39,0.7536819062227814
GSE199219,CID4660,NDUFA1,0.7465981256726517
GSE199219,CID4660,CD40LG,0.736999178563583
GSE199219,CID4660,RBMX,0.7636892914848524
GSE199219,CID4660,IDS,0.9160838714485919
GSE199219,CID4660,NSDHL,0.16582184732296854
GSE199219,CID4660,SSR4,0.8315452026409639
GSE199219,CID4660,FLNA,0.7322200668845568
GSE199219,CID4660,RPL10,0.7095448575921859
GSE199219,CID4660,G6PD,0.326123805413335
GSE199219,CID4660,PCM1,0.734862854317837
GSE199219,CID4660,DOK2,0.7470288679450984
GSE199219,CID4660,DUSP4,1.2513601709512874
GSE199219,CID4660,SARAF,0.9120959306488318
GSE199219,CID4660,LEPROTL1,0.8690009174454167
GSE199219,CID4660,RAB11FIP1,0.7770229148333058
GSE199219,CID4660,NSD3,0.6868716480784632
GSE199219,CID4660,RPS20,0.8690449341230324
GSE199219,CID4660,SDCBP,0.9824170024497144
GSE199219,CID4660,RPL7,0.880708105615184
GSE199219,CID4660,FABP5,0.7728495944546057
GSE199219,CID4660,UQCRB,0.8595099656558244
GSE199219,CID4660,MTDH,0.7612029931891864
GSE199219,CID4660,RPL30,0.7228118372648754
GSE199219,CID4660,COX6C,0.8439604888419117
GSE199219,CID4660,RNF19A,0.9344933657804608
GSE199219,CID4660,PABPC1,0.9197550400336394
GSE199219,CID4660,YWHAZ,0.8693390433599639
GSE199219,CID4660,ZNF706,0.6915358453442668
GSE199219,CID4660,EIF3E,0.8428736547405774
GSE199219,CID4660,ENY2,0.703545557202244
GSE199219,CID4660,EIF3H,0.7953045858654938
GSE199219,CID4660,FAM49B,0.7236448972917332
GSE199219,CID4660,SLA,0.9290271038156571
GSE199219,CID4660,LY6E,0.9178821846424365
GSE199219,CID4660,EEF1D,0.8112385575571592
GSE199219,CID4660,VPS28,0.7091657083402853
GSE199219,CID4660,RPL8,0.7407201406610557
GSE199219,CID4660,DOCK8,0.6953221722685945
GSE199219,CID4660,VLDLR,0.06559862400766298
GSE199219,CID4660,CD274,0.2609691982313041
GSE199219,CID4660,PLIN2,0.7681181228635736
GSE199219,CID4660,RPS6,0.7636613192786464
GSE199219,CID4660,DNAJA1,1.1751466248444968
GSE199219,CID4660,ZFAND5,0.8175523564078793
GSE199219,CID4660,ANXA1,1.5554092539922597
GSE199219,CID4660,TLE4,0.8017036403263934
GSE199219,CID4660,HNRNPK,0.8349853526453699
GSE199219,CID4660,CKS2,0.8105870391486085
GSE199219,CID4660,ANP32B,0.8041440386802261
GSE199219,CID4660,SEC61B,0.7995999627770839
GSE199219,CID4660,NR4A3,0.7469796544160123
GSE199219,CID4660,TXN,0.8378478039934862
GSE199219,CID4660,AKNA,0.7125303949583615
GSE199219,CID4660,ATP6V1G1,0.7962874250650392
GSE199219,CID4660,RPL35,0.7783769381667437
GSE199219,CID4660,HSPA5,0.9415574085911861
GSE199219,CID4660,RPL12,0.7382932510332485
GSE199219,CID4660,C9orf16,0.78295481021677
GSE199219,CID4660,SPTAN1,0.7373941296423316
GSE199219,CID4660,SET,0.8053474688993243
GSE199219,CID4660,IER5L,0.8161776120621409
GSE199219,CID4660,C9orf78,0.696016422066859
GSE199219,CID4660,FNBP1,0.8002550744125029
GSE199219,CID4660,RPL7A,0.7192387358952971
GSE199219,CID4660,SNHG7,0.7352978357809815
GSE199219,CID4660,PHPT1,0.6877451288344721
GSE199219,CID4660,EDF1,0.8293616982611982
GSE199219,CID4660,DPP7,0.6975279679956671
GSE199219,CID4660,TUBB4B,1.0451957227565476
GSE199219,CID4660,IFITM2,0.9221926198036967
GSE199219,CID4660,RPLP2,0.7117892757897807
GSE199219,CID4660,POLR2L,0.7883098396758957
GSE199219,CID4660,CTSD,0.7669579998745881
GSE199219,CID4660,LSP1,0.8287562152787448
GSE199219,CID4660,CD81,0.8419009486115517
GSE199219,CID4660,KCNQ1OT1,0.8022335212119261
GSE199219,CID4660,TRIM22,0.6852271701795701
GSE199219,CID4660,EIF3F,0.8070761070256182
GSE199219,CID4660,RPL27A,0.811460749682635
GSE199219,CID4660,MTRNR2L8,0.8604816818254989
GSE199219,CID4660,EIF4G2,0.8241298606434536
GSE199219,CID4660,PSMA1,0.70353379952626
GSE199219,CID4660,C11orf58,0.7630919193979222
GSE199219,CID4660,RPS13,0.8022237961859551
GSE199219,CID4660,LDHA,0.9851247036114539
GSE199219,CID4660,CD44,0.9345303352639895
GSE199219,CID4660,CD6,0.7548398162810571
GSE199219,CID4660,TMEM258,0.7366331056691053
GSE199219,CID4660,FTH1,1.0168602882270847
GSE199219,CID4660,AHNAK,0.9834402093747064
GSE199219,CID4660,UBXN1,0.7586521181002542
GSE199219,CID4660,SLC3A2,0.7523389086191816
GSE199219,CID4660,RARRES3,0.8786849718885624
GSE199219,CID4660,COX8A,0.8441502581629441
GSE199219,CID4660,PPP1R14B,0.6862680258755884
GSE199219,CID4660,TRMT112,0.7943149800805628
GSE199219,CID4660,SF1,0.8570218203348098
GSE199219,CID4660,FAU,0.694508148546297
GSE199219,CID4660,NEAT1,1.1112045752627713
GSE199219,CID4660,CFL1,0.851140475755722
GSE199219,CID4660,CTSW,0.7181348401326506
GSE199219,CID4660,CCDC85B,0.7035172695618361
GSE199219,CID4660,DRAP1,0.8049320486287421
GSE199219,CID4660,PPP1CA,0.6950960488324242
GSE199219,CID4660,TBC1D10C,0.750611050064353
GSE199219,CID4660,CORO1B,0.7743258288924982
GSE199219,CID4660,GSTP1,0.7171697168074562
GSE199219,CID4660,DHCR7,0.23381189537243308
GSE199219,CID4660,UCP2,0.7522267933236525
GSE199219,CID4660,SPCS2,0.754773416611051
GSE199219,CID4660,RPS3,0.7613583412457128
GSE199219,CID4660,NDUFC2,0.7235340432339371
GSE199219,CID4660,CTSC,0.870295568831396
GSE199219,CID4660,CHORDC1,0.8493721972769614
GSE199219,CID4660,TAF1D,0.8028682599353654
GSE199219,CID4660,BIRC3,1.050634560523876
GSE199219,CID4660,CARD16,0.7654343088732135
GSE199219,CID4660,ATM,0.7146394667509419
GSE199219,CID4660,NCAM1,0.10644831373432483
GSE199219,CID4660,PCSK7,0.7057677745489681
GSE199219,CID4660,IL10RA,0.69244515632723
GSE199219,CID4660,CD3E,0.8526932899560595
GSE199219,CID4660,CD3D,0.8986797257029296
GSE199219,CID4660,CD3G,0.8629611665202543
GSE199219,CID4660,ATP5MG,0.9565599322549224
GSE199219,CID4660,KMT2A,0.7284859298965203
GSE199219,CID4660,RPS25,0.732487587175048
GSE199219,CID4660,H2AFX,0.808760744089722
GSE199219,CID4660,HSPA8,1.0669332973083705
GSE199219,CID4660,ETS1,0.8503288136392825
GSE199219,CID4660,IDI1,0.8042619731714721
GSE199219,CID4660,KLF6,1.1404766853308663
GSE199219,CID4660,CELF2,0.8231335728868975
GSE199219,CID4660,OPTN,0.7220727989419877
GSE199219,CID4660,FAM107B,0.9844775994355185
GSE199219,CID4660,VIM,1.1386905110825656
GSE199219,CID4660,YME1L1,0.7592007817869275
GSE199219,CID4660,KIF5B,0.7233135411919333
GSE199219,CID4660,EPC1,0.7879050632239235
GSE199219,CID4660,ITGB1,0.8467705341858005
GSE199219,CID4660,CREM,1.2541148579209818
GSE199219,CID4660,HNRNPF,0.7787694765394276
GSE199219,CID4660,ARID5B,1.0522196817044394
GSE199219,CID4660,JMJD1C,0.8196169244676663
GSE199219,CID4660,HNRNPH3,0.7217616352179769
GSE199219,CID4660,DDX21,0.7335969212100133
GSE199219,CID4660,SRGN,0.9293721584020261
GSE199219,CID4660,PPA1,0.6990305426252379
GSE199219,CID4660,SPOCK2,0.8734590097008708
GSE199219,CID4660,ANAPC16,0.802491924013501
GSE199219,CID4660,DDIT4,1.0202505344863568
GSE199219,CID4660,VDAC2,0.6872924967666604
GSE199219,CID4660,PGAM1,0.7384940069503878
GSE199219,CID4660,NDUFB8,0.745236141262571
GSE199219,CID4660,DUSP5,0.7669214524721105
GSE199219,CID4660,PDCD4,0.8609361626627529
GSE199219,CID4660,EIF3A,0.7652330659547959
GSE199219,CID4660,RGS10,0.7616388637589258
GSE199219,CID4660,BUB3,0.7005469823858965
GSE199219,CID4660,WNK1,0.7130763283673417
GSE199219,CID4660,CCND2,0.7249598451709701
GSE199219,CID4660,CD27,0.8270963247849165
GSE199219,CID4660,GAPDH,1.0109864506509414
GSE199219,CID4660,PTMS,0.6893818804812681
GSE199219,CID4660,CD4,0.5662970077493598
GSE199219,CID4660,TPI1,0.8747289637880805
GSE199219,CID4660,C12orf57,0.8430238523175502
GSE199219,CID4660,SLC2A3,0.9908660684475705
GSE199219,CID4660,KLRB1,0.9319522505013151
GSE199219,CID4660,CLEC2D,0.9209769357428551
GSE199219,CID4660,CD69,1.2910165914597433
GSE199219,CID4660,CLEC2B,1.038986631018363
GSE199219,CID4660,GABARAPL1,0.7203605395584893
GSE199219,CID4660,KLRD1,0.7478481086554075
GSE199219,CID4660,CDKN1B,0.7659576063043667
GSE199219,CID4660,ARHGDIB,0.8949455940397842
GSE199219,CID4660,LDHB,0.848760927335442
GSE199219,CID4660,FGFR1OP2,0.718596379401182
GSE199219,CID4660,KIAA1551,0.863579813017186
GSE199219,CID4660,SCAF11,0.7831833579881008
GSE199219,CID4660,SLC38A1,0.7383469195357587
GSE199219,CID4660,SLC38A2,0.9169688914518069
GSE199219,CID4660,TUBA1B,0.9923239370776082
GSE199219,CID4660,TUBA1A,1.0055707007812904
GSE199219,CID4660,TUBA1C,0.700511677369292
GSE199219,CID4660,TMBIM6,0.843624482124114
GSE199219,CID4660,LIMA1,0.4180637077305674
GSE199219,CID4660,DAZAP2,0.8315704658291745
GSE199219,CID4660,NR4A1,0.9263731144326343
GSE199219,CID4660,EIF4B,0.7228321754474611
GSE199219,CID4660,PFDN5,0.8128366498894498
GSE199219,CID4660,PCBP2,0.8005451185679835
GSE199219,CID4660,ATP5MC2,0.893237906930922
GSE199219,CID4660,HNRNPA1,0.835980567141196
GSE199219,CID4660,BLOC1S1,0.7230989702643988
GSE199219,CID4660,CD63,0.8414153280563769
GSE199219,CID4660,RPS26,0.9369423229675675
GSE199219,CID4660,RPL41,0.7187129169505128
GSE199219,CID4660,MYL6,0.9365498694021963
GSE199219,CID4660,PTGES3,0.8906731276828797
GSE199219,CID4660,NACA,0.7875454384071788
GSE199219,CID4660,USP15,0.7836478045098653
GSE199219,CID4660,IFNG,1.2399526807216703
GSE199219,CID4660,RAP1B,0.7745058218620213
GSE199219,CID4660,GLIPR1,0.7599648160140524
GSE199219,CID4660,PHLDA1,0.9372073288134296
GSE199219,CID4660,NAP1L1,0.8597170770475971
GSE199219,CID4660,PPP1R12A,0.7379664879047017
GSE199219,CID4660,ATP2B1,0.7578766107660724
GSE199219,CID4660,BTG1,0.7926288760068629
GSE199219,CID4660,SLC25A3,0.8724983065707286
GSE199219,CID4660,HSP90B1,0.8046298159326623
GSE199219,CID4660,C12orf75,0.6893391384221929
GSE199219,CID4660,ISCU,0.7321259207416488
GSE199219,CID4660,ARPC3,0.8883352610445976
GSE199219,CID4660,ERP29,0.7815843647961596
GSE199219,CID4660,RPL6,0.738895892671538
GSE199219,CID4660,PEBP1,0.7304380280087531
GSE199219,CID4660,RPLP0,0.8629291816643481
GSE199219,CID4660,COX6A1,0.8039526344580907
GSE199219,CID4660,SRSF9,0.7302371465545395
GSE199219,CID4660,DYNLL1,0.9732736622179811
GSE199219,CID4660,OASL,0.6887730663966734
GSE199219,CID4660,RSRC2,0.8526989145909408
GSE199219,CID4660,VPS37B,0.7390895687172995
GSE199219,CID4660,ARL6IP4,0.7810672687058555
GSE199219,CID4660,RILPL2,0.7809924432861103
GSE199219,CID4660,UBC,0.8687413896575306
GSE199219,CID4660,RAN,0.8598169872495204
GSE199219,CID4660,MPHOSPH8,0.7472418529477955
GSE199219,CID4660,SAP18,0.915089451103637
GSE199219,CID4660,RPL21,0.7962523861703237
GSE199219,CID4660,GTF3A,0.7355041836403166
GSE199219,CID4660,POLR1D,0.7148972501632795
GSE199219,CID4660,POMP,0.7494490629675351
GSE199219,CID4660,HMGB1,0.9097463201355455
GSE199219,CID4660,ALOX5AP,0.8675501950238266
GSE199219,CID4660,HSPH1,1.2982337111320277
GSE199219,CID4660,N4BP2L2,0.8800432653474012
GSE199219,CID4660,ELF1,0.9392157848445171
GSE199219,CID4660,RGCC,1.3146285737410737
GSE199219,CID4660,EPSTI1,0.6940542327221043
GSE199219,CID4660,TPT1,0.6882551102240053
GSE199219,CID4660,LCP1,0.879202077840848
GSE199219,CID4660,ITM2B,0.8483336732801303
GSE199219,CID4660,INTS6,0.9267438202573941
GSE199219,CID4660,COMMD6,0.8571267906189136
GSE199219,CID4660,MYCBP2,0.7476893967712723
GSE199219,CID4660,GPR183,1.0179101824870525
GSE199219,CID4660,ARGLU1,0.8457670212701587
GSE199219,CID4660,PNP,0.6974598083744157
GSE199219,CID4660,HNRNPC,0.8446751947574406
GSE199219,CID4660,TRAC,0.9937378930787607
GSE199219,CID4660,DAD1,0.7592647167680296
GSE199219,CID4660,PSME1,0.8589482238890648
GSE199219,CID4660,PSME2,0.8786034879499458
GSE199219,CID4660,CHMP4A,0.7164356663181225
GSE199219,CID4660,NEDD8,0.7529397163942054
GSE199219,CID4660,GZMH,0.7514712596178502
GSE199219,CID4660,GZMB,0.7367574358883507
GSE199219,CID4660,BAZ1A,0.7473640691501184
GSE199219,CID4660,FAM177A1,0.844393816392214
GSE199219,CID4660,NFKBIA,1.164934739805941
GSE199219,CID4660,RALGAPA1,0.7741442450921442
GSE199219,CID4660,PNN,0.7941049240413356
GSE199219,CID4660,RPS29,0.7991879550542343
GSE199219,CID4660,RPL36AL,0.8438304855594495
GSE199219,CID4660,ARF6,0.8002305605908724
GSE199219,CID4660,GNG2,0.7679667234153922
GSE199219,CID4660,LGALS3,0.7220384910078056
GSE199219,CID4660,KTN1,0.7527079492688336
GSE199219,CID4660,SYNE2,0.9148635375947268
GSE199219,CID4660,ZFP36L1,1.0597990046112928
GSE199219,CID4660,SRSF5,0.8643334444468808
GSE199219,CID4660,RBM25,0.8418923901471712
GSE199219,CID4660,FOS,1.4461204160959906
GSE199219,CID4660,BATF,0.9695334714685071
GSE199219,CID4660,AHSA1,0.7892975341009656
GSE199219,CID4660,CALM1,0.8701681268246985
GSE199219,CID4660,DDX24,0.8814650240997355
GSE199219,CID4660,PAPOLA,0.7375655213009046
GSE199219,CID4660,BCL11B,0.7121438012421584
GSE199219,CID4660,EVL,0.9025715028377879
GSE199219,CID4660,PPP2R5C,0.9485218978456939
GSE199219,CID4660,HSP90AA1,1.251191234265074
GSE199219,CID4660,EIF5,0.9277198348917477
GSE199219,CID4660,CRIP1,0.7959278414401285
GSE199219,CID4660,SRP14,0.8633492935001407
GSE199219,CID4660,PDIA3,0.7582641563313672
GSE199219,CID4660,SERF2,0.8220136737765329
GSE199219,CID4660,EID1,0.704913590632885
GSE199219,CID4660,RSL24D1,0.7202402223429888
GSE199219,CID4660,SLTM,0.7098074462174939
GSE199219,CID4660,ANXA2,0.7799281248762637
GSE199219,CID4660,RORA,0.9455651224171882
GSE199219,CID4660,RPS27L,0.8726321480512587
GSE199219,CID4660,PPIB,0.8023456839162534
GSE199219,CID4660,RPL4,0.8607162822553945
GSE199219,CID4660,PKM,0.8381267838588109
GSE199219,CID4660,ARIH1,0.7681460401202622
GSE199219,CID4660,COX5A,0.7084238614969208
GSE199219,CID4660,MORF4L1,0.8097062256491498
GSE199219,CID4660,RPS17,0.8173784755821883
GSE199219,CID4660,SEC11A,0.7278437225241263
GSE199219,CID4660,AKAP13,0.8449177668042636
GSE199219,CID4660,ISG20,0.9342267656596933
GSE199219,CID4660,CIB1,0.8376139396945287
GSE199219,CID4660,IQGAP1,0.804694281825279
GSE199219,CID4660,CHD2,0.8196740072146317
GSE199219,CID4660,UBE2I,0.6879982994850578
GSE199219,CID4660,RNPS1,0.691267697082068
GSE199219,CID4660,SRRM2,0.8232389958864302
GSE199219,CID4660,ELOB,0.7753543881417245
GSE199219,CID4660,IL32,1.1070679073332774
GSE199219,CID4660,SOCS1,0.9200126684294241
GSE199219,CID4660,LITAF,0.8446439119035708
GSE199219,CID4660,GSPT1,0.7631998153500522
GSE199219,CID4660,RPS15A,0.7095168632252948
GSE199219,CID4660,ARL6IP1,0.7902379556542525
GSE199219,CID4660,SMG1,0.7002871373610913
GSE199219,CID4660,RBBP6,0.7033656801075425
GSE199219,CID4660,CD19,0.018824509458390322
GSE199219,CID4660,LAT,0.7503281732049886
GSE199219,CID4660,ALDOA,0.8197137189973993
GSE199219,CID4660,CORO1A,0.9134742681086957
GSE199219,CID4660,FUS,0.905171915613541
GSE199219,CID4660,CYLD,0.751047172154795
GSE199219,CID4660,MT2A,1.0445755817979119
GSE199219,CID4660,HERPUD1,0.9554542773103154
GSE199219,CID4660,CKLF,0.8794014749390756
GSE199219,CID4660,FAM96B,0.7008261847288256
GSE199219,CID4660,GABARAPL2,0.6922905374546944
GSE199219,CID4660,TERF2IP,0.772871574080174
GSE199219,CID4660,MAF,0.7746633644504308
GSE199219,CID4660,CMC2,0.6880184879573485
GSE199219,CID4660,COTL1,0.9796403810049792
GSE199219,CID4660,COX4I1,0.8526109422251402
GSE199219,CID4660,MAP1LC3B,0.8403437007624053
GSE199219,CID4660,CYBA,0.8773208724836769
GSE199219,CID4660,APRT,0.810466155712605
GSE199219,CID4660,ANKRD11,0.8026814385752912
GSE199219,CID4660,TCF25,0.7561229857807963
GSE199219,CID4660,ITGAE,0.5300348628247263
GSE199219,CID4660,PFN1,0.9491818207581971
GSE199219,CID4660,EIF5A,0.7669319762576486
GSE199219,CID4660,ACAP1,0.8462066849643338
GSE199219,CID4660,POLR2A,0.7418054368832232
GSE199219,CID4660,EIF4A1,0.8092533480809471
GSE199219,CID4660,KDM6B,0.8818606254449871
GSE199219,CID4660,VAMP2,0.782246216123309
GSE199219,CID4660,RPL26,0.7364508131127887
GSE199219,CID4660,NCOR1,0.7278334977238846
GSE199219,CID4660,UBB,0.9179859493028739
GSE199219,CID4660,WSB1,0.8462539467981339
GSE199219,CID4660,RPL23A,0.7341487696718251
GSE199219,CID4660,NUFIP2,0.7298382444929042
GSE199219,CID4660,EVI2B,0.7376994768776206
GSE199219,CID4660,ZNF207,0.7250980940233759
GSE199219,CID4660,SLFN5,0.7324959456111457
GSE199219,CID4660,CCL5,1.5540815015255476
GSE199219,CID4660,CCL3,0.7548025266163073
GSE199219,CID4660,CCL4,1.798506360075363
GSE199219,CID4660,CCL4L2,1.1731820110029638
GSE199219,CID4660,PSMB3,0.7069015821819243
GSE199219,CID4660,RPL23,0.9074564964137363
GSE199219,CID4660,RPL19,0.7026724031281253
GSE199219,CID4660,ERBB2,0.1991551073413027
GSE199219,CID4660,CCR7,0.8616215644763827
GSE199219,CID4660,KRT10,0.7077399860358764
GSE199219,CID4660,STAT3,0.8934182079633292
GSE199219,CID4660,RPL27,0.8260948471814646
GSE199219,CID4660,HEXIM1,0.7376493550740044
GSE199219,CID4660,FMNL1,0.7214569163179655
GSE199219,CID4660,SKAP1,0.7294669795394891
GSE199219,CID4660,LUC7L3,0.8018265069492674
GSE199219,CID4660,TOB1,0.858493138295695
GSE199219,CID4660,VMP1,0.9249082012777861
GSE199219,CID4660,LIMD2,0.8512743223765824
GSE199219,CID4660,DDX5,0.7880822963559064
GSE199219,CID4660,BPTF,0.7506335955033032
GSE199219,CID4660,KPNA2,0.7253422070936817
GSE199219,CID4660,RPL38,0.8456243816392597
GSE199219,CID4660,FDXR,0.2525849592660911
GSE199219,CID4660,JPT1,0.7541984640246123
GSE199219,CID4660,SUMO2,0.8767525586102594
GSE199219,CID4660,H3F3B,0.7535787055226822
GSE199219,CID4660,UBALD2,0.7621434384195342
GSE199219,CID4660,SRSF2,0.920013280325587
GSE199219,CID4660,SEPT9,0.7070341388652224
GSE199219,CID4660,SOCS3,0.862783940686879
GSE199219,CID4660,EIF4A3,0.9492860026231379
GSE199219,CID4660,RNF213,0.8988609882324312
GSE199219,CID4660,ACTG1,0.9203013030870817
GSE199219,CID4660,CD7,1.012723835863065
GSE199219,CID4660,METRNL,0.862409301796368
GSE199219,CID4660,SMCHD1,0.8608601507394479
GSE199219,CID4660,MYL12A,0.9638276690871365
GSE199219,CID4660,MYL12B,0.9036924047647356
GSE199219,CID4660,NDUFV2,0.7780594509707944
GSE199219,CID4660,ANKRD12,0.9476943650361573
GSE199219,CID4660,VAPA,0.7013560416595613
GSE199219,CID4660,CHMP1B,0.825734778912053
GSE199219,CID4660,LDLRAD4,0.7256119823800712
GSE199219,CID4660,ROCK1,0.731047496416708
GSE199219,CID4660,RPL17,0.7539014210437387
GSE199219,CID4660,PMAIP1,0.9951531507929324
GSE199219,CID4660,MBP,0.726136780282046
GSE199219,CID4660,FKBP1A,0.7423850062118338
GSE199219,CID4660,SNRPB,0.7891314021348189
GSE199219,CID4660,NOP56,0.7491679711909582
GSE199219,CID4660,PRNP,0.7523865824575806
GSE199219,CID4660,CST7,0.9682349507117421
GSE199219,CID4660,DYNLRB1,0.6947336785070084
GSE199219,CID4660,RBM39,0.8394199811141447
GSE199219,CID4660,TOP1,0.7821045520863793
GSE199219,CID4660,YWHAB,0.8914305913081652
GSE199219,CID4660,STK4,0.9119645255776458
GSE199219,CID4660,ZFAS1,0.9064498616268295
GSE199219,CID4660,CEBPB,0.8124023358015393
GSE199219,CID4660,GNAS,0.8831672611547827
GSE199219,CID4660,ATP5F1E,1.2069347682955534
GSE199219,CID4660,PSMA7,0.852431061040844
GSE199219,CID4660,RPS21,0.8080800221778481
GSE199219,CID4660,PPDPF,0.8756036931071598
GSE199219,CID4660,GZMM,0.7654719658027153
GSE199219,CID4660,PTBP1,0.7118927582016337
GSE199219,CID4660,GPX4,0.8086779201440243
GSE199219,CID4660,ATP5F1D,0.6932990481250152
GSE199219,CID4660,MIDN,0.7711767862872969
GSE199219,CID4660,CIRBP,0.8484946054097101
GSE199219,CID4660,RPS15,0.6850774301079989
GSE199219,CID4660,UQCR11,0.7957397352993919
GSE199219,CID4660,ABHD17A,0.726656486176261
GSE199219,CID4660,MKNK2,0.7353563747665018
GSE199219,CID4660,OAZ1,0.8400095984389068
GSE199219,CID4660,LSM7,0.7010422628024894
GSE199219,CID4660,GADD45B,1.175462629446991
GSE199219,CID4660,AES,0.8299531490073914
GSE199219,CID4660,EEF2,0.8502982530727468
GSE199219,CID4660,RPL36,0.8432221450440456
GSE199219,CID4660,NDUFA11,0.711514792793469
GSE199219,CID4660,TNFSF9,0.7344209889261144
GSE199219,CID4660,RPS28,0.7414334806246409
GSE199219,CID4660,HNRNPM,0.7316417229043496
GSE199219,CID4660,UBL5,0.8298039752262428
GSE199219,CID4660,EIF3G,0.7738543510361705
GSE199219,CID4660,ICAM3,0.7678948333887856
GSE199219,CID4660,CDC37,0.7155131968892023
GSE199219,CID4660,WDR83OS,0.7130151835221502
GSE199219,CID4660,TRIR,0.7934545027419071
GSE199219,CID4660,JUNB,1.2024479037783184
GSE199219,CID4660,PRDX2,0.7300740765965029
GSE199219,CID4660,CALR,0.8994026315226722
GSE199219,CID4660,IER2,1.0653956778797105
GSE199219,CID4660,C19orf53,0.7431448896809811
GSE199219,CID4660,ADGRE5,0.8607350411055054
GSE199219,CID4660,DNAJB1,1.2908427026943845
GSE199219,CID4660,TPM4,0.7120252335839365
GSE199219,CID4660,KLF2,1.2972019297506627
GSE199219,CID4660,BST2,0.7956732966443861
GSE199219,CID4660,RPL18A,0.7337231637691207
GSE199219,CID4660,JUND,1.1136671602764183
GSE199219,CID4660,UBA52,0.7920347646455784
GSE199219,CID4660,COPE,0.7519847772374247
GSE199219,CID4660,NDUFA13,0.6911537647305916
GSE199219,CID4660,FXYD5,0.872590760507941
GSE199219,CID4660,COX6B1,0.810489016587536
GSE199219,CID4660,NFKBID,0.7114771585336854
GSE199219,CID4660,HCST,0.9924305095499794
GSE199219,CID4660,PSMD8,0.7322726644586263
GSE199219,CID4660,EIF3K,0.8246832116049778
GSE199219,CID4660,ACTN4,0.7261913928878952
GSE199219,CID4660,GMFG,0.8676987147061954
GSE199219,CID4660,ZFP36,1.164272742345928
GSE199219,CID4660,RPS16,0.7396341912174297
GSE199219,CID4660,SERTAD1,0.9560840992872465
GSE199219,CID4660,TGFB1,0.9043890938857368
GSE199219,CID4660,RPS19,0.7125622958728809
GSE199219,CID4660,ARHGEF1,0.7691181782088675
GSE199219,CID4660,RABAC1,0.7626711717333029
GSE199219,CID4660,DEDD2,0.7689954906104081
GSE199219,CID4660,FOSB,1.146816134462696
GSE199219,CID4660,SNRPD2,0.7871164532796538
GSE199219,CID4660,CALM3,0.7727900486240714
GSE199219,CID4660,NOP53,0.8606732611021923
GSE199219,CID4660,EMP3,0.8691866243253648
GSE199219,CID4660,RPL18,0.7399856496086691
GSE199219,CID4660,PPP1R15A,1.0194043833250048
GSE199219,CID4660,BAX,0.7704461206031512
GSE199219,CID4660,FTL,0.8695461261643237
GSE199219,CID4660,CD37,0.8255980547952856
GSE199219,CID4660,RPL13A,0.7442017587161677
GSE199219,CID4660,RPS11,0.8019206547275799
GSE199219,CID4660,NKG7,1.2424956716091717
GSE199219,CID4660,ZNF331,1.1314109507132608
GSE199219,CID4660,MYADM,0.9979301615449193
GSE199219,CID4660,RPS9,0.756255559653426
GSE199219,CID4660,UBE2S,1.085113662655999
GSE199219,CID4660,RPS5,0.8293994864297602
GSE199219,CID4660,RANBP1,0.6937648408163526
GSE199219,CID4660,MIF,0.6927664091210473
GSE199219,CID4660,XBP1,0.7719690121504219
GSE199219,CID4660,UQCR10,0.7621446328933633
GSE199219,CID4660,PIK3IP1,0.8155662510544899
GSE199219,CID4660,MYH9,0.7627227695196463
GSE199219,CID4660,RAC2,0.8790183670883444
GSE199219,CID4660,LGALS1,1.072487679976496
GSE199219,CID4660,DDX17,0.8538966870694061
GSE199219,CID4660,APOBEC3G,0.886964605465046
GSE199219,CID4660,RPL3,0.7602512319483841
GSE199219,CID4660,ATF4,0.7878713875827383
GSE199219,CID4660,TNRC6B,0.7494324184943244
GSE199219,CID4660,ST13,0.734468052995487
GSE199219,CID4660,RBX1,0.7001908415414181
GSE199219,CID4660,XRCC6,0.6847192582903944
GSE199219,CID4660,SNU13,0.7472723306685473
GSE199219,CID4660,SMDT1,0.7219063076504028
GSE199219,CID4660,TSPO,0.7991603674492389
GSE199219,CID4660,PIM3,0.8081995412957028
GSE199219,CID4660,TYMP,0.8701537816739272
GSE199219,CID4660,SAMSN1,1.0479261697890387
GSE199219,CID4660,BTG3,0.7539570424164472
GSE199219,CID4660,SOD1,0.95069925795301
GSE199219,CID4660,SON,0.839438895516579
GSE199219,CID4660,MRPS6,0.7672846034436421
GSE199219,CID4660,SLC5A3,0.7585189508060919
GSE199219,CID4660,HMGN1,0.8695579301974836
GSE199219,CID4660,ABCG1,0.39977572799410976
GSE199219,CID4660,CSTB,0.7808398446028191
GSE199219,CID4660,ITGB2,0.8145344020505791
GSE199219,CID4660,MT-ND2,0.7452536554272946
GSE199219,CID4660,MT-ATP8,0.7236777780572993
GSE199219,CID4660,MT-ND3,0.7143194292133763
GSE199219,CID4660,MT-ND4L,0.9041167083684544
GSE199219,CID4660,MT-ND5,0.8155039087741112
GSE199219,CID4660,mm10---mt-Atp6,1.1584702669999214
GSE199219,CID4660,mm10---mt-Co3,1.1525568508555635
GSE199219,CID4660,mm10---mt-Co2,1.098523487228176
GSE199219,CID4660,mm10---mt-Cytb,0.9791261881846277
GSE199219,CID4660,mm10---mt-Co1,0.9769847899118459
GSE199219,CID4660,mm10---mt-Nd1,0.8559435758493773
GSE199219,CID4660,mm10---Gm42418,0.95409695918018
GSE199219,CID4660,mm10---mt-Nd2,0.8382202328963801
GSE199219,CID4660,mm10---mt-Nd4,0.862759468635789
GSE199219,CID4660,FAM46C,0.739535811666666
GSE199219,CID4660,LINC00152,0.7405460481331034
GSE199219,CID4660,SELK,0.9908038491137322
GSE199219,CID4660,FYB,0.8879991961284158
GSE199219,CID4660,GNB2L1,1.3460176004083741
GSE199219,CID4660,RP11-138A9.1,0.7599440902809659
GSE199219,CID4660,LINC-PINT,0.8234839898910171
GSE199219,CID4660,WHSC1L1,0.7437734843904195
GSE199219,CID4660,ATP5L,0.9627372007206214
GSE199219,CID4660,ATP5G2,0.8748823939701403
GSE199219,CID4660,CCDC64,0.709862902687838
GSE199219,CID4660,TCEB2,0.6938338404337766
GSE199219,CID4660,HN1,0.7437587573740502
GSE199219,CID4660,ATP5E,1.1741909932950108
GSE199219,CID4660,C19orf43,0.7997795283992063
GSE199219,CID4660,CTD-3252C9.4,0.8236087230235314
GSE199219,CID4660,GLTSCR2,0.8617386032277112
GSE199219,CID4664,ISG15,1.0822759403322546
GSE199219,CID4664,TNFRSF18,0.8868185197084396
GSE199219,CID4664,TNFRSF4,0.8154184010288957
GSE199219,CID4664,RPL22,0.8438623466716726
GSE199219,CID4664,TNFRSF9,0.7498350271840849
GSE199219,CID4664,PARK7,0.877967307927901
GSE199219,CID4664,ENO1,0.8824661053171428
GSE199219,CID4664,TNFRSF1B,0.7666775142916538
GSE199219,CID4664,PRDM2,0.7668256739065111
GSE199219,CID4664,CAPZB,0.7839487571812183
GSE199219,CID4664,MINOS1,0.712922411065698
GSE199219,CID4664,HP1BP3,0.7263384654919698
GSE199219,CID4664,CDC42,0.8260839662939328
GSE199219,CID4664,ID3,0.7419103267859104
GSE199219,CID4664,SRSF10,0.7299585577043799
GSE199219,CID4664,RCAN3,0.7081569103711507
GSE199219,CID4664,SRRM1,0.8103049761995796
GSE199219,CID4664,RUNX3,0.8716780934428242
GSE199219,CID4664,SYF2,0.7261349680581729
GSE199219,CID4664,RSRP1,0.921744456678708
GSE199219,CID4664,TMEM50A,0.7520786055782702
GSE199219,CID4664,STMN1,0.7959838377387151
GSE199219,CID4664,SH3BGRL3,0.9609114674357521
GSE199219,CID4664,CD52,1.0152489222073258
GSE199219,CID4664,HMGN2,0.8834350092527182
GSE199219,CID4664,NUDC,0.739871299351317
GSE199219,CID4664,IFI6,0.8939114998550437
GSE199219,CID4664,SNHG12,0.8018733187287808
GSE199219,CID4664,LAPTM5,0.8693613962039092
GSE199219,CID4664,PTP4A2,0.7776222652191601
GSE199219,CID4664,LCK,0.8205322037945296
GSE199219,CID4664,MARCKSL1,0.757701987341977
GSE199219,CID4664,SFPQ,0.8989290215835921
GSE199219,CID4664,NDUFS5,0.8240765483488444
GSE199219,CID4664,MACF1,0.755635490870652
GSE199219,CID4664,CAP1,0.7751870228383423
GSE199219,CID4664,SMAP2,0.8147699302658262
GSE199219,CID4664,YBX1,0.8603188284340415
GSE199219,CID4664,RPS8,0.726871507178221
GSE199219,CID4664,PLK3,0.7952761487753924
GSE199219,CID4664,PRDX1,0.9214507850748039
GSE199219,CID4664,NASP,0.8585686768377252
GSE199219,CID4664,UQCRH,0.8178029704006038
GSE199219,CID4664,TMEM59,0.7839546083117116
GSE199219,CID4664,DHCR24,0.10554389975922547
GSE199219,CID4664,JUN,1.3562706985617312
GSE199219,CID4664,JAK1,0.8147780246935286
GSE199219,CID4664,PDE4B,0.8286435532329604
GSE199219,CID4664,SERBP1,0.8123958261100765
GSE199219,CID4664,GADD45A,0.8678403854991371
GSE199219,CID4664,SRSF11,0.7830094462658783
GSE199219,CID4664,DNAJB4,0.7170376568428013
GSE199219,CID4664,GNG5,0.7539997868250301
GSE199219,CID4664,ODF2L,0.7570181064144333
GSE199219,CID4664,GTF2B,0.8522556847650692
GSE199219,CID4664,GBP2,0.7694231614015314
GSE199219,CID4664,GBP5,0.7303162823678127
GSE199219,CID4664,RPL5,0.8169887969903432
GSE199219,CID4664,DNTTIP2,0.6925085212749628
GSE199219,CID4664,PRPF38B,0.8614959190254289
GSE199219,CID4664,CD53,0.8620907244225862
GSE199219,CID4664,RAP1A,0.7476381028366947
GSE199219,CID4664,CAPZA1,0.7122579597114356
GSE199219,CID4664,PTPN22,0.8234645461365979
GSE199219,CID4664,BCAS2,0.8311787922001443
GSE199219,CID4664,CSDE1,0.7468257539806998
GSE199219,CID4664,ATP1A1,0.7900270293563858
GSE199219,CID4664,CD2,0.9733191786154678
GSE199219,CID4664,HMGCS2,1.0
GSE199219,CID4664,RBM8A,0.8350437906934804
GSE199219,CID4664,TXNIP,1.317824726917073
GSE199219,CID4664,MCL1,0.9987135364996541
GSE199219,CID4664,ENSA,0.6994690868088258
GSE199219,CID4664,S100A10,0.9957760996274868
GSE199219,CID4664,S100A11,1.0079844544931498
GSE199219,CID4664,S100A6,0.9568830858616557
GSE199219,CID4664,S100A4,1.1645538514553864
GSE199219,CID4664,JTB,0.7346437151785975
GSE199219,CID4664,RPS27,0.7139173306147697
GSE199219,CID4664,TPM3,0.8568388289859524
GSE199219,CID4664,PBXIP1,0.7490303506715151
GSE199219,CID4664,FDPS,0.5324403161510202
GSE199219,CID4664,ASH1L,0.6934139568091033
GSE199219,CID4664,SSR2,0.7994673152222465
GSE199219,CID4664,LMNA,1.3933796663932916
GSE199219,CID4664,CCT3,0.7586881058247719
GSE199219,CID4664,IFI16,0.8362802999887388
GSE199219,CID4664,TAGLN2,0.906306368167047
GSE199219,CID4664,CD48,0.911830428863082
GSE199219,CID4664,HSPA6,0.8794393547156789
GSE199219,CID4664,HSD17B7,0.36333102577832144
GSE199219,CID4664,CD247,0.8078784710299005
GSE199219,CID4664,XCL2,0.8006806498241728
GSE199219,CID4664,XCL1,0.7382698330493194
GSE199219,CID4664,PRRC2C,0.8707482746950722
GSE199219,CID4664,PRDX6,0.6940742267500105
GSE199219,CID4664,CACYBP,1.0079447909061823
GSE199219,CID4664,IER5,0.9591553911234325
GSE199219,CID4664,ARPC5,0.7411524928353789
GSE199219,CID4664,FAM129A,0.7111504008031942
GSE199219,CID4664,IVNS1ABP,0.788586588161691
GSE199219,CID4664,TPR,0.7520839444189972
GSE199219,CID4664,RGS1,1.3164288793647017
GSE199219,CID4664,RGS2,1.0097239243164202
GSE199219,CID4664,PTPRC,0.8734654319578067
GSE199219,CID4664,PTPN7,0.7145925986364078
GSE199219,CID4664,BTG2,1.0321377764766448
GSE199219,CID4664,NUCKS1,0.7025422645000592
GSE199219,CID4664,CD55,0.8279450030379116
GSE199219,CID4664,TRAF3IP3,0.7286576752848979
GSE199219,CID4664,ATF3,0.980962905411426
GSE199219,CID4664,H3F3A,0.8563374473902795
GSE199219,CID4664,ARF1,0.787437820025361
GSE199219,CID4664,GUK1,0.8228452982925277
GSE199219,CID4664,TOMM20,0.7642529102605562
GSE199219,CID4664,ARID4B,0.869314125664186
GSE199219,CID4664,LYST,0.712646452637445
GSE199219,CID4664,HNRNPU,0.8815137685466374
GSE199219,CID4664,RPS7,0.7181780631664262
GSE199219,CID4664,ID2,1.124680593915554
GSE199219,CID4664,YWHAQ,0.8178362606012678
GSE199219,CID4664,ODC1,0.926329715346259
GSE199219,CID4664,PDIA6,0.7022122485906419
GSE199219,CID4664,OST4,0.8513248323054173
GSE199219,CID4664,FOSL2,0.7956874106726817
GSE199219,CID4664,PPP1CB,0.8055276681922783
GSE199219,CID4664,YPEL5,1.0637584676030154
GSE199219,CID4664,LBH,0.7994141959233093
GSE199219,CID4664,SRSF7,0.8933579251566673
GSE199219,CID4664,EML4,0.7803705557456275
GSE199219,CID4664,ZFP36L2,1.1682925567568045
GSE199219,CID4664,CALM2,0.9442959986866215
GSE199219,CID4664,EPCAM,0.09303072627161382
GSE199219,CID4664,RTN4,0.7023169308547292
GSE199219,CID4664,REL,1.0854743269757725
GSE199219,CID4664,CCT4,0.782098182477846
GSE199219,CID4664,UGP2,0.7769971833709698
GSE199219,CID4664,ACTR2,0.7640088296897755
GSE199219,CID4664,AAK1,0.7489415231844813
GSE199219,CID4664,PCBP1,0.7892339089184477
GSE199219,CID4664,SNRPG,0.7262722666880544
GSE199219,CID4664,TMSB10,0.8053553467207832
GSE199219,CID4664,MAT2A,0.7132526827551264
GSE199219,CID4664,VAMP8,0.7449348301125907
GSE199219,CID4664,GNLY,1.0690835058302428
GSE199219,CID4664,CD8A,0.9404663407774908
GSE199219,CID4664,CD8B,0.7805301989541956
GSE199219,CID4664,IGKC,0.8216749013783866
GSE199219,CID4664,DUSP2,1.2060731119663233
GSE199219,CID4664,ARID5A,0.7627740510201115
GSE199219,CID4664,COX5B,0.7803684138541551
GSE199219,CID4664,RPL31,0.856455650122054
GSE199219,CID4664,GCC2,0.8171849174003296
GSE199219,CID4664,LIMS1,0.7203909576176581
GSE199219,CID4664,ACTR3,0.7993587268406608
GSE199219,CID4664,DDX18,0.7426805771014257
GSE199219,CID4664,DBI,0.789117898803386
GSE199219,CID4664,GYPC,0.7518784453780728
GSE199219,CID4664,MZT2B,0.8085581643233517
GSE199219,CID4664,MZT2A,0.75338329664639
GSE199219,CID4664,UBXN4,0.743380578004724
GSE199219,CID4664,CXCR4,1.3056501352390384
GSE199219,CID4664,ZEB2,0.8104508117270616
GSE199219,CID4664,PRPF40A,0.6971247189385987
GSE199219,CID4664,NR4A2,1.132022251180705
GSE199219,CID4664,CYTIP,0.9526738771154654
GSE199219,CID4664,TANK,0.895099432450755
GSE199219,CID4664,PPIG,0.7570557026044473
GSE199219,CID4664,WIPF1,0.7857033434530635
GSE199219,CID4664,HNRNPA3,0.7727469004675572
GSE199219,CID4664,NFE2L2,0.8296378109801064
GSE199219,CID4664,ITGA4,0.7011762714143156
GSE199219,CID4664,ORMDL1,0.6990091578433583
GSE199219,CID4664,GLS,0.8452317821675391
GSE199219,CID4664,STAT1,0.8024027576777883
GSE199219,CID4664,STAT4,0.6937893585512797
GSE199219,CID4664,NABP1,0.7926098564057041
GSE199219,CID4664,STK17B,0.8978450889240921
GSE199219,CID4664,SF3B1,0.7886496631502357
GSE199219,CID4664,HSPD1,1.2182817382673088
GSE199219,CID4664,HSPE1,1.105095780282637
GSE199219,CID4664,MOB4,0.7010724999304933
GSE199219,CID4664,BZW1,0.8040078489204059
GSE199219,CID4664,CLK1,0.8545703698746067
GSE199219,CID4664,CFLAR,0.8429265517079081
GSE199219,CID4664,CASP8,0.6923413093792518
GSE199219,CID4664,SUMO1,0.729180271200808
GSE199219,CID4664,NOP58,0.7725618556607513
GSE199219,CID4664,CTLA4,0.9217214601999311
GSE199219,CID4664,ICOS,1.0010568319101083
GSE199219,CID4664,EEF1B2,0.8773247666898174
GSE199219,CID4664,XRCC5,0.707998673053776
GSE199219,CID4664,RPL37A,0.7633857791951493
GSE199219,CID4664,ARPC2,0.8733456337429942
GSE199219,CID4664,TUBA4A,1.011642986831345
GSE199219,CID4664,SP100,0.7906588067369495
GSE199219,CID4664,ITM2C,0.7028956403577901
GSE199219,CID4664,NCL,0.910617748325038
GSE199219,CID4664,ARL4C,0.9789322802096833
GSE199219,CID4664,LRRFIP1,0.8639211696321822
GSE199219,CID4664,PDCD1,0.5401590968835973
GSE199219,CID4664,ARPC4,0.693347600036174
GSE199219,CID4664,BRK1,0.7497528567086614
GSE199219,CID4664,RPL32,0.721892898360294
GSE199219,CID4664,ANKRD28,0.8237615541459667
GSE199219,CID4664,RPL15,0.7161852712379849
GSE199219,CID4664,GOLGA4,0.7781120797755439
GSE199219,CID4664,CSRNP1,0.7735021620728505
GSE199219,CID4664,RPSA,0.7872940063910796
GSE199219,CID4664,RPL14,0.7291766264327636
GSE199219,CID4664,NKTR,0.8371430829525578
GSE199219,CID4664,TMA7,0.8459593406807852
GSE199219,CID4664,RHOA,0.8545526039433875
GSE199219,CID4664,GNAI2,0.8178315939362157
GSE199219,CID4664,RPL29,0.7540303034308476
GSE199219,CID4664,SPCS1,0.7790310132214997
GSE199219,CID4664,SELENOK,0.7042364414015335
GSE199219,CID4664,ARF4,0.7579116408951174
GSE199219,CID4664,ARL6IP5,0.8793990879195782
GSE199219,CID4664,FOXP1,0.742898964186373
GSE199219,CID4664,MTRNR2L12,1.0363158703779258
GSE199219,CID4664,CLDND1,0.703211808476589
GSE199219,CID4664,RPL24,0.7415628901021377
GSE199219,CID4664,NFKBIZ,0.8155337275767084
GSE199219,CID4664,CD47,0.7276148675239256
GSE199219,CID4664,TRAT1,0.7117051126630025
GSE199219,CID4664,CD96,0.7918436771678948
GSE199219,CID4664,TIGIT,0.8923287023935642
GSE199219,CID4664,NDUFB4,0.6920684692033543
GSE199219,CID4664,HCLS1,0.7232008131370132
GSE199219,CID4664,GOLGB1,0.9145419164166246
GSE199219,CID4664,CNBP,0.8092762165114077
GSE199219,CID4664,H1FX,0.8787066601570798
GSE199219,CID4664,CDV3,0.7457313569178309
GSE199219,CID4664,ATP1B3,1.0187217600631342
GSE199219,CID4664,SERP1,0.8396460009022743
GSE199219,CID4664,GPR171,0.7203974958205018
GSE199219,CID4664,MBNL1,0.8446041668593286
GSE199219,CID4664,DHX36,0.7577899144528004
GSE199219,CID4664,TIPARP,0.7109870516570118
GSE199219,CID4664,CCNL1,0.8834400420678357
GSE199219,CID4664,SEC62,0.7145096689639266
GSE199219,CID4664,SKIL,0.7215149326437269
GSE199219,CID4664,RPL22L1,0.7854471479217663
GSE199219,CID4664,TRA2B,0.8224797008339794
GSE199219,CID4664,EIF4A2,0.8914723855195692
GSE199219,CID4664,PPP1R2,0.9116350629869375
GSE199219,CID4664,RPL35A,0.7722267425483879
GSE199219,CID4664,MXD4,0.709041215236533
GSE199219,CID4664,LYAR,0.7015846404206616
GSE199219,CID4664,BOD1L1,0.7176610862818117
GSE199219,CID4664,RBPJ,0.8389584243543277
GSE199219,CID4664,ARAP2,0.7013662330273938
GSE199219,CID4664,RPL9,0.731672686542125
GSE199219,CID4664,RHOH,0.9340955955463585
GSE199219,CID4664,OCIAD2,0.7528077749556413
GSE199219,CID4664,HOPX,0.7832479345523418
GSE199219,CID4664,AREG,0.9753946755274019
GSE199219,CID4664,G3BP2,0.9022929964155726
GSE199219,CID4664,CCNI,0.8660661516131253
GSE199219,CID4664,CXCL13,0.972377893510253
GSE199219,CID4664,CNOT6L,0.8881472985431726
GSE199219,CID4664,RASGEF1B,0.6978471676336909
GSE199219,CID4664,HNRNPDL,0.8514921787317076
GSE199219,CID4664,H2AFZ,1.0443798716186643
GSE199219,CID4664,NFKB1,0.7030326676545625
GSE199219,CID4664,UBE2D3,0.8488268925945405
GSE199219,CID4664,RPL34,0.749522784489641
GSE199219,CID4664,SNHG8,0.8144209861117854
GSE199219,CID4664,C4orf3,0.7471927095540775
GSE199219,CID4664,ANXA5,0.7505656741474013
GSE199219,CID4664,SMARCA5,0.7001704942546183
GSE199219,CID4664,RPS3A,0.7385860918745124
GSE199219,CID4664,HMGB2,0.9510962831460898
GSE199219,CID4664,ANKRD37,0.8074470710549212
GSE199219,CID4664,SUB1,0.9227776939958847
GSE199219,CID4664,IL7R,1.384011137989738
GSE199219,CID4664,PTGER4,0.849083063461762
GSE199219,CID4664,PRKAA1,0.46861297867012613
GSE199219,CID4664,RPL37,0.781758495899761
GSE199219,CID4664,EMB,0.7552029786936492
GSE199219,CID4664,PARP8,0.7061279743601879
GSE199219,CID4664,GZMK,1.3147917710535624
GSE199219,CID4664,GZMA,1.3026206441108459
GSE199219,CID4664,GPBP1,0.9120255355074575
GSE199219,CID4664,PIK3R1,0.8644316257424222
GSE199219,CID4664,BTF3,0.8231396103916334
GSE199219,CID4664,NSA2,0.7472707555531234
GSE199219,CID4664,TBCA,0.7430778286101908
GSE199219,CID4664,JMY,0.6981525783991424
GSE199219,CID4664,RPS23,0.7022757832604039
GSE199219,CID4664,COX7C,0.8450331299029666
GSE199219,CID4664,CCNH,0.7763829012948192
GSE199219,CID4664,GLRX,0.7196483693327245
GSE199219,CID4664,CAST,0.8045820443747709
GSE199219,CID4664,CHD1,0.7963288360334252
GSE199219,CID4664,REEP5,0.7205262725293105
GSE199219,CID4664,TNFAIP8,0.7695090708397698
GSE199219,CID4664,HINT1,0.8733031988857259
GSE199219,CID4664,CDC42SE2,0.8102459304326445
GSE199219,CID4664,IRF1,0.9701883670444986
GSE199219,CID4664,HSPA4,0.7016970597832018
GSE199219,CID4664,SKP1,0.8468385703279834
GSE199219,CID4664,UBE2B,0.7882693406119508
GSE199219,CID4664,HNRNPA0,0.7851486156405509
GSE199219,CID4664,EGR1,0.8770040464296153
GSE199219,CID4664,HSPA9,0.7266708972951321
GSE199219,CID4664,PAIP2,0.7713530256038991
GSE199219,CID4664,UBE2D2,0.7679640655333577
GSE199219,CID4664,CD14,0.2072372384889824
GSE199219,CID4664,TAF7,0.7756195821865826
GSE199219,CID4664,NDFIP1,0.7476658097002982
GSE199219,CID4664,NR3C1,0.8554503776118721
GSE199219,CID4664,CSNK1A1,0.7128691876735249
GSE199219,CID4664,CD74,1.0757486420696003
GSE199219,CID4664,RPS14,0.7433970653720947
GSE199219,CID4664,ANXA6,0.6922299308058295
GSE199219,CID4664,ITK,0.7150732984788039
GSE199219,CID4664,NPM1,0.9057155136166465
GSE199219,CID4664,DUSP1,1.1677008473992632
GSE199219,CID4664,ATP6V0E1,0.8138038845819011
GSE199219,CID4664,CREBRF,0.7052280592602632
GSE199219,CID4664,HIGD2A,0.7477533591297236
GSE199219,CID4664,PRELID1,0.7246574367000655
GSE199219,CID4664,HNRNPAB,0.7721270204410384
GSE199219,CID4664,HNRNPH1,0.8734141464603122
GSE199219,CID4664,SQSTM1,0.9582894183578016
GSE199219,CID4664,RACK1,0.9117898974576587
GSE199219,CID4664,SERPINB9,0.7239340733624233
GSE199219,CID4664,PRPF4B,0.6937752416144809
GSE199219,CID4664,CD83,0.7967615374037956
GSE199219,CID4664,MYLIP,0.7435309989947739
GSE199219,CID4664,DEK,0.7618661036560883
GSE199219,CID4664,HIST1H4C,0.7758734777785866
GSE199219,CID4664,BTN3A2,0.713705031707818
GSE199219,CID4664,HLA-F,0.8219677967400773
GSE199219,CID4664,HLA-E,0.7514633715311289
GSE199219,CID4664,PPP1R10,0.8460156747534698
GSE199219,CID4664,TUBB,0.7520321659191649
GSE199219,CID4664,TNF,0.8638327783087345
GSE199219,CID4664,LTB,1.18310710082901
GSE199219,CID4664,CLIC1,0.9261190802815132
GSE199219,CID4664,HSPA1A,1.8012806350787134
GSE199219,CID4664,HSPA1B,1.6308616346092615
GSE199219,CID4664,C6orf48,0.7837656815780405
GSE199219,CID4664,NEU1,0.9962904222654682
GSE199219,CID4664,GPSM3,0.7700081703145625
GSE199219,CID4664,HLA-DRA,1.0254344920812066
GSE199219,CID4664,HLA-DRB1,1.1302880886699453
GSE199219,CID4664,HLA-DQA1,0.8973611387289833
GSE199219,CID4664,HLA-DQB1,0.7548414008365973
GSE199219,CID4664,PSMB8,0.7854264290536105
GSE199219,CID4664,PSMB9,0.8766380776579561
GSE199219,CID4664,TAP1,0.7401976372035247
GSE199219,CID4664,BRD2,0.9070711051868074
GSE199219,CID4664,HLA-DPA1,0.9458301321957693
GSE199219,CID4664,HLA-DPB1,0.9310511299178856
GSE199219,CID4664,RPS18,0.6997334905059699
GSE199219,CID4664,TAPBP,0.767536692958617
GSE199219,CID4664,CUTA,0.7330429164484349
GSE199219,CID4664,RPS10,0.91796468536629
GSE199219,CID4664,RPL10A,0.7789377451933273
GSE199219,CID4664,FKBP5,0.7422855749732661
GSE199219,CID4664,SRSF3,0.9169676898090462
GSE199219,CID4664,HSP90AB1,1.2068060360670951
GSE199219,CID4664,EEF1A1,0.7086075769212997
GSE199219,CID4664,COX7A2,0.8150164427114684
GSE199219,CID4664,ZNF292,0.7495427740228026
GSE199219,CID4664,PNRC1,0.918272802725944
GSE199219,CID4664,PNISR,0.8981386255109391
GSE199219,CID4664,PRDM1,0.7822680239764734
GSE199219,CID4664,SNX3,0.7098291535200097
GSE199219,CID4664,CD164,0.7229224500522085
GSE199219,CID4664,AMD1,0.9175355240057217
GSE199219,CID4664,FYN,0.8640019606912451
GSE199219,CID4664,RPS12,0.7095045915387305
GSE199219,CID4664,BCLAF1,0.7922372911658564
GSE199219,CID4664,TNFAIP3,1.1702844504456102
GSE199219,CID4664,ABRACL,0.76312166414077
GSE199219,CID4664,CITED2,0.8828732601145348
GSE199219,CID4664,SF3B5,0.6987436283539263
GSE199219,CID4664,DYNLT1,0.7401366562044458
GSE199219,CID4664,SYTL3,0.7447176287337155
GSE199219,CID4664,EZR,1.0732743067708366
GSE199219,CID4664,TAGAP,0.9666559069746664
GSE199219,CID4664,SOD2,0.786853005811929
GSE199219,CID4664,WTAP,0.707751145550834
GSE199219,CID4664,TCP1,0.8061218814036375
GSE199219,CID4664,MRPL18,0.8723158124417055
GSE199219,CID4664,PSMB1,0.7593212384223563
GSE199219,CID4664,ZFAND2A,0.7816478481665203
GSE199219,CID4664,ACTB,0.8814736416976093
GSE199219,CID4664,RAC1,0.7526178763229695
GSE199219,CID4664,NDUFA4,0.8460191945710991
GSE199219,CID4664,ARL4A,0.751328221988681
GSE199219,CID4664,TOMM7,0.8395298106489303
GSE199219,CID4664,CYCS,0.9207569614544664
GSE199219,CID4664,HNRNPA2B1,0.8377941531347998
GSE199219,CID4664,CBX3,0.7309150267431254
GSE199219,CID4664,TAX1BP1,0.7279104419790595
GSE199219,CID4664,SEPT7,0.8549385970763426
GSE199219,CID4664,TRGC2,0.7556200935546622
GSE199219,CID4664,STK17A,0.8881626396636064
GSE199219,CID4664,PPIA,0.8663783172988662
GSE199219,CID4664,H2AFV,0.81016420102455
GSE199219,CID4664,IKZF1,0.7360096848106339
GSE199219,CID4664,SEC61G,0.7511179962509825
GSE199219,CID4664,EGFR,0.02433628761575396
GSE199219,CID4664,CHCHD2,0.854448562930214
GSE199219,CID4664,SBDS,0.7075482500644648
GSE199219,CID4664,HSPB1,0.93468510771041
GSE199219,CID4664,AKAP9,0.8006509905613197
GSE199219,CID4664,FAM133B,0.890377432497212
GSE199219,CID4664,SAMD9,0.6999967608675706
GSE199219,CID4664,ARPC1B,0.8847755612154423
GSE199219,CID4664,LAMTOR4,0.7187298606606192
GSE199219,CID4664,POLR2J3,0.6983333583230674
GSE199219,CID4664,KMT2E,0.8593432349045915
GSE199219,CID4664,NAMPT,0.8600647747565565
GSE199219,CID4664,HBP1,0.7700262087030311
GSE199219,CID4664,DNAJB9,0.7175161812212683
GSE199219,CID4664,IFRD1,0.8380071984237052
GSE199219,CID4664,AC016831.7,0.6965951719944127
GSE199219,CID4664,AC058791.1,0.7280057363945243
GSE199219,CID4664,ZC3HAV1,0.9242561623795866
GSE199219,CID4664,NDUFB2,0.7739929626349756
GSE199219,CID4664,SSBP1,0.6963942176348304
GSE199219,CID4664,TRBC1,1.189988031598875
GSE199219,CID4664,TRBC2,1.0724016757727057
GSE199219,CID4664,GSTK1,0.7967972410400483
GSE199219,CID4664,GIMAP7,0.7885036581643445
GSE199219,CID4664,GIMAP4,0.7283082986813756
GSE199219,CID4664,DNAJB6,0.9614074655339984
GSE199219,CID4664,SLC25A6,0.8186594265488466
GSE199219,CID4664,CD99,0.8654083137042953
GSE199219,CID4664,TMSB4X,0.7614751439409435
GSE199219,CID4664,OFD1,0.7010340433425108
GSE199219,CID4664,SYAP1,0.7775441606396575
GSE199219,CID4664,SH3KBP1,0.7051769814637405
GSE199219,CID4664,EIF1AX,0.8119098701405778
GSE199219,CID4664,SAT1,1.138790432631393
GSE199219,CID4664,DDX3X,0.9806506424782401
GSE199219,CID4664,NDUFB11,0.7464295628264606
GSE199219,CID4664,UXT,0.7297944644730371
GSE199219,CID4664,RBM3,0.787348596495105
GSE199219,CID4664,PLP2,0.7954514965893116
GSE199219,CID4664,TSPYL2,0.9055804884827179
GSE199219,CID4664,MSN,0.8266702649631643
GSE199219,CID4664,IL2RG,0.86560664637018
GSE199219,CID4664,RPS4X,0.7277091434866335
GSE199219,CID4664,XIST,0.9741483902733763
GSE199219,CID4664,ATRX,0.8320092170740663
GSE199219,CID4664,COX7B,0.7781308546690914
GSE199219,CID4664,PGK1,0.8522691687646167
GSE199219,CID4664,ITM2A,0.962270914264707
GSE199219,CID4664,SH3BGRL,0.7358162455709693
GSE199219,CID4664,RPL36A,0.8942079291682474
GSE199219,CID4664,TSC22D3,1.1743784145493479
GSE199219,CID4664,SLC25A5,0.838927748078435
GSE199219,CID4664,SEPT6,0.813026710998767
GSE199219,CID4664,RPL39,0.7816818103660982
GSE199219,CID4664,NDUFA1,0.7383937338880705
GSE199219,CID4664,CD40LG,0.7256110931799842
GSE199219,CID4664,RBMX,0.7768477031995649
GSE199219,CID4664,IDS,0.9135190464409422
GSE199219,CID4664,NSDHL,0.16842873864908048
GSE199219,CID4664,SSR4,0.8283443269167293
GSE199219,CID4664,FLNA,0.7201510909998673
GSE199219,CID4664,RPL10,0.7032141899786545
GSE199219,CID4664,G6PD,0.34210491683586
GSE199219,CID4664,PCM1,0.725260387674391
GSE199219,CID4664,DOK2,0.7796552880285733
GSE199219,CID4664,DUSP4,1.250005063436542
GSE199219,CID4664,SARAF,0.9111104506959745
GSE199219,CID4664,LEPROTL1,0.8726188872364817
GSE199219,CID4664,RAB11FIP1,0.7852350492320481
GSE199219,CID4664,RPS20,0.8626273226393434
GSE199219,CID4664,SDCBP,0.9745403242109911
GSE199219,CID4664,RPL7,0.8721976779123669
GSE199219,CID4664,FABP5,0.8022400479607236
GSE199219,CID4664,UQCRB,0.8656574072044028
GSE199219,CID4664,MTDH,0.7535991337240389
GSE199219,CID4664,RPL30,0.7036362688731747
GSE199219,CID4664,COX6C,0.8429916467202078
GSE199219,CID4664,POLR2K,0.6971546182292256
GSE199219,CID4664,RNF19A,0.9442679319748352
GSE199219,CID4664,PABPC1,0.9130920999898409
GSE199219,CID4664,YWHAZ,0.8633603785598595
GSE199219,CID4664,ZNF706,0.701688542602839
GSE199219,CID4664,EIF3E,0.8297909425544854
GSE199219,CID4664,ENY2,0.7011662614887199
GSE199219,CID4664,EIF3H,0.7911471508220249
GSE199219,CID4664,FAM49B,0.729780028272849
GSE199219,CID4664,SLA,0.9278338640426294
GSE199219,CID4664,LY6E,0.8959550684737416
GSE199219,CID4664,EEF1D,0.8192658812026463
GSE199219,CID4664,VPS28,0.7054072884715202
GSE199219,CID4664,RPL8,0.7424475379236447
GSE199219,CID4664,DOCK8,0.7126413886518087
GSE199219,CID4664,VLDLR,0.070496109085587
GSE199219,CID4664,CD274,0.257543282770733
GSE199219,CID4664,PLIN2,0.782545108426249
GSE199219,CID4664,RPS6,0.7542167649518935
GSE199219,CID4664,DNAJA1,1.2305240045283117
GSE199219,CID4664,ZFAND5,0.8283338780459647
GSE199219,CID4664,ANXA1,1.563320573586022
GSE199219,CID4664,TLE4,0.7879842789356799
GSE199219,CID4664,HNRNPK,0.8317260453546548
GSE199219,CID4664,CKS2,0.8000009778630961
GSE199219,CID4664,ANP32B,0.8037618050716645
GSE199219,CID4664,SEC61B,0.7943578054821692
GSE199219,CID4664,NR4A3,0.6936565081467574
GSE199219,CID4664,TXN,0.8259317003095159
GSE199219,CID4664,AKNA,0.7312994564648119
GSE199219,CID4664,ATP6V1G1,0.7984947436532085
GSE199219,CID4664,RPL35,0.7904383569245632
GSE199219,CID4664,HSPA5,0.9553237658111831
GSE199219,CID4664,RPL12,0.7402246724647058
GSE199219,CID4664,C9orf16,0.7567780447234141
GSE199219,CID4664,SPTAN1,0.7242020508920379
GSE199219,CID4664,SET,0.7905305742045633
GSE199219,CID4664,IER5L,0.8026967429182871
GSE199219,CID4664,C9orf78,0.6924740526336073
GSE199219,CID4664,FNBP1,0.795591376591333
GSE199219,CID4664,RPL7A,0.7065859815286417
GSE199219,CID4664,SNHG7,0.6993379013337234
GSE199219,CID4664,PHPT1,0.6933376620288701
GSE199219,CID4664,EDF1,0.8189134430013452
GSE199219,CID4664,DPP7,0.6982913016419963
GSE199219,CID4664,TUBB4B,1.0605196851781862
GSE199219,CID4664,IFITM2,0.917182940539532
GSE199219,CID4664,RPLP2,0.7152382222848339
GSE199219,CID4664,POLR2L,0.7765331034499223
GSE199219,CID4664,CTSD,0.7899271776991899
GSE199219,CID4664,LSP1,0.8319286265378186
GSE199219,CID4664,CD81,0.8347179967314825
GSE199219,CID4664,KCNQ1OT1,0.7861370654190494
GSE199219,CID4664,NAP1L4,0.7012572238856702
GSE199219,CID4664,TRIM22,0.7029395314384846
GSE199219,CID4664,EIF3F,0.7995073340220361
GSE199219,CID4664,RPL27A,0.8138987243321856
GSE199219,CID4664,MTRNR2L8,0.8716099701398812
GSE199219,CID4664,EIF4G2,0.8277779649252095
GSE199219,CID4664,PSMA1,0.715679165140493
GSE199219,CID4664,C11orf58,0.7717193056587099
GSE199219,CID4664,RPS13,0.7969397632688326
GSE199219,CID4664,LDHA,0.9838131462393478
GSE199219,CID4664,CD44,0.9404279792245617
GSE199219,CID4664,CD6,0.7509098762793569
GSE199219,CID4664,TMEM258,0.7277147160598991
GSE199219,CID4664,FTH1,0.9895056561591115
GSE199219,CID4664,AHNAK,1.0132235282437443
GSE199219,CID4664,UBXN1,0.7456706515412701
GSE199219,CID4664,SLC3A2,0.7568280455505688
GSE199219,CID4664,RARRES3,0.8899732297118481
GSE199219,CID4664,COX8A,0.8349422379988956
GSE199219,CID4664,PPP1R14B,0.6964738640229533
GSE199219,CID4664,TRMT112,0.790148393230231
GSE199219,CID4664,SF1,0.8387050635298178
GSE199219,CID4664,FAU,0.7129505828517407
GSE199219,CID4664,NEAT1,1.1200182445534392
GSE199219,CID4664,CFL1,0.8706864608049046
GSE199219,CID4664,DRAP1,0.7870377975673355
GSE199219,CID4664,PPP1CA,0.7094581053988289
GSE199219,CID4664,TBC1D10C,0.7536291161676182
GSE199219,CID4664,CORO1B,0.7823545065061839
GSE199219,CID4664,GSTP1,0.7328310429409548
GSE199219,CID4664,DHCR7,0.23980270040716675
GSE199219,CID4664,UCP2,0.7599666061873263
GSE199219,CID4664,SPCS2,0.7578668944071022
GSE199219,CID4664,RPS3,0.744412215574303
GSE199219,CID4664,NDUFC2,0.7183049037358195
GSE199219,CID4664,CTSC,0.893775098298743
GSE199219,CID4664,CHORDC1,0.884086800722014
GSE199219,CID4664,TAF1D,0.797247777641169
GSE199219,CID4664,BIRC3,1.0574641716705815
GSE199219,CID4664,CARD16,0.7789568152307057
GSE199219,CID4664,ATM,0.7259560473139481
GSE199219,CID4664,NCAM1,0.11213558194436736
GSE199219,CID4664,PCSK7,0.7134711095626798
GSE199219,CID4664,IL10RA,0.7167546302451139
GSE199219,CID4664,CD3E,0.8573166029434041
GSE199219,CID4664,CD3D,0.9122435693202283
GSE199219,CID4664,CD3G,0.8688977065339825
GSE199219,CID4664,ATP5MG,0.7789024862769369
GSE199219,CID4664,KMT2A,0.7241615912601732
GSE199219,CID4664,RPS25,0.7303578441302748
GSE199219,CID4664,H2AFX,0.7956591601868525
GSE199219,CID4664,HSPA8,1.0479384962686322
GSE199219,CID4664,ETS1,0.8657478820050103
GSE199219,CID4664,IDI1,0.8297388156140988
GSE199219,CID4664,KLF6,1.1414710857221295
GSE199219,CID4664,CELF2,0.8386913691951297
GSE199219,CID4664,OPTN,0.7313822139504136
GSE199219,CID4664,FAM107B,0.9653670109988252
GSE199219,CID4664,VIM,1.098172925822269
GSE199219,CID4664,APBB1IP,0.6985168248713182
GSE199219,CID4664,YME1L1,0.7505054042243737
GSE199219,CID4664,KIF5B,0.7265903724765206
GSE199219,CID4664,EPC1,0.7874892488101727
GSE199219,CID4664,ITGB1,0.8422762264323186
GSE199219,CID4664,CREM,1.2780906725571128
GSE199219,CID4664,HNRNPF,0.7882023244953095
GSE199219,CID4664,ARID5B,1.0559104684484002
GSE199219,CID4664,JMJD1C,0.8148023810634848
GSE199219,CID4664,HNRNPH3,0.7361648978522691
GSE199219,CID4664,DDX21,0.7231145983593247
GSE199219,CID4664,SRGN,0.938408024762932
GSE199219,CID4664,PPA1,0.6952416303425434
GSE199219,CID4664,SPOCK2,0.8563378572211895
GSE199219,CID4664,ANAPC16,0.8019155904233592
GSE199219,CID4664,DDIT4,1.0293701949073246
GSE199219,CID4664,VDAC2,0.6927207688516308
GSE199219,CID4664,PGAM1,0.7464362847261414
GSE199219,CID4664,NDUFB8,0.7349856968584361
GSE199219,CID4664,DUSP5,0.7956444256635153
GSE199219,CID4664,PDCD4,0.8750124700574416
GSE199219,CID4664,EIF3A,0.7656545866152816
GSE199219,CID4664,RGS10,0.757063499957142
GSE199219,CID4664,BUB3,0.7128775033410313
GSE199219,CID4664,WNK1,0.7202173899912054
GSE199219,CID4664,CCND2,0.7337457160299636
GSE199219,CID4664,CD27,0.8283650123301821
GSE199219,CID4664,GAPDH,0.9923504653242686
GSE199219,CID4664,CD4,0.5523005413019059
GSE199219,CID4664,TPI1,0.8720523195599695
GSE199219,CID4664,C12orf57,0.8379114058174962
GSE199219,CID4664,SLC2A3,0.9578293133542434
GSE199219,CID4664,KLRB1,0.9780088759878853
GSE199219,CID4664,CLEC2D,0.9298605590731355
GSE199219,CID4664,CD69,1.3010848733304616
GSE199219,CID4664,CLEC2B,1.0638731386887028
GSE199219,CID4664,GABARAPL1,0.7315388542267192
GSE199219,CID4664,KLRD1,0.805727449627165
GSE199219,CID4664,CDKN1B,0.7721955538993716
GSE199219,CID4664,ATF7IP,0.6968836879536167
GSE199219,CID4664,ARHGDIB,0.8804181739075919
GSE199219,CID4664,LDHB,0.8511181146101728
GSE199219,CID4664,FGFR1OP2,0.7300971110667321
GSE199219,CID4664,KIAA1551,0.892682022776853
GSE199219,CID4664,SCAF11,0.7850551158340041
GSE199219,CID4664,SLC38A1,0.7493575222673851
GSE199219,CID4664,SLC38A2,0.9091756865349605
GSE199219,CID4664,TUBA1B,1.0111388280269549
GSE199219,CID4664,TUBA1A,1.0220854259596825
GSE199219,CID4664,TUBA1C,0.7140898236822337
GSE199219,CID4664,TMBIM6,0.8365200872149056
GSE199219,CID4664,LIMA1,0.4198421053752546
GSE199219,CID4664,DAZAP2,0.7431597660091407
GSE199219,CID4664,NR4A1,0.9126916143776812
GSE199219,CID4664,EIF4B,0.7237424297524139
GSE199219,CID4664,PFDN5,0.8100400567585524
GSE199219,CID4664,PRR13,0.6928678454340517
GSE199219,CID4664,PCBP2,0.7971549338079056
GSE199219,CID4664,ATP5MC2,0.7014198645887076
GSE199219,CID4664,HNRNPA1,0.8358319144202918
GSE199219,CID4664,BLOC1S1,0.720522907763716
GSE199219,CID4664,CD63,0.8476178047999526
GSE199219,CID4664,RPS26,0.9689165718390661
GSE199219,CID4664,RPL41,0.7299578995391001
GSE199219,CID4664,MYL6,0.9388660632108908
GSE199219,CID4664,PTGES3,0.8999299251828665
GSE199219,CID4664,NACA,0.7742413804540627
GSE199219,CID4664,USP15,0.7770637029273497
GSE199219,CID4664,IFNG,1.2431492020960278
GSE199219,CID4664,RAP1B,0.7630178148202352
GSE199219,CID4664,GLIPR1,0.7716633704426301
GSE199219,CID4664,PHLDA1,0.9571624758475806
GSE199219,CID4664,NAP1L1,0.848203275517024
GSE199219,CID4664,PPP1R12A,0.7485948805649165
GSE199219,CID4664,ATP2B1,0.7429254464188408
GSE199219,CID4664,BTG1,0.7932564251626205
GSE199219,CID4664,SLC25A3,0.8720785134602357
GSE199219,CID4664,HSP90B1,0.7986659100986727
GSE199219,CID4664,C12orf75,0.7006444061585779
GSE199219,CID4664,ISCU,0.7417132601613932
GSE199219,CID4664,ARPC3,0.8869219699221425
GSE199219,CID4664,ERP29,0.7747757227658811
GSE199219,CID4664,RPL6,0.7330408658994477
GSE199219,CID4664,PEBP1,0.7286975297589621
GSE199219,CID4664,RPLP0,0.8620198078857002
GSE199219,CID4664,COX6A1,0.7960241123261902
GSE199219,CID4664,SRSF9,0.7316434768945417
GSE199219,CID4664,DYNLL1,0.9956268431224035
GSE199219,CID4664,OASL,0.7124692843043158
GSE199219,CID4664,RSRC2,0.8529549751343313
GSE199219,CID4664,VPS37B,0.755131387928208
GSE199219,CID4664,ARL6IP4,0.7701314349942159
GSE199219,CID4664,RILPL2,0.7474735949545608
GSE199219,CID4664,UBC,0.9003593997452329
GSE199219,CID4664,RAN,0.8602870138291224
GSE199219,CID4664,MPHOSPH8,0.749043111917251
GSE199219,CID4664,SAP18,0.9207907681310122
GSE199219,CID4664,RPL21,0.7752750843527683
GSE199219,CID4664,GTF3A,0.7431537357529925
GSE199219,CID4664,POLR1D,0.6961944563534563
GSE199219,CID4664,POMP,0.7568577830700008
GSE199219,CID4664,HMGB1,0.9173720683338176
GSE199219,CID4664,ALOX5AP,0.8698343582799285
GSE199219,CID4664,HSPH1,1.2998930397484592
GSE199219,CID4664,N4BP2L2,0.8727918314029951
GSE199219,CID4664,ELF1,0.941934650345024
GSE199219,CID4664,RGCC,1.3125438149444448
GSE199219,CID4664,EPSTI1,0.7339883066455103
GSE199219,CID4664,LCP1,0.8946654582821161
GSE199219,CID4664,ITM2B,0.8381587494603951
GSE199219,CID4664,INTS6,0.9249420536782071
GSE199219,CID4664,COMMD6,0.8585054191249446
GSE199219,CID4664,MYCBP2,0.7296930635707638
GSE199219,CID4664,GPR183,1.023856376851719
GSE199219,CID4664,ARGLU1,0.8277496005476208
GSE199219,CID4664,PNP,0.6924384200079345
GSE199219,CID4664,HNRNPC,0.8391591581552015
GSE199219,CID4664,TRAC,0.9901602701590152
GSE199219,CID4664,DAD1,0.7587805244988869
GSE199219,CID4664,PSME1,0.8530653107195717
GSE199219,CID4664,PSME2,0.8737853881556584
GSE199219,CID4664,CHMP4A,0.7152777223423632
GSE199219,CID4664,NEDD8,0.7463170451246314
GSE199219,CID4664,GZMH,0.7881130130416041
GSE199219,CID4664,GZMB,0.7850716720342499
GSE199219,CID4664,BAZ1A,0.7449196094113054
GSE199219,CID4664,FAM177A1,0.8515289035349458
GSE199219,CID4664,NFKBIA,1.1634623946953182
GSE199219,CID4664,RALGAPA1,0.7677350809178877
GSE199219,CID4664,PNN,0.789973909273152
GSE199219,CID4664,RPS29,0.8368522373814307
GSE199219,CID4664,RPL36AL,0.8421428773178045
GSE199219,CID4664,ARF6,0.8056209302800994
GSE199219,CID4664,GNG2,0.761624636473463
GSE199219,CID4664,LGALS3,0.6968922648421605
GSE199219,CID4664,KTN1,0.7592441544002375
GSE199219,CID4664,SYNE2,0.9307778347396556
GSE199219,CID4664,ZBTB1,0.7092870824711619
GSE199219,CID4664,ZFP36L1,1.0236750380115296
GSE199219,CID4664,SRSF5,0.8643732101450091
GSE199219,CID4664,RBM25,0.8277149362550902
GSE199219,CID4664,FOS,1.445279714082304
GSE199219,CID4664,BATF,0.9649345743902459
GSE199219,CID4664,AHSA1,0.8226926569163
GSE199219,CID4664,CALM1,0.8849110109152438
GSE199219,CID4664,DDX24,0.8860522388168064
GSE199219,CID4664,PAPOLA,0.7484163433999115
GSE199219,CID4664,BCL11B,0.6940850875543889
GSE199219,CID4664,EVL,0.9041878716199763
GSE199219,CID4664,PPP2R5C,0.9517445708505715
GSE199219,CID4664,HSP90AA1,1.200010371612905
GSE199219,CID4664,EIF5,0.9264005272934376
GSE199219,CID4664,CRIP1,0.7758356299235873
GSE199219,CID4664,SRP14,0.8627397412412399
GSE199219,CID4664,PDIA3,0.7657434133586417
GSE199219,CID4664,SERF2,0.8440597930793217
GSE199219,CID4664,EID1,0.7104143584278503
GSE199219,CID4664,GABPB1,0.7002058225461908
GSE199219,CID4664,GABPB1-AS1,0.7100863329625041
GSE199219,CID4664,RSL24D1,0.7270482624680739
GSE199219,CID4664,SLTM,0.7119907669598643
GSE199219,CID4664,ANXA2,0.7789016214542918
GSE199219,CID4664,RORA,0.9347010007456126
GSE199219,CID4664,RPS27L,0.8976773490062812
GSE199219,CID4664,PPIB,0.8003068369304704
GSE199219,CID4664,RPL4,0.8424331785055752
GSE199219,CID4664,PKM,0.8472913111383382
GSE199219,CID4664,ARIH1,0.7488392718304835
GSE199219,CID4664,COX5A,0.7012234227059381
GSE199219,CID4664,MORF4L1,0.8068664128720877
GSE199219,CID4664,RPS17,0.8480254564695286
GSE199219,CID4664,SEC11A,0.7289462491751064
GSE199219,CID4664,AKAP13,0.8457071709635721
GSE199219,CID4664,ISG20,0.9382525081207468
GSE199219,CID4664,CIB1,0.8291129048929902
GSE199219,CID4664,IQGAP1,0.8187551594727669
GSE199219,CID4664,CHD2,0.8135191103034153
GSE199219,CID4664,UBE2I,0.701758417844129
GSE199219,CID4664,RNPS1,0.6983118881780325
GSE199219,CID4664,SRRM2,0.8218781962038426
GSE199219,CID4664,IL32,1.1105561709885796
GSE199219,CID4664,SOCS1,0.9089544836142122
GSE199219,CID4664,LITAF,0.8620419307010538
GSE199219,CID4664,GSPT1,0.7731724333327751
GSE199219,CID4664,RPS15A,0.704610461728029
GSE199219,CID4664,ARL6IP1,0.796470690896132
GSE199219,CID4664,SMG1,0.6956257616278236
GSE199219,CID4664,RBBP6,0.7010601879479584
GSE199219,CID4664,CD19,0.022166293178537667
GSE199219,CID4664,LAT,0.7443107380874509
GSE199219,CID4664,ALDOA,0.8555873854410462
GSE199219,CID4664,CORO1A,0.9119792094622007
GSE199219,CID4664,FUS,0.9132746839224326
GSE199219,CID4664,CYLD,0.7468198072299188
GSE199219,CID4664,MT2A,1.0597507541309936
GSE199219,CID4664,HERPUD1,0.9703656865308948
GSE199219,CID4664,CKLF,0.8838519997878768
GSE199219,CID4664,FAM96B,0.6943073050596786
GSE199219,CID4664,GABARAPL2,0.7016019347215088
GSE199219,CID4664,TERF2IP,0.7724546665530223
GSE199219,CID4664,MAF,0.7771758795732497
GSE199219,CID4664,COTL1,0.9795788723606118
GSE199219,CID4664,COX4I1,0.847477706385197
GSE199219,CID4664,MAP1LC3B,0.8417288607867855
GSE199219,CID4664,CYBA,0.8867756530922192
GSE199219,CID4664,APRT,0.794044717117731
GSE199219,CID4664,ANKRD11,0.7972973212425258
GSE199219,CID4664,TCF25,0.74392344516073
GSE199219,CID4664,ITGAE,0.5476841487930805
GSE199219,CID4664,PFN1,0.952945946034556
GSE199219,CID4664,EIF5A,0.725126749271398
GSE199219,CID4664,ACAP1,0.8472733681412892
GSE199219,CID4664,POLR2A,0.7181490530071127
GSE199219,CID4664,EIF4A1,0.7935790340961727
GSE199219,CID4664,KDM6B,0.8742594989582663
GSE199219,CID4664,VAMP2,0.7813850921281874
GSE199219,CID4664,RPL26,0.728578905264272
GSE199219,CID4664,NCOR1,0.7369965712844033
GSE199219,CID4664,UBB,0.945313497620625
GSE199219,CID4664,WSB1,0.833073763293281
GSE199219,CID4664,RPL23A,0.7501919207975508
GSE199219,CID4664,NUFIP2,0.73607266877663
GSE199219,CID4664,EVI2B,0.7558744723341567
GSE199219,CID4664,ZNF207,0.7286145315497985
GSE199219,CID4664,SLFN5,0.7311814530979374
GSE199219,CID4664,CCL5,1.521880663546805
GSE199219,CID4664,CCL3,0.8160953560945502
GSE199219,CID4664,CCL4,1.7991380229806293
GSE199219,CID4664,CCL4L2,1.344727801385906
GSE199219,CID4664,PSMB3,0.7043565624071991
GSE199219,CID4664,RPL23,0.8737860289701804
GSE199219,CID4664,RPL19,0.69059778179073
GSE199219,CID4664,ERBB2,0.1607067292536471
GSE199219,CID4664,CCR7,0.8618453980118174
GSE199219,CID4664,KRT10,0.7088040386245212
GSE199219,CID4664,EIF1,0.7077961154661319
GSE199219,CID4664,STAT3,0.8861496861058821
GSE199219,CID4664,RPL27,0.8213718059547617
GSE199219,CID4664,HEXIM1,0.7147301318429976
GSE199219,CID4664,FMNL1,0.7241201385450016
GSE199219,CID4664,SKAP1,0.7372976528248022
GSE199219,CID4664,LUC7L3,0.793101364130122
GSE199219,CID4664,TOB1,0.8530372643216753
GSE199219,CID4664,VMP1,0.9153772931546337
GSE199219,CID4664,LIMD2,0.8395948452298594
GSE199219,CID4664,DDX5,0.7732314399969723
GSE199219,CID4664,BPTF,0.7559572669183
GSE199219,CID4664,KPNA2,0.7472215700712973
GSE199219,CID4664,RPL38,0.8512979221044563
GSE199219,CID4664,FDXR,0.2610895353418282
GSE199219,CID4664,SUMO2,0.8761201915101242
GSE199219,CID4664,H3F3B,0.7738350757518596
GSE199219,CID4664,UBALD2,0.7544515307446054
GSE199219,CID4664,SRSF2,0.9153641094794901
GSE199219,CID4664,SEPT9,0.7134306156665526
GSE199219,CID4664,SOCS3,0.8489944559710232
GSE199219,CID4664,EIF4A3,0.9730043559826933
GSE199219,CID4664,RNF213,0.8944360004363475
GSE199219,CID4664,ACTG1,0.9379801289376759
GSE199219,CID4664,CD7,1.0147915332000275
GSE199219,CID4664,METRNL,0.8764823885482254
GSE199219,CID4664,SMCHD1,0.8683068101757605
GSE199219,CID4664,MYL12A,0.9557392290121101
GSE199219,CID4664,MYL12B,0.8997865575490316
GSE199219,CID4664,NDUFV2,0.7751532438837984
GSE199219,CID4664,ANKRD12,0.9461715334854633
GSE199219,CID4664,VAPA,0.7001903273790159
GSE199219,CID4664,CHMP1B,0.8389209051516148
GSE199219,CID4664,LDLRAD4,0.7707450743961533
GSE199219,CID4664,ROCK1,0.7409825091660069
GSE199219,CID4664,RPL17,0.7509095664385058
GSE199219,CID4664,PMAIP1,1.0060589494560832
GSE199219,CID4664,MBP,0.7239747763867478
GSE199219,CID4664,FKBP1A,0.7414618349889102
GSE199219,CID4664,SNRPB,0.7871143321213627
GSE199219,CID4664,NOP56,0.7350899600675549
GSE199219,CID4664,PRNP,0.7534125428229749
GSE199219,CID4664,CST7,0.9715337338626375
GSE199219,CID4664,RBM39,0.8401946267894148
GSE199219,CID4664,TOP1,0.7827787353740588
GSE199219,CID4664,YWHAB,0.8951620289400527
GSE199219,CID4664,STK4,0.9123987844373396
GSE199219,CID4664,ZFAS1,0.8955937544667437
GSE199219,CID4664,CEBPB,0.8420385489098268
GSE199219,CID4664,GNAS,0.8688425782582664
GSE199219,CID4664,ATP5F1E,1.0234444992637093
GSE199219,CID4664,PSMA7,0.8418873889463082
GSE199219,CID4664,RPS21,0.8228776616696919
GSE199219,CID4664,PPDPF,0.8710294698989309
GSE199219,CID4664,GZMM,0.7435765153571788
GSE199219,CID4664,PTBP1,0.717823994253865
GSE199219,CID4664,GPX4,0.7881180109406261
GSE199219,CID4664,MIDN,0.7560111234392295
GSE199219,CID4664,CIRBP,0.8549829142834363
GSE199219,CID4664,UQCR11,0.7859143291702698
GSE199219,CID4664,ABHD17A,0.7182471103999799
GSE199219,CID4664,MKNK2,0.7525237291239135
GSE199219,CID4664,OAZ1,0.8288431552575168
GSE199219,CID4664,GADD45B,1.1233861454909704
GSE199219,CID4664,AES,0.814143807064241
GSE199219,CID4664,EEF2,0.8519176777107245
GSE199219,CID4664,RPL36,0.8830305268675265
GSE199219,CID4664,NDUFA11,0.692769433240597
GSE199219,CID4664,TNFSF9,0.741734672736073
GSE199219,CID4664,RPS28,0.7656382280646167
GSE199219,CID4664,HNRNPM,0.7438669000608793
GSE199219,CID4664,UBL5,0.8204172125894662
GSE199219,CID4664,EIF3G,0.767495164551779
GSE199219,CID4664,ICAM3,0.7549595071156272
GSE199219,CID4664,CDC37,0.7187809198872003
GSE199219,CID4664,WDR83OS,0.7042971452471259
GSE199219,CID4664,JUNB,1.221363978381005
GSE199219,CID4664,PRDX2,0.7092392636798158
GSE199219,CID4664,CALR,0.9023695202874927
GSE199219,CID4664,IER2,1.0731696917469515
GSE199219,CID4664,C19orf53,0.722768607838497
GSE199219,CID4664,ADGRE5,0.8745377370211804
GSE199219,CID4664,DNAJB1,1.2877932336691196
GSE199219,CID4664,TPM4,0.7154357490392209
GSE199219,CID4664,KLF2,1.2271434620996293
GSE199219,CID4664,BST2,0.7999878016131482
GSE199219,CID4664,RPL18A,0.7167227291529287
GSE199219,CID4664,JUND,1.1982149426579898
GSE199219,CID4664,UBA52,0.7886652011070849
GSE199219,CID4664,COPE,0.7445495586113529
GSE199219,CID4664,NDUFA13,0.6925734635031786
GSE199219,CID4664,FXYD5,0.8551120592836945
GSE199219,CID4664,COX6B1,0.7971371441471461
GSE199219,CID4664,HCST,1.004355809339231
GSE199219,CID4664,PSMD8,0.7231153232753982
GSE199219,CID4664,EIF3K,0.814071005378982
GSE199219,CID4664,ACTN4,0.7235809547835163
GSE199219,CID4664,GMFG,0.8629274385208117
GSE199219,CID4664,ZFP36,1.1839298762093577
GSE199219,CID4664,RPS16,0.733642759839013
GSE199219,CID4664,SERTAD1,0.9272888267078949
GSE199219,CID4664,TGFB1,0.9041057413253324
GSE199219,CID4664,RPS19,0.7148618031185668
GSE199219,CID4664,ARHGEF1,0.7753725972950097
GSE199219,CID4664,RABAC1,0.7402570500430925
GSE199219,CID4664,DEDD2,0.796028763106679
GSE199219,CID4664,FOSB,1.1784448594810175
GSE199219,CID4664,SNRPD2,0.7699103180977537
GSE199219,CID4664,CALM3,0.7818408378253031
GSE199219,CID4664,EMP3,0.8474379372200795
GSE199219,CID4664,RPL18,0.7365926072658029
GSE199219,CID4664,PPP1R15A,1.0322037934708972
GSE199219,CID4664,BAX,0.789331602595019
GSE199219,CID4664,FTL,0.8596032637778087
GSE199219,CID4664,CD37,0.8239014593557588
GSE199219,CID4664,RPL13A,0.7361321815020496
GSE199219,CID4664,RPS11,0.792349765051011
GSE199219,CID4664,NKG7,1.252144881538878
GSE199219,CID4664,ZNF331,1.1445856937894985
GSE199219,CID4664,MYADM,1.0072797777269304
GSE199219,CID4664,RPS9,0.7691708324077984
GSE199219,CID4664,UBE2S,1.0960267240790276
GSE199219,CID4664,RPS5,0.8069921762582805
GSE199219,CID4664,XBP1,0.7757029648493398
GSE199219,CID4664,UQCR10,0.7593953797854157
GSE199219,CID4664,PIK3IP1,0.8477828536347151
GSE199219,CID4664,MYH9,0.7763956051302245
GSE199219,CID4664,RAC2,0.8870027863112276
GSE199219,CID4664,LGALS1,1.0735008020129992
GSE199219,CID4664,DDX17,0.8528602243514929
GSE199219,CID4664,APOBEC3G,0.9057605244842147
GSE199219,CID4664,RPL3,0.7414081119836773
GSE199219,CID4664,ATF4,0.7718635355364268
GSE199219,CID4664,TNRC6B,0.7329713382867923
GSE199219,CID4664,ST13,0.7496323811482494
GSE199219,CID4664,RBX1,0.7067081911147991
GSE199219,CID4664,XRCC6,0.6951109675243389
GSE199219,CID4664,SNU13,0.7442637311405645
GSE199219,CID4664,TSPO,0.7895156263119559
GSE199219,CID4664,PIM3,0.8163428547714352
GSE199219,CID4664,TYMP,0.8807417266073894
GSE199219,CID4664,SAMSN1,1.0736342435300883
GSE199219,CID4664,BTG3,0.7606404161841989
GSE199219,CID4664,SOD1,0.9709785817300479
GSE199219,CID4664,SON,0.839308756796492
GSE199219,CID4664,MRPS6,0.7845967129584671
GSE199219,CID4664,SLC5A3,0.7726533497755373
GSE199219,CID4664,HMGN1,0.8741091934558932
GSE199219,CID4664,ABCG1,0.3991386690568003
GSE199219,CID4664,CSTB,0.7715960788119174
GSE199219,CID4664,ITGB2,0.832484413753669
GSE199219,CID4664,MT-ND2,0.7562798173349422
GSE199219,CID4664,MT-ATP8,0.7468370211348714
GSE199219,CID4664,MT-ND3,0.7416775127383776
GSE199219,CID4664,MT-ND4L,0.9109126883545017
GSE199219,CID4664,MT-ND5,0.825448626913574
GSE199219,CID4664,mm10---mt-Atp6,1.0490215399022615
GSE199219,CID4664,mm10---mt-Co3,1.0287587839366021
GSE199219,CID4664,mm10---mt-Co2,0.9576027510742199
GSE199219,CID4664,mm10---mt-Cytb,0.8437969613969915
GSE199219,CID4664,mm10---mt-Co1,0.8539581495624496
GSE199219,CID4664,mm10---mt-Nd1,0.7476635144744144
GSE199219,CID4664,mm10---Gm42418,1.0151504776635842
GSE199219,CID4664,mm10---mt-Nd2,0.7572766837647228
GSE199219,CID4664,mm10---mt-Nd4,0.7700819387285825
GSE199219,CID4664,ATPIF1,0.7231392212416886
GSE199219,CID4664,FAM46C,0.8156864124556182
GSE199219,CID4664,LINC00152,0.8196641730359224
GSE199219,CID4664,GPX1,0.7302485977530999
GSE199219,CID4664,SELK,1.030285047767941
GSE199219,CID4664,FYB,0.9241238260387344
GSE199219,CID4664,GNB2L1,1.2021162969058794
GSE199219,CID4664,RP11-138A9.1,0.8301554825726432
GSE199219,CID4664,RP11-138A9.2,0.734569100627218
GSE199219,CID4664,LINC-PINT,0.8869808415501258
GSE199219,CID4664,WHSC1L1,0.8121987164865342
GSE199219,CID4664,TMEM2,0.7590567390538391
GSE199219,CID4664,ATP5L,0.960037592529671
GSE199219,CID4664,USMG5,0.7317287805602659
GSE199219,CID4664,ATP5G2,0.8987089970146077
GSE199219,CID4664,ATP5B,0.725239580000982
GSE199219,CID4664,CCDC64,0.7801536324267915
GSE199219,CID4664,C14orf166,0.7038059480089257
GSE199219,CID4664,TCEB2,0.7506662122928761
GSE199219,CID4664,HN1,0.804972065728581
GSE199219,CID4664,ATP5E,1.1080604582982951
GSE199219,CID4664,ATP5D,0.7108993222866145
GSE199219,CID4664,C19orf43,0.8327352429286692
GSE199219,CID4664,CTD-3252C9.4,0.9012377452442736
GSE199219,CID4664,GLTSCR2,0.8919787002231833
GSE199219,CID4664,SEPW1,0.7127783447315273
GSE267552,BC07,ISG15,0.8666615223961379
GSE267552,BC07,SSU72,0.7702604938033324
GSE267552,BC07,GNB1,0.8099919948460876
GSE267552,BC07,RPL22,0.9046583925686502
GSE267552,BC07,PARK7,0.941100965979626
GSE267552,BC07,ENO1,0.8947164655065959
GSE267552,BC07,EFHD2,0.7962467515099844
GSE267552,BC07,CAPZB,0.9598869054971179
GSE267552,BC07,MICOS10,0.8616133163002734
GSE267552,BC07,HP1BP3,0.8967177486515032
GSE267552,BC07,CDC42,0.9687631771839167
GSE267552,BC07,PNRC2,0.7714902983901052
GSE267552,BC07,SRSF10,0.8484374503250148
GSE267552,BC07,SRRM1,0.9274384825241122
GSE267552,BC07,RUNX3,0.8412311703165357
GSE267552,BC07,SYF2,0.7987238505758542
GSE267552,BC07,RSRP1,0.9552884616092328
GSE267552,BC07,TMEM50A,0.8883049512947458
GSE267552,BC07,SH3BGRL3,0.9124870457575647
GSE267552,BC07,CD52,1.0731792966835305
GSE267552,BC07,ZNF683,0.9928443897874929
GSE267552,BC07,HMGN2,0.9850571217847384
GSE267552,BC07,IFI6,0.813808915832324
GSE267552,BC07,DNAJC8,0.7812379705648419
GSE267552,BC07,ATP5IF1,0.9350286306833036
GSE267552,BC07,AL137857.1,0.8002732848212725
GSE267552,BC07,LAPTM5,0.9917135038014808
GSE267552,BC07,PTP4A2,0.9816650901822208
GSE267552,BC07,KHDRBS1,0.8937169495087911
GSE267552,BC07,LCK,0.9795991103779165
GSE267552,BC07,SFPQ,0.9757526252415902
GSE267552,BC07,THRAP3,0.8119143107241656
GSE267552,BC07,NDUFS5,0.9614140762484067
GSE267552,BC07,MACF1,0.8070536873042982
GSE267552,BC07,CAP1,0.9415846481135477
GSE267552,BC07,SMAP2,0.9108868772805043
GSE267552,BC07,YBX1,0.9749945810926114
GSE267552,BC07,PRDX1,0.8479925074645513
GSE267552,BC07,UQCRH,0.9086916483147449
GSE267552,BC07,EPS15,0.7746818108271867
GSE267552,BC07,TUT4,0.7750380364965667
GSE267552,BC07,TMEM59,0.8889173775244437
GSE267552,BC07,DHCR24,0.07469215282669726
GSE267552,BC07,JUN,1.502012034936227
GSE267552,BC07,JAK1,0.9784590427472896
GSE267552,BC07,PDE4B,0.890493367380619
GSE267552,BC07,MIER1,0.7703405013263759
GSE267552,BC07,SERBP1,0.8643448056641666
GSE267552,BC07,SRSF11,0.8774820069657686
GSE267552,BC07,ZRANB2,0.7735925343533123
GSE267552,BC07,DNAJB4,0.8797875594496215
GSE267552,BC07,PRKACB,0.8040062446882963
GSE267552,BC07,GNG5,0.911945598965964
GSE267552,BC07,GTF2B,0.8117522408255369
GSE267552,BC07,GBP2,0.7785700627085507
GSE267552,BC07,GBP5,0.8757633902092375
GSE267552,BC07,RPL5,0.8680856644539398
GSE267552,BC07,PRPF38B,0.7966176079457501
GSE267552,BC07,PSMA5,0.7775839550865465
GSE267552,BC07,CD53,0.981678195956406
GSE267552,BC07,DENND2D,0.8303010683627319
GSE267552,BC07,ATP5PB,0.7743085565924723
GSE267552,BC07,RAP1A,0.8043691100875897
GSE267552,BC07,CSDE1,0.9005755440625215
GSE267552,BC07,CD2,1.0234940168983184
GSE267552,BC07,TENT5C,0.8589407969297831
GSE267552,BC07,HMGCS2,1.0
GSE267552,BC07,RBM8A,0.937939523357487
GSE267552,BC07,TXNIP,1.0357783473042663
GSE267552,BC07,LINC01138,0.94715867497167
GSE267552,BC07,MRPS21,0.8394215651428119
GSE267552,BC07,MCL1,1.1048876481024372
GSE267552,BC07,ENSA,0.808536485618074
GSE267552,BC07,CDC42SE1,0.8097264127593031
GSE267552,BC07,S100A10,1.0896329451627444
GSE267552,BC07,S100A11,1.0620051287088732
GSE267552,BC07,S100A6,1.0729993706138072
GSE267552,BC07,S100A4,1.2513085580514203
GSE267552,BC07,TPM3,0.9970377925339678
GSE267552,BC07,ADAR,0.8410313996268315
GSE267552,BC07,KRTCAP2,0.9515027759353728
GSE267552,BC07,FDPS,0.5223094121781
GSE267552,BC07,SSR2,0.9562695089615972
GSE267552,BC07,SH2D2A,0.8967549449207939
GSE267552,BC07,PYHIN1,0.8373173712357447
GSE267552,BC07,IFI16,0.9393113677272121
GSE267552,BC07,TAGLN2,1.0583765596906025
GSE267552,BC07,CD48,0.9763416929405307
GSE267552,BC07,TSTD1,0.8231685992941012
GSE267552,BC07,ARHGAP30,0.7687226339148681
GSE267552,BC07,HSPA6,1.2552180297458677
GSE267552,BC07,HSD17B7,0.38691174690538627
GSE267552,BC07,CD247,0.8898542996116893
GSE267552,BC07,RCSD1,0.801627017076358
GSE267552,BC07,XCL2,0.9929818939257424
GSE267552,BC07,XCL1,0.8750568061796036
GSE267552,BC07,SELL,0.8861520932288441
GSE267552,BC07,PRRC2C,0.9426517958818976
GSE267552,BC07,PRDX6,0.7739027680278823
GSE267552,BC07,GAS5,0.8371639435224378
GSE267552,BC07,RABGAP1L,0.784641568177239
GSE267552,BC07,CACYBP,0.8608681669709177
GSE267552,BC07,ARPC5,0.8814463867364157
GSE267552,BC07,TPR,0.8533437082311676
GSE267552,BC07,RGS1,1.290811928811686
GSE267552,BC07,RGS2,0.8056865894944227
GSE267552,BC07,PTPRC,0.8223809232940507
GSE267552,BC07,PTPN7,0.7697923050781659
GSE267552,BC07,BTG2,1.200537806528053
GSE267552,BC07,NUCKS1,0.8526254487135619
GSE267552,BC07,FCMR,0.8268851869428435
GSE267552,BC07,TRAF3IP3,0.816491375102527
GSE267552,BC07,ATF3,1.0628540459312137
GSE267552,BC07,CAPN2,0.7899371500549491
GSE267552,BC07,H3F3A,0.9932814178841275
GSE267552,BC07,ARF1,0.916812667129921
GSE267552,BC07,GUK1,0.9586989861249213
GSE267552,BC07,TOMM20,0.8063981666322835
GSE267552,BC07,ARID4B,0.8318287140454846
GSE267552,BC07,LYST,0.8726112924154412
GSE267552,BC07,HNRNPU,0.9993505486384985
GSE267552,BC07,LINC01871,0.9025410312621479
GSE267552,BC07,ID2,1.0673864900845378
GSE267552,BC07,YWHAQ,0.8718185296721425
GSE267552,BC07,ODC1,0.7793818666666892
GSE267552,BC07,PDIA6,0.7912507933642108
GSE267552,BC07,RHOB,0.8811355137019636
GSE267552,BC07,OST4,0.970879350208636
GSE267552,BC07,YPEL5,0.96289006703735
GSE267552,BC07,LBH,0.9071013410234565
GSE267552,BC07,HNRNPLL,0.771106191309936
GSE267552,BC07,SRSF7,1.0758993650035833
GSE267552,BC07,EML4,0.942658030127429
GSE267552,BC07,ZFP36L2,1.0703995235958084
GSE267552,BC07,CALM2,1.0046589575928562
GSE267552,BC07,EPCAM,1.0
GSE267552,BC07,REL,0.8666346869910612
GSE267552,BC07,CCT4,0.8269817560092855
GSE267552,BC07,ACTR2,0.9136410778358356
GSE267552,BC07,AAK1,0.7793620312315018
GSE267552,BC07,PCBP1,0.941372822914259
GSE267552,BC07,SNRPG,0.8328542968240811
GSE267552,BC07,MOB1A,0.7898046799248193
GSE267552,BC07,TMSB10,0.8093586958576657
GSE267552,BC07,VAMP8,0.8597059922032687
GSE267552,BC07,GNLY,1.240716086079218
GSE267552,BC07,CD8A,1.0273417491611434
GSE267552,BC07,CD8B,1.126034927920442
GSE267552,BC07,CYTOR,1.004432657608585
GSE267552,BC07,DUSP2,1.443858757121129
GSE267552,BC07,COX5B,0.9466326293607332
GSE267552,BC07,ZAP70,0.8381289474364899
GSE267552,BC07,MGAT4A,0.7716770943844256
GSE267552,BC07,EIF5B,0.7820798882141973
GSE267552,BC07,RPL31,0.9721790020282343
GSE267552,BC07,GCC2,0.8750114988987404
GSE267552,BC07,RANBP2,0.7730312505892264
GSE267552,BC07,ACTR3,0.9353374919561026
GSE267552,BC07,DDX18,0.8338332457929835
GSE267552,BC07,DBI,0.8521111553709743
GSE267552,BC07,GYPC,0.9651564236191993
GSE267552,BC07,MZT2B,0.9350283833962427
GSE267552,BC07,MZT2A,0.7707792769121112
GSE267552,BC07,UBXN4,0.9059789850634608
GSE267552,BC07,CXCR4,1.1437957877140863
GSE267552,BC07,ARHGAP15,0.7839109180550156
GSE267552,BC07,PRPF40A,0.7772312153719697
GSE267552,BC07,NR4A2,1.0672671294326506
GSE267552,BC07,CYTIP,1.019341981168398
GSE267552,BC07,PPIG,0.7696820135721143
GSE267552,BC07,WIPF1,0.9857282691710116
GSE267552,BC07,ATP5MC3,0.8897580522475521
GSE267552,BC07,HNRNPA3,0.9595834672189456
GSE267552,BC07,NFE2L2,0.7711548012495123
GSE267552,BC07,ITGA4,0.9660784575068062
GSE267552,BC07,GLS,0.8542620505937841
GSE267552,BC07,STAT1,1.0330939459639574
GSE267552,BC07,STK17B,1.0138736649976439
GSE267552,BC07,ANKRD44,0.8527917786825105
GSE267552,BC07,SF3B1,0.9176909066149463
GSE267552,BC07,HSPD1,1.1314099000097035
GSE267552,BC07,HSPE1,1.2528005978170038
GSE267552,BC07,BZW1,0.8897642085025549
GSE267552,BC07,CLK1,0.8846780753812314
GSE267552,BC07,CFLAR,0.8852262637434787
GSE267552,BC07,CTLA4,0.6379778969115567
GSE267552,BC07,EEF1B2,0.9865699648389759
GSE267552,BC07,XRCC5,0.8549715823063448
GSE267552,BC07,RPL37A,0.9357616708050115
GSE267552,BC07,ARPC2,0.9921063444408238
GSE267552,BC07,TUBA4A,1.0522505401651348
GSE267552,BC07,SP110,0.8333964017385443
GSE267552,BC07,SP100,0.9709249215712459
GSE267552,BC07,ITM2C,1.0966554586044182
GSE267552,BC07,NCL,0.9966413689553113
GSE267552,BC07,ARL4C,1.0263496308746254
GSE267552,BC07,LRRFIP1,0.8998853119012857
GSE267552,BC07,COPS9,0.8000006516771702
GSE267552,BC07,PDCD1,0.6925887677962019
GSE267552,BC07,ARPC4,0.8257553299620791
GSE267552,BC07,BRK1,0.8133967755932038
GSE267552,BC07,OXNAD1,0.8331846006581594
GSE267552,BC07,RPL15,0.918562783780785
GSE267552,BC07,EOMES,0.812703824055405
GSE267552,BC07,CMC1,0.8566501929076631
GSE267552,BC07,TGFBR2,0.8975266598606092
GSE267552,BC07,RPSA,0.9219479501706542
GSE267552,BC07,RPL14,0.7719070071843425
GSE267552,BC07,CXCR6,0.8468946964862948
GSE267552,BC07,TMA7,0.8837953288835201
GSE267552,BC07,SHISA5,0.8693275818884647
GSE267552,BC07,RHOA,0.9618975770066007
GSE267552,BC07,GNAI2,0.9443138107689029
GSE267552,BC07,RPL29,0.7948335104453614
GSE267552,BC07,SPCS1,0.8996707809065275
GSE267552,BC07,SELENOK,0.909833972466796
GSE267552,BC07,ARL6IP5,0.9817971032622719
GSE267552,BC07,CGGBP1,0.7949721641152655
GSE267552,BC07,CLDND1,1.0713117437083814
GSE267552,BC07,RPL24,0.7865479407231638
GSE267552,BC07,NFKBIZ,0.8304158994965455
GSE267552,BC07,CBLB,0.8167663178327706
GSE267552,BC07,TRAT1,0.8632291727955171
GSE267552,BC07,CD96,0.9824391789124137
GSE267552,BC07,TIGIT,0.9125867029515468
GSE267552,BC07,COX17,0.8069405078385146
GSE267552,BC07,NDUFB4,0.8243024414598807
GSE267552,BC07,HCLS1,0.9459829197204784
GSE267552,BC07,RPN1,0.7811374768346651
GSE267552,BC07,CNBP,0.9640872763015862
GSE267552,BC07,H1FX,1.1321961042095054
GSE267552,BC07,CDV3,0.887088764173121
GSE267552,BC07,ZBTB38,0.831361395234867
GSE267552,BC07,U2SURP,0.8051277202510315
GSE267552,BC07,GYG1,0.782219176778502
GSE267552,BC07,SERP1,0.940672619999575
GSE267552,BC07,MBNL1,0.9805845634244418
GSE267552,BC07,CCNL1,0.8113386090269871
GSE267552,BC07,SEC62,0.9090168710172243
GSE267552,BC07,RPL22L1,0.8651073557562986
GSE267552,BC07,TRA2B,0.9021341834143645
GSE267552,BC07,EIF4A2,0.9397447738484457
GSE267552,BC07,PPP1R2,0.9715120061983827
GSE267552,BC07,PAK2,0.8639929122451445
GSE267552,BC07,ATP5ME,0.951702994955654
GSE267552,BC07,LYAR,0.905840031512802
GSE267552,BC07,WDR1,0.8578493415775887
GSE267552,BC07,BOD1L1,0.7836211032409488
GSE267552,BC07,ARAP2,0.8633627952821585
GSE267552,BC07,RPL9,0.9194255418758698
GSE267552,BC07,RHOH,0.9477370991673899
GSE267552,BC07,OCIAD2,0.8626388125147417
GSE267552,BC07,HOPX,0.8005030576974971
GSE267552,BC07,YTHDC1,0.774947063784659
GSE267552,BC07,AREG,0.9051069799031863
GSE267552,BC07,G3BP2,0.8713802598756724
GSE267552,BC07,CCNI,0.9065901770610191
GSE267552,BC07,CXCL13,0.8229247314406849
GSE267552,BC07,HNRNPD,0.846220405872358
GSE267552,BC07,HNRNPDL,0.9886387260099508
GSE267552,BC07,H2AFZ,0.9689240708607898
GSE267552,BC07,UBE2D3,0.9645136476638253
GSE267552,BC07,SNHG8,0.9319682834951738
GSE267552,BC07,C4orf3,0.9111558056881116
GSE267552,BC07,ANXA5,0.8799470029861203
GSE267552,BC07,HMGB2,0.9476313930581348
GSE267552,BC07,SUB1,0.9672315748573793
GSE267552,BC07,IL7R,1.5009224625690099
GSE267552,BC07,FYB1,1.022487995027587
GSE267552,BC07,PTGER4,0.9609015479125331
GSE267552,BC07,PRKAA1,0.5464565857319944
GSE267552,BC07,EMB,0.9299336548760831
GSE267552,BC07,PARP8,0.9591222467534408
GSE267552,BC07,GZMK,1.5169651023640882
GSE267552,BC07,GZMA,1.2333188577115455
GSE267552,BC07,GPBP1,0.8267250579519901
GSE267552,BC07,KIF2A,0.8476704295107945
GSE267552,BC07,PIK3R1,1.0879241858376743
GSE267552,BC07,BTF3,0.9698334516671517
GSE267552,BC07,NSA2,0.8651564221410587
GSE267552,BC07,TBCA,0.8676802642308039
GSE267552,BC07,COX7C,0.9618306872006545
GSE267552,BC07,CCNH,1.02644475045471
GSE267552,BC07,CAST,0.9013870799926578
GSE267552,BC07,LNPEP,0.8096828949422679
GSE267552,BC07,REEP5,0.8685465711282766
GSE267552,BC07,TNFAIP8,0.8253322511224285
GSE267552,BC07,HINT1,1.0075562810668313
GSE267552,BC07,CDC42SE2,0.8492860641415587
GSE267552,BC07,C5orf56,0.8132619989128328
GSE267552,BC07,IRF1,1.054146746731162
GSE267552,BC07,UQCRQ,0.8707727822592187
GSE267552,BC07,TCF7,0.7948961292031457
GSE267552,BC07,SKP1,0.9566858057589587
GSE267552,BC07,UBE2B,0.7934088136934705
GSE267552,BC07,HNRNPA0,0.8271387445260004
GSE267552,BC07,EGR1,1.0051224437555708
GSE267552,BC07,MATR3,0.88116952510804
GSE267552,BC07,PAIP2,0.8339043124905698
GSE267552,BC07,UBE2D2,0.8946944988163653
GSE267552,BC07,CD14,0.04030717101588978
GSE267552,BC07,IK,0.7871166430369967
GSE267552,BC07,NDFIP1,0.8561472807093825
GSE267552,BC07,NR3C1,0.8433951333845388
GSE267552,BC07,CD74,1.2195982503037452
GSE267552,BC07,ANXA6,0.9445595428076249
GSE267552,BC07,ITK,0.8978069088897116
GSE267552,BC07,MAT2B,0.7721330728576329
GSE267552,BC07,LCP2,0.9750929924612631
GSE267552,BC07,NPM1,1.0007327986939014
GSE267552,BC07,DUSP1,1.6263556634396357
GSE267552,BC07,ATP6V0E1,0.9418769873528472
GSE267552,BC07,HIGD2A,0.9499571191118605
GSE267552,BC07,PRELID1,0.8023973758461472
GSE267552,BC07,CANX,0.8215469648279502
GSE267552,BC07,SQSTM1,1.0054767524007964
GSE267552,BC07,RACK1,0.8632174676017272
GSE267552,BC07,SERPINB9,0.7866087030322252
GSE267552,BC07,PRPF4B,0.8086483731820309
GSE267552,BC07,TMEM14B,0.7813008782953437
GSE267552,BC07,NOL7,0.7716968624281867
GSE267552,BC07,DEK,0.8989068791234033
GSE267552,BC07,HIST1H4C,1.1275202685126908
GSE267552,BC07,HIST1H1E,0.9794299365119542
GSE267552,BC07,HIST1H1D,0.9510007718690185
GSE267552,BC07,BTN3A2,0.7711472708795907
GSE267552,BC07,HLA-F,0.9660488214396558
GSE267552,BC07,PPP1R18,0.8427258307210013
GSE267552,BC07,TUBB,0.8576432619292587
GSE267552,BC07,TNF,0.8220281703972783
GSE267552,BC07,LTB,1.0402328075451943
GSE267552,BC07,CSNK2B,0.8792298048227777
GSE267552,BC07,CLIC1,1.0082245075401146
GSE267552,BC07,HSPA1A,1.9835742312410418
GSE267552,BC07,HSPA1B,1.88737625512946
GSE267552,BC07,GPSM3,0.9408065761273247
GSE267552,BC07,HLA-DRA,0.956692565273017
GSE267552,BC07,HLA-DRB5,0.9114161530358882
GSE267552,BC07,HLA-DRB1,1.2025602875813877
GSE267552,BC07,HLA-DQA1,0.7690468230037653
GSE267552,BC07,HLA-DQB1,0.7925051953009508
GSE267552,BC07,TAP2,0.7898283563414108
GSE267552,BC07,PSMB8,0.956732840514414
GSE267552,BC07,PSMB9,1.051977200334503
GSE267552,BC07,TAP1,0.850628748750942
GSE267552,BC07,BRD2,0.943601358798246
GSE267552,BC07,HLA-DPA1,1.1132062156842042
GSE267552,BC07,HLA-DPB1,1.0598977917664498
GSE267552,BC07,RPS18,0.7818016560172162
GSE267552,BC07,TAPBP,0.9081905803856855
GSE267552,BC07,CUTA,0.84085709749246
GSE267552,BC07,DEF6,0.8410400410579049
GSE267552,BC07,RPL10A,0.9309696220575137
GSE267552,BC07,FKBP5,0.7770532096261226
GSE267552,BC07,SRSF3,0.8481386624720383
GSE267552,BC07,TOMM6,0.8620524367351089
GSE267552,BC07,CCND3,0.8405013019808071
GSE267552,BC07,HSP90AB1,1.3027348823634979
GSE267552,BC07,PHF3,0.8257104299423916
GSE267552,BC07,COX7A2,0.9482705292228674
GSE267552,BC07,SNHG5,0.8697704893086772
GSE267552,BC07,PNRC1,0.981352442939384
GSE267552,BC07,PNISR,0.869221872772063
GSE267552,BC07,PRDM1,1.0789418009789544
GSE267552,BC07,CRYBG1,0.9396275153034426
GSE267552,BC07,SNX3,0.7899290935044652
GSE267552,BC07,CD164,0.8184037284885346
GSE267552,BC07,FYN,1.0155150394848809
GSE267552,BC07,RWDD1,0.7949077274462599
GSE267552,BC07,SERINC1,0.7897706252674274
GSE267552,BC07,THEMIS,0.8451337000633533
GSE267552,BC07,SAMD3,0.9045420616151287
GSE267552,BC07,BCLAF1,0.8184835009881056
GSE267552,BC07,TNFAIP3,1.324242017385951
GSE267552,BC07,ABRACL,0.8714890743742956
GSE267552,BC07,CITED2,1.0699168357379607
GSE267552,BC07,UTRN,0.8313699409809602
GSE267552,BC07,SYNE1,0.8056423966123123
GSE267552,BC07,DYNLT1,0.8139766382657725
GSE267552,BC07,SYTL3,0.8410624304511216
GSE267552,BC07,EZR,1.0563449033052177
GSE267552,BC07,TAGAP,1.1769691048545612
GSE267552,BC07,WTAP,0.8174712439283832
GSE267552,BC07,PSMB1,0.8676386476185093
GSE267552,BC07,ACTB,0.7935533962178315
GSE267552,BC07,RAC1,0.8102033988905158
GSE267552,BC07,NDUFA4,0.9641680985102162
GSE267552,BC07,TOMM7,0.9808856624367203
GSE267552,BC07,CYCS,0.9077065526200736
GSE267552,BC07,HNRNPA2B1,0.9478946157997313
GSE267552,BC07,CBX3,0.8628395809889711
GSE267552,BC07,TAX1BP1,0.8296198963595425
GSE267552,BC07,HERPUD2,0.7937315581736565
GSE267552,BC07,SEPTIN7,0.9885709454696655
GSE267552,BC07,AOAH,0.8064611512346711
GSE267552,BC07,TRG-AS1,0.8342598314803726
GSE267552,BC07,STK17A,1.018356018640058
GSE267552,BC07,PPIA,0.970416476870389
GSE267552,BC07,H2AFV,0.842909700305015
GSE267552,BC07,IKZF1,0.9364823452553265
GSE267552,BC07,SEC61G,0.8753016526061012
GSE267552,BC07,EGFR,1.0
GSE267552,BC07,CHCHD2,0.9637098805792631
GSE267552,BC07,SBDS,0.838441515101948
GSE267552,BC07,MDH2,0.795725363400317
GSE267552,BC07,HSPB1,0.9998761571913632
GSE267552,BC07,SRI,0.8047488692524949
GSE267552,BC07,AKAP9,0.7884880644859514
GSE267552,BC07,SEM1,0.9092702317876755
GSE267552,BC07,ARPC1B,1.0079418833647633
GSE267552,BC07,ATP5MF,0.9047852523337312
GSE267552,BC07,LAMTOR4,0.9029885830364396
GSE267552,BC07,GNB2,0.865380344267259
GSE267552,BC07,KMT2E,0.9322222579218412
GSE267552,BC07,ARF5,0.8298385734393148
GSE267552,BC07,ZC3HAV1,0.8400901927085704
GSE267552,BC07,NDUFB2,0.8526847652868175
GSE267552,BC07,TRBV7-9,0.8588755178459467
GSE267552,BC07,TRBV27,0.8374059836580461
GSE267552,BC07,TRBC1,0.9820463310622995
GSE267552,BC07,TRBC2,1.075514994628247
GSE267552,BC07,GSTK1,0.9669170479092487
GSE267552,BC07,ZYX,0.9075349445992981
GSE267552,BC07,GIMAP7,1.0987269366283192
GSE267552,BC07,GIMAP4,1.00254777117376
GSE267552,BC07,GIMAP5,0.8796107904936703
GSE267552,BC07,DNAJB6,0.8102091353865178
GSE267552,BC07,PCM1,0.7764815970897391
GSE267552,BC07,DOK2,0.7770128393547349
GSE267552,BC07,DUSP4,1.172151219011268
GSE267552,BC07,SARAF,0.9253028854463324
GSE267552,BC07,LEPROTL1,1.0321576616007289
GSE267552,BC07,TCEA1,0.9168091141084719
GSE267552,BC07,RPS20,0.9890622308287269
GSE267552,BC07,SDCBP,0.7943744837482153
GSE267552,BC07,PDE7A,0.800137885879325
GSE267552,BC07,SNHG6,0.8951024931356483
GSE267552,BC07,TRAM1,0.8029455657759411
GSE267552,BC07,RPL7,0.9994849913488848
GSE267552,BC07,FABP5,0.7839832058332614
GSE267552,BC07,RBIS,0.8030883208811096
GSE267552,BC07,UQCRB,0.9924692554883461
GSE267552,BC07,MTDH,0.8814076272038096
GSE267552,BC07,COX6C,0.9658874537210714
GSE267552,BC07,RNF19A,0.9492770386573259
GSE267552,BC07,PABPC1,1.0157049037749173
GSE267552,BC07,YWHAZ,0.953300474995747
GSE267552,BC07,ZNF706,0.7700059793888041
GSE267552,BC07,EIF3E,0.7828239518033017
GSE267552,BC07,EIF3H,0.8948494582997953
GSE267552,BC07,RAD21,0.8190810509914264
GSE267552,BC07,NDUFB9,0.8178722328686324
GSE267552,BC07,FAM49B,0.7775117550714797
GSE267552,BC07,SLA,0.9106942553663478
GSE267552,BC07,LY6E,1.0910270520574636
GSE267552,BC07,EEF1D,0.8906551512352097
GSE267552,BC07,VPS28,0.8909847533901828
GSE267552,BC07,DOCK8,0.8416557055777181
GSE267552,BC07,SMARCA2,0.7846381083973757
GSE267552,BC07,VLDLR,0.026634408955997217
GSE267552,BC07,CD274,0.14802486468687373
GSE267552,BC07,PSIP1,0.778256758453128
GSE267552,BC07,RPS6,0.9058279621609464
GSE267552,BC07,DNAJA1,1.314809242899886
GSE267552,BC07,VCP,0.8356953143702863
GSE267552,BC07,TLN1,0.8911082284461551
GSE267552,BC07,GLIPR2,0.782392336818519
GSE267552,BC07,ZFAND5,0.8127664746594122
GSE267552,BC07,ANXA1,1.3370432595386992
GSE267552,BC07,OSTF1,0.7781846747758073
GSE267552,BC07,HNRNPK,0.9596341208514614
GSE267552,BC07,SEMA4D,0.7740316808269545
GSE267552,BC07,ANP32B,0.8734354891966193
GSE267552,BC07,SEC61B,0.9017978380551375
GSE267552,BC07,TXN,0.8441146123404751
GSE267552,BC07,PTBP3,0.7680999876920197
GSE267552,BC07,AKNA,0.8324715963461755
GSE267552,BC07,ATP6V1G1,0.9088962867259041
GSE267552,BC07,STOM,0.7744941636201307
GSE267552,BC07,RPL35,0.902560368593532
GSE267552,BC07,ARPC5L,0.8020251027212817
GSE267552,BC07,HSPA5,1.0534362314427832
GSE267552,BC07,C9orf16,0.870570869776743
GSE267552,BC07,SPTAN1,0.8366223531769397
GSE267552,BC07,SET,0.9642350949114311
GSE267552,BC07,C9orf78,0.8228753904154323
GSE267552,BC07,FNBP1,0.8786220367840378
GSE267552,BC07,EDF1,0.9080158425419331
GSE267552,BC07,PAXX,0.8968471046879674
GSE267552,BC07,MRPL41,0.7741398809306836
GSE267552,BC07,KLF6,1.2881515784449378
GSE267552,BC07,GDI2,0.8135827863837563
GSE267552,BC07,ATP5F1C,0.805694697909995
GSE267552,BC07,CELF2,0.8790786102252164
GSE267552,BC07,OPTN,0.8401133551422815
GSE267552,BC07,FAM107B,0.9663753810207315
GSE267552,BC07,VIM,1.1235808355522954
GSE267552,BC07,AL133415.1,0.9318693198566802
GSE267552,BC07,PIP4K2A,0.868688038429332
GSE267552,BC07,APBB1IP,0.8885002718865738
GSE267552,BC07,EPC1,0.8481348525723675
GSE267552,BC07,ITGB1,0.9785493839940723
GSE267552,BC07,CREM,0.8561248776816642
GSE267552,BC07,HNRNPF,0.9017448722737192
GSE267552,BC07,DDX21,0.7998481636014119
GSE267552,BC07,SRGN,1.0072082491474794
GSE267552,BC07,PRF1,0.940827067258388
GSE267552,BC07,PSAP,0.8704736495516574
GSE267552,BC07,SPOCK2,0.9279459356142696
GSE267552,BC07,ANAPC16,0.9210654197012861
GSE267552,BC07,DDIT4,1.1322362275969662
GSE267552,BC07,ANXA11,0.8586729853939294
GSE267552,BC07,GHITM,0.8107314209134637
GSE267552,BC07,CCSER2,0.7757869396177347
GSE267552,BC07,PGAM1,0.8366369722305042
GSE267552,BC07,NDUFB8,0.867407173624343
GSE267552,BC07,OGA,0.8009037752112637
GSE267552,BC07,ATP5MD,0.9586115096073142
GSE267552,BC07,DUSP5,0.8442301363367211
GSE267552,BC07,PDCD4,0.9962142040795955
GSE267552,BC07,RGS10,0.8858267674438534
GSE267552,BC07,BUB3,0.8268810455200464
GSE267552,BC07,IFITM2,1.166916510926972
GSE267552,BC07,IFITM1,1.0977491547960119
GSE267552,BC07,POLR2L,0.9177767041918309
GSE267552,BC07,CTSD,0.90663005881496
GSE267552,BC07,LSP1,0.9992309294599576
GSE267552,BC07,CD81,0.924771784702718
GSE267552,BC07,NAP1L4,0.922355358779164
GSE267552,BC07,RHOG,0.7756991447805595
GSE267552,BC07,TRIM22,0.9430284823022452
GSE267552,BC07,TAF10,0.8951113762387346
GSE267552,BC07,EIF3F,0.9174010106323235
GSE267552,BC07,RPL27A,0.9955657870488298
GSE267552,BC07,EIF4G2,0.9050140988577386
GSE267552,BC07,PSMA1,0.7881868478071596
GSE267552,BC07,C11orf58,0.8912382171387755
GSE267552,BC07,RPS13,0.7826333239438685
GSE267552,BC07,NUCB2,0.8418806088806438
GSE267552,BC07,LDHA,1.0286371042053943
GSE267552,BC07,EIF3M,0.7855864496122037
GSE267552,BC07,CD44,1.0281645772092867
GSE267552,BC07,CD82,0.7831886019510611
GSE267552,BC07,UBE2L6,0.8779286390282788
GSE267552,BC07,SELENOH,0.8028793520800934
GSE267552,BC07,CD6,0.8584626113222026
GSE267552,BC07,CD5,0.8313248513402868
GSE267552,BC07,TMEM258,0.9241319972694023
GSE267552,BC07,FTH1,0.9676223298650877
GSE267552,BC07,AHNAK,1.071030839057441
GSE267552,BC07,EEF1G,0.9996934280154406
GSE267552,BC07,UBXN1,0.8563914057617587
GSE267552,BC07,SLC3A2,0.8129048666505534
GSE267552,BC07,PLAAT4,1.0412033173483832
GSE267552,BC07,COX8A,0.9432990034258846
GSE267552,BC07,PPP1R14B,0.9337738332233099
GSE267552,BC07,TRMT112,0.9169201040715071
GSE267552,BC07,SF1,0.9196484681430136
GSE267552,BC07,NEAT1,1.0388602618742275
GSE267552,BC07,MALAT1,0.8095409316709711
GSE267552,BC07,CFL1,0.9451107893489668
GSE267552,BC07,CTSW,1.064510599255164
GSE267552,BC07,CCDC85B,0.8188964471618152
GSE267552,BC07,DRAP1,0.9663630910226657
GSE267552,BC07,SF3B2,0.8585071559941289
GSE267552,BC07,PPP1CA,0.8698497214855359
GSE267552,BC07,TBC1D10C,0.8731874001323018
GSE267552,BC07,PTPRCAP,0.9966124119465988
GSE267552,BC07,CORO1B,1.0000237148885491
GSE267552,BC07,GSTP1,0.9289960058426452
GSE267552,BC07,DHCR7,0.26400049637358325
GSE267552,BC07,UCP2,0.9224474004703893
GSE267552,BC07,SPCS2,0.8317025782100256
GSE267552,BC07,RSF1,0.7776531945464706
GSE267552,BC07,NDUFC2,0.798793742791197
GSE267552,BC07,CTSC,0.9349252925914742
GSE267552,BC07,CHORDC1,0.7800625481715644
GSE267552,BC07,TAF1D,0.8330777864447687
GSE267552,BC07,BIRC3,0.8759575137709757
GSE267552,BC07,TMEM123,0.7752488170622411
GSE267552,BC07,CASP4,0.7732906332785255
GSE267552,BC07,CARD16,0.8783751011216422
GSE267552,BC07,ATM,0.8094187805667996
GSE267552,BC07,NCAM1,0.06083243301872164
GSE267552,BC07,IL10RA,0.9138042805443481
GSE267552,BC07,CD3E,0.818905782134932
GSE267552,BC07,CD3D,0.9865548007690843
GSE267552,BC07,CD3G,0.999656577686092
GSE267552,BC07,ATP5MG,0.9880480462198145
GSE267552,BC07,KMT2A,0.9101175852608706
GSE267552,BC07,DDX6,0.8840193865187841
GSE267552,BC07,CRTAM,0.9181048495881516
GSE267552,BC07,HSPA8,1.304357840121238
GSE267552,BC07,ETS1,1.022575848269119
GSE267552,BC07,WNK1,0.838272200581392
GSE267552,BC07,CCND2,0.7904011581626241
GSE267552,BC07,CD27,0.943835145841808
GSE267552,BC07,GAPDH,0.9617282344541599
GSE267552,BC07,LAG3,0.8677116631111902
GSE267552,BC07,CD4,0.0901699758528707
GSE267552,BC07,TPI1,0.9786117034551138
GSE267552,BC07,C12orf57,1.0244909121938925
GSE267552,BC07,PTPN6,0.7858578525250752
GSE267552,BC07,SLC2A3,1.0736633269610194
GSE267552,BC07,KLRG1,0.7936939765288338
GSE267552,BC07,CLEC2D,0.9394130712496931
GSE267552,BC07,CD69,1.2950456608181544
GSE267552,BC07,CLEC2B,1.0450739580550987
GSE267552,BC07,KLRD1,0.9748590975974817
GSE267552,BC07,KLRK1,1.0109096962323327
GSE267552,BC07,KLRC4,0.841318606026388
GSE267552,BC07,LINC02446,1.0542645595553028
GSE267552,BC07,CDKN1B,0.9608982834416817
GSE267552,BC07,ATF7IP,0.8138033117559677
GSE267552,BC07,ARHGDIB,0.9169214043431547
GSE267552,BC07,LDHB,0.9687396167051616
GSE267552,BC07,RESF1,1.0440052459080398
GSE267552,BC07,SCAF11,0.8600712568025769
GSE267552,BC07,SLC38A1,0.7846805226447432
GSE267552,BC07,SLC38A2,0.8152096976483306
GSE267552,BC07,PCED1B,0.7741156296688403
GSE267552,BC07,PCED1B-AS1,1.0061520259262873
GSE267552,BC07,TUBA1B,0.8798816712952848
GSE267552,BC07,TUBA1A,1.0025009595711967
GSE267552,BC07,TMBIM6,0.9825530245387657
GSE267552,BC07,LIMA1,0.42103580120286216
GSE267552,BC07,DAZAP2,0.9666803958566373
GSE267552,BC07,BIN2,0.7867508887698541
GSE267552,BC07,NR4A1,1.209928884380969
GSE267552,BC07,EIF4B,0.8860328037211258
GSE267552,BC07,PFDN5,0.964992000320352
GSE267552,BC07,PRR13,0.9033421766894558
GSE267552,BC07,ATP5MC2,0.9959772518197852
GSE267552,BC07,HNRNPA1,0.9686080764434296
GSE267552,BC07,BLOC1S1,0.8302702417294273
GSE267552,BC07,CD63,0.8041344891446424
GSE267552,BC07,PA2G4,0.8489205079387522
GSE267552,BC07,MYL6,0.9596551623428027
GSE267552,BC07,ATP5F1B,0.8736523020763023
GSE267552,BC07,PTGES3,0.976452821980169
GSE267552,BC07,NACA,0.8451621750261977
GSE267552,BC07,ARHGAP9,0.8242636577594087
GSE267552,BC07,USP15,0.8099970705178424
GSE267552,BC07,TMBIM4,0.825544820751933
GSE267552,BC07,IFNG,0.9067202851806414
GSE267552,BC07,RAP1B,0.910662515312732
GSE267552,BC07,GLIPR1,0.8379275228225267
GSE267552,BC07,NAP1L1,0.8345533960436932
GSE267552,BC07,PPP1R12A,0.7998063106076408
GSE267552,BC07,SLC25A3,0.8868521125190384
GSE267552,BC07,HSP90B1,0.9927363401848641
GSE267552,BC07,C12orf75,0.8073609225576149
GSE267552,BC07,ISCU,0.8361442626256927
GSE267552,BC07,SELPLG,0.8876063627195795
GSE267552,BC07,ARPC3,0.9900423496315082
GSE267552,BC07,ERP29,0.9129919838392502
GSE267552,BC07,PEBP1,0.8547878315296776
GSE267552,BC07,RPLP0,0.8510822097839016
GSE267552,BC07,COX6A1,0.9773665510514585
GSE267552,BC07,SRSF9,0.7973735497710003
GSE267552,BC07,DYNLL1,0.8711108671467735
GSE267552,BC07,OASL,0.868674714671664
GSE267552,BC07,RSRC2,0.8294287612396545
GSE267552,BC07,ARL6IP4,0.8592962895320996
GSE267552,BC07,UBC,1.0495581210527902
GSE267552,BC07,RAN,0.9427377574808026
GSE267552,BC07,MPHOSPH8,0.8475804778879559
GSE267552,BC07,SAP18,0.9182521485710711
GSE267552,BC07,MRPL57,0.7883884191323592
GSE267552,BC07,RPL21,0.9514668087318181
GSE267552,BC07,GTF3A,0.8468732763486858
GSE267552,BC07,POMP,0.774085753351724
GSE267552,BC07,HMGB1,0.9981753093257034
GSE267552,BC07,ALOX5AP,1.0824125470659836
GSE267552,BC07,HSPH1,1.3753102338928338
GSE267552,BC07,N4BP2L2,0.8415373936934275
GSE267552,BC07,ELF1,0.9842977624323722
GSE267552,BC07,RGCC,1.2618290247644441
GSE267552,BC07,TPT1,0.8688488147164428
GSE267552,BC07,AL138963.4,0.787757872519387
GSE267552,BC07,LCP1,0.9961691145581312
GSE267552,BC07,ITM2B,0.9267946280292038
GSE267552,BC07,COMMD6,0.9917764935557645
GSE267552,BC07,MYCBP2,0.7973299483233458
GSE267552,BC07,GPR183,0.8194889264652777
GSE267552,BC07,ARGLU1,0.9032854611880677
GSE267552,BC07,LAMP1,0.7681105444885187
GSE267552,BC07,HNRNPC,0.910441023108574
GSE267552,BC07,TRAC,0.8298970976045024
GSE267552,BC07,DAD1,0.884881605648207
GSE267552,BC07,PSME1,0.973179193758058
GSE267552,BC07,PSME2,1.0190412343553543
GSE267552,BC07,NEDD8,0.869067226044431
GSE267552,BC07,GZMH,1.1095820365458944
GSE267552,BC07,GZMB,0.9512347206581123
GSE267552,BC07,SNX6,0.8217522034112361
GSE267552,BC07,FAM177A1,0.9267087072749844
GSE267552,BC07,PSMA6,0.8265376075986318
GSE267552,BC07,NFKBIA,1.3655652576155244
GSE267552,BC07,PNN,0.768432012628587
GSE267552,BC07,RPL36AL,0.9468175909614562
GSE267552,BC07,ARF6,0.8946908523257809
GSE267552,BC07,GNG2,0.8922271600405088
GSE267552,BC07,LGALS3,0.7958739789211329
GSE267552,BC07,KTN1,0.9531813970496211
GSE267552,BC07,DHRS7,0.8772220743639514
GSE267552,BC07,PRKCH,0.9074960899601842
GSE267552,BC07,HIF1A,0.8889893079476466
GSE267552,BC07,SYNE2,0.990402168306384
GSE267552,BC07,CHURC1,0.8755062406127893
GSE267552,BC07,ZFP36L1,1.0683887277404338
GSE267552,BC07,SRSF5,0.9208145855571063
GSE267552,BC07,RBM25,0.848253186976497
GSE267552,BC07,TMED10,0.7967269209719313
GSE267552,BC07,FOS,1.7369702900643196
GSE267552,BC07,CALM1,0.9711439137921057
GSE267552,BC07,TC2N,0.8651310320477017
GSE267552,BC07,NDUFB1,0.850572510551302
GSE267552,BC07,DDX24,1.0191105599046986
GSE267552,BC07,PAPOLA,0.7918152006254437
GSE267552,BC07,BCL11B,0.8890885820463684
GSE267552,BC07,EVL,1.0105737155109735
GSE267552,BC07,PPP2R5C,0.9429930212166692
GSE267552,BC07,HSP90AA1,1.4872249017692207
GSE267552,BC07,EIF5,0.9363786083871897
GSE267552,BC07,ATP5MPL,0.8636795694337717
GSE267552,BC07,CRIP1,1.1517462138192571
GSE267552,BC07,SNRPN,0.7857181642525999
GSE267552,BC07,NSMCE3,0.776552886476392
GSE267552,BC07,SRP14,0.9564888654095879
GSE267552,BC07,PDIA3,0.9789597091145691
GSE267552,BC07,SERF2,0.9102796130154827
GSE267552,BC07,EID1,0.8107314283782372
GSE267552,BC07,TMOD3,0.7687438724221588
GSE267552,BC07,VPS13C,0.8310309288558118
GSE267552,BC07,RPS27L,0.7741450600256574
GSE267552,BC07,RAB8B,0.7757122024037135
GSE267552,BC07,PPIB,1.0012001555562688
GSE267552,BC07,RPL4,1.0181877730306013
GSE267552,BC07,PKM,0.889524981642781
GSE267552,BC07,CSK,0.8271266962939066
GSE267552,BC07,COX5A,0.8146188712772373
GSE267552,BC07,MORF4L1,0.9286478531949663
GSE267552,BC07,IL16,0.8390184472036489
GSE267552,BC07,RPS17,0.9332950064138008
GSE267552,BC07,AKAP13,0.9476252634123742
GSE267552,BC07,ISG20,1.0532883397130104
GSE267552,BC07,IDH2,0.8186695589357391
GSE267552,BC07,CIB1,0.9365544262322022
GSE267552,BC07,IQGAP1,0.9492779149520714
GSE267552,BC07,LINC01578,0.9843537789868573
GSE267552,BC07,UBE2I,0.8009122107277263
GSE267552,BC07,NDUFB10,0.8181428765241672
GSE267552,BC07,ATP6V0C,0.9547527793748055
GSE267552,BC07,SRRM2,0.9847850148761309
GSE267552,BC07,ELOB,0.9630830237126118
GSE267552,BC07,IL32,0.9875564559005959
GSE267552,BC07,SOCS1,1.0944254713035693
GSE267552,BC07,LITAF,0.9371144096750663
GSE267552,BC07,GSPT1,0.8222410586885313
GSE267552,BC07,ARL6IP1,0.8825338169421726
GSE267552,BC07,RBBP6,0.7700748078854375
GSE267552,BC07,CD19,0.023248348130117336
GSE267552,BC07,LAT,0.8601221327532115
GSE267552,BC07,ALDOA,0.9748379470361012
GSE267552,BC07,YPEL3,0.8925750754970195
GSE267552,BC07,CORO1A,0.9887450420486625
GSE267552,BC07,SEPTIN1,0.9778894727196149
GSE267552,BC07,FUS,1.001567328986158
GSE267552,BC07,CYLD,0.7700669598539394
GSE267552,BC07,RBL2,0.831625387357481
GSE267552,BC07,MT2A,1.187282156748482
GSE267552,BC07,HERPUD1,1.061546262171562
GSE267552,BC07,CKLF,0.9885787028080625
GSE267552,BC07,CIAO2B,0.7915517999934018
GSE267552,BC07,PSMB10,0.9497194786900373
GSE267552,BC07,GABARAPL2,0.8658752410897076
GSE267552,BC07,TERF2IP,0.9480116621920089
GSE267552,BC07,COTL1,1.1296623040475138
GSE267552,BC07,COX4I1,0.9869197578571762
GSE267552,BC07,MAP1LC3B,0.9221459126674073
GSE267552,BC07,SLC7A5,0.7684059716072975
GSE267552,BC07,CYBA,0.9332074564817036
GSE267552,BC07,APRT,0.9218050695307359
GSE267552,BC07,ANKRD11,0.783850803291352
GSE267552,BC07,TCF25,0.8475745777657233
GSE267552,BC07,ITGAE,0.7542121237430428
GSE267552,BC07,PFN1,0.8662399687544448
GSE267552,BC07,RNASEK,0.9737364315401881
GSE267552,BC07,GABARAP,0.9617013637813242
GSE267552,BC07,EIF5A,0.8105438001509019
GSE267552,BC07,ACAP1,0.8440910388140973
GSE267552,BC07,EIF4A1,0.9484670829993033
GSE267552,BC07,TRAPPC1,0.8673479878030335
GSE267552,BC07,VAMP2,0.9451390828951889
GSE267552,BC07,NCOR1,0.8748012026416401
GSE267552,BC07,UBB,1.1448875608878197
GSE267552,BC07,SNHG29,0.998926148009131
GSE267552,BC07,RPL23A,0.8160373298717083
GSE267552,BC07,EVI2B,0.8719039449333011
GSE267552,BC07,SLFN5,0.8976068665143155
GSE267552,BC07,CCL5,0.8337151391588811
GSE267552,BC07,CCL4,1.7262666043869133
GSE267552,BC07,CCL4L2,1.2234925145664635
GSE267552,BC07,SYNRG,0.8006942820297261
GSE267552,BC07,PSMB3,0.8309135159982081
GSE267552,BC07,RPL23,0.9587462761100891
GSE267552,BC07,ERBB2,0.04415786128298399
GSE267552,BC07,IKZF3,0.9285792007335453
GSE267552,BC07,KRT10,0.8491607788407101
GSE267552,BC07,EIF1,0.8591044810716009
GSE267552,BC07,STAT3,0.8416967514056414
GSE267552,BC07,RPL27,0.9852616706897409
GSE267552,BC07,SKAP1,0.9089614859492104
GSE267552,BC07,TOB1,0.923842683428733
GSE267552,BC07,NME2,0.8602549831618155
GSE267552,BC07,LIMD2,1.0207038758885945
GSE267552,BC07,ERN1,0.7731370393999097
GSE267552,BC07,DDX5,0.9518022356401458
GSE267552,BC07,PITPNC1,0.7676983505466465
GSE267552,BC07,PRKAR1A,0.7950213127378889
GSE267552,BC07,RPL38,0.9397565606981119
GSE267552,BC07,SLC9A3R1,0.8695466237139483
GSE267552,BC07,FDXR,0.15906512273330012
GSE267552,BC07,ATP5PD,0.7997562139892683
GSE267552,BC07,JPT1,0.7798799052075419
GSE267552,BC07,SUMO2,0.9673831821845372
GSE267552,BC07,H3F3B,0.9285110591382665
GSE267552,BC07,UBALD2,0.8492300902281141
GSE267552,BC07,SRSF2,0.8863553371765484
GSE267552,BC07,SEPTIN9,0.966900283536337
GSE267552,BC07,EIF4A3,0.7730396030122633
GSE267552,BC07,RNF213,1.0501072270410892
GSE267552,BC07,ACTG1,0.970436890599329
GSE267552,BC07,P4HB,0.7733146951730128
GSE267552,BC07,ARHGDIA,0.8801508377907992
GSE267552,BC07,CD7,1.1477558763495532
GSE267552,BC07,METRNL,0.80942244766335
GSE267552,BC07,SMCHD1,0.9934999098519071
GSE267552,BC07,MYL12A,0.9654805917088051
GSE267552,BC07,MYL12B,0.9919968403971648
GSE267552,BC07,NDUFV2,0.7917659200833379
GSE267552,BC07,ANKRD12,0.9509671920654865
GSE267552,BC07,ROCK1,0.7972216912448697
GSE267552,BC07,TTC39C,0.772744163631852
GSE267552,BC07,ATP5F1A,0.769392121298479
GSE267552,BC07,RPL17,0.9120089522977961
GSE267552,BC07,PMAIP1,0.7855442276353465
GSE267552,BC07,MBP,0.9180877595938437
GSE267552,BC07,GZMM,0.9837679701914847
GSE267552,BC07,BSG,0.7876185079446804
GSE267552,BC07,CNN2,0.9400498858054683
GSE267552,BC07,GPX4,0.9056112394396643
GSE267552,BC07,ATP5F1D,0.9210628978179097
GSE267552,BC07,CIRBP,0.9754856638548489
GSE267552,BC07,UQCR11,0.9678232169235451
GSE267552,BC07,ABHD17A,0.8170834255748618
GSE267552,BC07,OAZ1,0.9545043639800362
GSE267552,BC07,LSM7,0.8744697800498381
GSE267552,BC07,GADD45B,0.9573497663634871
GSE267552,BC07,TLE5,0.9846058047833331
GSE267552,BC07,EEF2,0.9971801127055703
GSE267552,BC07,MAP2K2,0.7929937581423999
GSE267552,BC07,NDUFA11,0.8857630947521677
GSE267552,BC07,TNFSF9,0.9127757779981046
GSE267552,BC07,PET100,0.8770585552330846
GSE267552,BC07,HNRNPM,0.7916928847051641
GSE267552,BC07,UBL5,0.9897357315855047
GSE267552,BC07,SHFL,0.7876468810808882
GSE267552,BC07,EIF3G,0.8900970365866622
GSE267552,BC07,ICAM3,0.7968825823668134
GSE267552,BC07,CDC37,0.8821030678661359
GSE267552,BC07,WDR83OS,0.8770100424241662
GSE267552,BC07,TRIR,0.9354092053523085
GSE267552,BC07,JUNB,1.5627737194922695
GSE267552,BC07,CALR,0.968976297791568
GSE267552,BC07,IER2,1.1526922380401898
GSE267552,BC07,C19orf53,0.852674480660305
GSE267552,BC07,ADGRE5,0.9548909977180096
GSE267552,BC07,DNAJB1,1.7538454947456728
GSE267552,BC07,TECR,0.8350487549079885
GSE267552,BC07,RASAL3,0.8085371961624447
GSE267552,BC07,KLF2,1.510203015803355
GSE267552,BC07,BST2,0.9092148826359596
GSE267552,BC07,JUND,1.3225135397481402
GSE267552,BC07,FKBP8,0.8285012833265384
GSE267552,BC07,UBA52,0.9042970897328788
GSE267552,BC07,REX1BD,0.8776150825872526
GSE267552,BC07,COPE,0.8299742753021139
GSE267552,BC07,NDUFA13,0.9596819413828368
GSE267552,BC07,LSM14A,0.7932565490847682
GSE267552,BC07,GPI,0.7763088649888042
GSE267552,BC07,FXYD5,1.0461261817265728
GSE267552,BC07,COX6B1,0.983677538484067
GSE267552,BC07,HCST,0.9824285169021426
GSE267552,BC07,CAPNS1,0.789338307012858
GSE267552,BC07,EIF3K,0.9837168325164842
GSE267552,BC07,ACTN4,0.8320898302494452
GSE267552,BC07,ECH1,0.8266809969177722
GSE267552,BC07,HNRNPL,0.8983839329721566
GSE267552,BC07,GMFG,0.9992670932274478
GSE267552,BC07,ZFP36,1.5270630107445917
GSE267552,BC07,RPS16,0.880814991760113
GSE267552,BC07,SERTAD1,0.8150454893659954
GSE267552,BC07,TGFB1,1.0330022694556151
GSE267552,BC07,RPS19,0.8546371830599894
GSE267552,BC07,ARHGEF1,0.9256240718537966
GSE267552,BC07,RABAC1,0.9184335467583853
GSE267552,BC07,FOSB,1.2894566595428474
GSE267552,BC07,SNRPD2,0.9721662480740323
GSE267552,BC07,CALM3,0.8742666526257666
GSE267552,BC07,NOP53,0.8998958661500682
GSE267552,BC07,SELENOW,0.8703697948439808
GSE267552,BC07,EMP3,1.0348555674989397
GSE267552,BC07,PPP1R15A,1.164434005220303
GSE267552,BC07,BAX,0.8046994965459383
GSE267552,BC07,FTL,1.080046202328246
GSE267552,BC07,CD37,0.983607022133791
GSE267552,BC07,RPL13A,0.9370726548350327
GSE267552,BC07,RPS11,0.9966515363062463
GSE267552,BC07,NKG7,1.20670758363943
GSE267552,BC07,ZNF331,1.0968073350277803
GSE267552,BC07,MYADM,0.8560886965959118
GSE267552,BC07,NDUFA3,0.9839253098424429
GSE267552,BC07,RPS9,0.9467758091933343
GSE267552,BC07,UBE2S,0.9388578514558622
GSE267552,BC07,RPS5,0.8841110057790137
GSE267552,BC07,SNRPB,0.8244766097927734
GSE267552,BC07,TMX4,0.8134346295326597
GSE267552,BC07,CST7,1.1416377250231455
GSE267552,BC07,APMAP,0.8125221538179992
GSE267552,BC07,RALY,0.7749385198347498
GSE267552,BC07,EIF2S2,0.7976617448638504
GSE267552,BC07,ROMO1,0.8824391854254263
GSE267552,BC07,RBM39,0.9695277074845711
GSE267552,BC07,SCAND1,0.792432124535237
GSE267552,BC07,SAMHD1,0.8083268924591288
GSE267552,BC07,YWHAB,0.9946143037807863
GSE267552,BC07,STK4,0.9631318455645735
GSE267552,BC07,PREX1,0.7938421067701616
GSE267552,BC07,ZFAS1,0.8969804998748228
GSE267552,BC07,UBE2V1,0.8610553842615657
GSE267552,BC07,NFATC2,0.8033457116790361
GSE267552,BC07,GNAS,0.9836250011249459
GSE267552,BC07,ATP5F1E,0.8822995848538298
GSE267552,BC07,PSMA7,0.9776015651601395
GSE267552,BC07,PPDPF,0.9607267112404437
GSE267552,BC07,LIME1,0.9624809293988321
GSE267552,BC07,SAMSN1,1.0098750366468157
GSE267552,BC07,ATP5PF,0.8685921257611251
GSE267552,BC07,SOD1,0.9865302923759112
GSE267552,BC07,SON,0.9971367899433902
GSE267552,BC07,ATP5PO,0.8181257179474017
GSE267552,BC07,MRPS6,0.8352732841157432
GSE267552,BC07,HMGN1,0.9620611005091003
GSE267552,BC07,MX1,0.8631176513196465
GSE267552,BC07,ABCG1,0.5100505157848274
GSE267552,BC07,CSTB,0.905719408104582
GSE267552,BC07,ITGB2,1.0346375869242912
GSE267552,BC07,PRMT2,0.8020132537501207
GSE267552,BC07,CHCHD10,0.7950349589114304
GSE267552,BC07,MIF,1.0074120221887861
GSE267552,BC07,EWSR1,0.8464712005057835
GSE267552,BC07,UQCR10,0.9290365211027941
GSE267552,BC07,PIK3IP1,0.9009503115533544
GSE267552,BC07,MYH9,1.0431249264639628
GSE267552,BC07,RAC2,0.970107125929729
GSE267552,BC07,LGALS1,1.0717679400976052
GSE267552,BC07,DDX17,0.9206679675882767
GSE267552,BC07,SUN2,0.9235957209445572
GSE267552,BC07,APOBEC3G,1.0137194452035838
GSE267552,BC07,RPL3,0.904911879253192
GSE267552,BC07,ST13,0.8429277878255637
GSE267552,BC07,XRCC6,0.8260461759594115
GSE267552,BC07,SNU13,0.8655639126894459
GSE267552,BC07,SMDT1,0.8688560317752865
GSE267552,BC07,TSPO,0.8282063162723733
GSE267552,BC07,SLC25A6,0.9987465182404992
GSE267552,BC07,CD99,0.9932381602974344
GSE267552,BC07,SH3KBP1,0.9130457142246335
GSE267552,BC07,EIF1AX,0.7848756747489383
GSE267552,BC07,SAT1,1.050966145123305
GSE267552,BC07,DDX3X,0.8694851305553792
GSE267552,BC07,NDUFB11,0.8893062190068353
GSE267552,BC07,UXT,0.84050543065115
GSE267552,BC07,RBM3,0.8518447821147516
GSE267552,BC07,WAS,0.841347831157168
GSE267552,BC07,PLP2,0.9842299550319344
GSE267552,BC07,TSPYL2,1.0073986191492919
GSE267552,BC07,MSN,0.9654822277316152
GSE267552,BC07,IL2RG,0.9860766506597732
GSE267552,BC07,CXCR3,0.9127716930850649
GSE267552,BC07,ATRX,0.8586506964061594
GSE267552,BC07,COX7B,0.870278579226948
GSE267552,BC07,PGK1,0.9730999601771613
GSE267552,BC07,ITM2A,1.0827650970388165
GSE267552,BC07,SH3BGRL,0.8416911394720603
GSE267552,BC07,RPL36A,0.9235230460425568
GSE267552,BC07,TSC22D3,1.3196039650735967
GSE267552,BC07,SLC25A5,0.9199072465806981
GSE267552,BC07,SEPTIN6,0.9190753125457836
GSE267552,BC07,NDUFA1,0.9554636784098034
GSE267552,BC07,SH2D1A,0.9161948241569146
GSE267552,BC07,RBMX,0.7833404142608779
GSE267552,BC07,IDS,0.884152090102074
GSE267552,BC07,NSDHL,0.17987789507277224
GSE267552,BC07,BCAP31,0.8084194743555577
GSE267552,BC07,SSR4,0.9547463270224202
GSE267552,BC07,FLNA,0.9231532926016325
GSE267552,BC07,EMD,0.778224976698706
GSE267552,BC07,G6PD,0.4951609084026883
GSE267552,BC07,MT-ND1,1.0483750218879677
GSE267552,BC07,MT-ND2,1.084336760358583
GSE267552,BC07,MT-CO1,1.129977406321807
GSE267552,BC07,MT-CO2,1.1515745400724142
GSE267552,BC07,MT-ATP8,0.9147105577965805
GSE267552,BC07,MT-ATP6,1.0102350056017564
GSE267552,BC07,MT-CO3,1.1851404046866711
GSE267552,BC07,MT-ND3,1.1176646209688164
GSE267552,BC07,MT-ND4L,1.0944177963202641
GSE267552,BC07,MT-ND4,0.9991508807952352
GSE267552,BC07,MT-ND5,1.0102574346360287
GSE267552,BC07,MT-CYB,1.2110121924952915
GSE267552,BC08,ISG15,0.775675941296833
GSE267552,BC08,SSU72,0.761274066000531
GSE267552,BC08,GNB1,0.8010649566956393
GSE267552,BC08,RPL22,0.8028365693786031
GSE267552,BC08,PARK7,0.9143980398347177
GSE267552,BC08,ENO1,0.8694884901018332
GSE267552,BC08,CAPZB,0.9250175254407365
GSE267552,BC08,MICOS10,0.8220055259801126
GSE267552,BC08,HP1BP3,0.8744397141745499
GSE267552,BC08,CDC42,0.9412949106124291
GSE267552,BC08,PNRC2,0.7711768024091075
GSE267552,BC08,SRSF10,0.8328920555569466
GSE267552,BC08,SRRM1,0.9109841457656686
GSE267552,BC08,RUNX3,0.8501544745303553
GSE267552,BC08,SYF2,0.7827650486685832
GSE267552,BC08,RSRP1,1.035570373386823
GSE267552,BC08,TMEM50A,0.8587255959896705
GSE267552,BC08,SH3BGRL3,0.8633515366493781
GSE267552,BC08,CD52,1.0469364324173809
GSE267552,BC08,ZNF683,1.0945613526951172
GSE267552,BC08,HMGN2,0.9557593081094913
GSE267552,BC08,ATP5IF1,0.8795519699408791
GSE267552,BC08,AL137857.1,0.7723147583273342
GSE267552,BC08,LAPTM5,0.9366260902603954
GSE267552,BC08,PTP4A2,0.9385326032426461
GSE267552,BC08,KHDRBS1,0.8582032113750797
GSE267552,BC08,LCK,0.9452615060210983
GSE267552,BC08,SFPQ,0.9774825457958728
GSE267552,BC08,THRAP3,0.7912777485243312
GSE267552,BC08,NDUFS5,0.9307589591397578
GSE267552,BC08,MACF1,0.7838326301501609
GSE267552,BC08,CAP1,0.910802210372802
GSE267552,BC08,SMAP2,0.9025266310208513
GSE267552,BC08,YBX1,0.9456409738443733
GSE267552,BC08,PRDX1,0.8390509806203814
GSE267552,BC08,UQCRH,0.875805796774066
GSE267552,BC08,CMPK1,0.7687913158364958
GSE267552,BC08,EPS15,0.7640382338768932
GSE267552,BC08,TMEM59,0.8650064283416573
GSE267552,BC08,DHCR24,0.08598374368728993
GSE267552,BC08,JUN,1.3682478323009226
GSE267552,BC08,JAK1,0.9452830168717599
GSE267552,BC08,PDE4B,0.9036685087339414
GSE267552,BC08,SERBP1,0.8521551739785029
GSE267552,BC08,SRSF11,0.8798444562048312
GSE267552,BC08,DNAJB4,0.9200665298756813
GSE267552,BC08,PRKACB,0.7890430692586539
GSE267552,BC08,GNG5,0.8739595035804052
GSE267552,BC08,GTF2B,0.8710408231580358
GSE267552,BC08,GBP5,0.8492548194031222
GSE267552,BC08,RPL5,0.7778052430343172
GSE267552,BC08,PRPF38B,0.7990615330524693
GSE267552,BC08,CD53,0.9506224171312453
GSE267552,BC08,DENND2D,0.7914582934138441
GSE267552,BC08,RAP1A,0.7868701862692794
GSE267552,BC08,BCAS2,0.7903221602841076
GSE267552,BC08,CSDE1,0.8836627925621401
GSE267552,BC08,ATP1A1,0.7772866147401104
GSE267552,BC08,CD2,1.0087688130519017
GSE267552,BC08,TENT5C,0.9227520310402354
GSE267552,BC08,HMGCS2,1.0
GSE267552,BC08,RBM8A,0.9282974798666921
GSE267552,BC08,TXNIP,1.0182788824169529
GSE267552,BC08,LINC01138,0.9091897009628981
GSE267552,BC08,MRPS21,0.8159783479997756
GSE267552,BC08,MCL1,1.0886510338689095
GSE267552,BC08,ENSA,0.7742947134594091
GSE267552,BC08,CDC42SE1,0.8211717378792572
GSE267552,BC08,S100A10,1.0590209247596354
GSE267552,BC08,S100A11,0.9843381950032807
GSE267552,BC08,S100A6,1.030519227985412
GSE267552,BC08,S100A4,1.1546035503280263
GSE267552,BC08,TPM3,0.969856719428909
GSE267552,BC08,ADAR,0.7756246958840688
GSE267552,BC08,KRTCAP2,0.9036458539104512
GSE267552,BC08,FDPS,0.5243209976863349
GSE267552,BC08,SSR2,0.9323569512901235
GSE267552,BC08,SH2D2A,0.87942306756979
GSE267552,BC08,PYHIN1,0.7730196650900385
GSE267552,BC08,IFI16,0.881275399364679
GSE267552,BC08,TAGLN2,1.0281503056219998
GSE267552,BC08,CD48,0.9390782106200698
GSE267552,BC08,TSTD1,0.7829024018353644
GSE267552,BC08,ARHGAP30,0.7606144485561612
GSE267552,BC08,HSPA6,1.309751237231822
GSE267552,BC08,HSD17B7,0.3883473893449648
GSE267552,BC08,CD247,0.8700782886413511
GSE267552,BC08,RCSD1,0.8033764079508333
GSE267552,BC08,XCL2,1.0736257201536383
GSE267552,BC08,XCL1,1.033300780842968
GSE267552,BC08,SELL,0.7654280463378279
GSE267552,BC08,PRRC2C,0.9295970624758572
GSE267552,BC08,PRDX6,0.7684803077851798
GSE267552,BC08,GAS5,0.8554727487702867
GSE267552,BC08,RABGAP1L,0.771029257927679
GSE267552,BC08,CACYBP,0.895749366741808
GSE267552,BC08,GLUL,0.7882388107333869
GSE267552,BC08,ARPC5,0.8599256138842922
GSE267552,BC08,TPR,0.8210145373127966
GSE267552,BC08,RGS1,1.2935698783076977
GSE267552,BC08,RGS2,0.891416596752893
GSE267552,BC08,PTPRC,0.7708701133033671
GSE267552,BC08,PTPN7,0.7607892595218414
GSE267552,BC08,BTG2,1.20976653264242
GSE267552,BC08,NUCKS1,0.8299956553769118
GSE267552,BC08,FCMR,0.8105114863236641
GSE267552,BC08,CD55,0.8420787993071491
GSE267552,BC08,TRAF3IP3,0.7971033602022248
GSE267552,BC08,ATF3,1.1359093897144734
GSE267552,BC08,CAPN2,0.7535737809535117
GSE267552,BC08,H3F3A,0.9541968099560735
GSE267552,BC08,ARF1,0.8949521806565895
GSE267552,BC08,GUK1,0.9232903709518627
GSE267552,BC08,TOMM20,0.7816687055237945
GSE267552,BC08,ARID4B,0.8295082856847991
GSE267552,BC08,LYST,0.8062283069527713
GSE267552,BC08,HNRNPU,0.9689424165412379
GSE267552,BC08,LINC01871,0.9444795568238918
GSE267552,BC08,ID2,1.1071187369140458
GSE267552,BC08,YWHAQ,0.8577999930353654
GSE267552,BC08,ODC1,0.8052664517347176
GSE267552,BC08,PDIA6,0.7615781252904895
GSE267552,BC08,RHOB,0.9349099752812761
GSE267552,BC08,OST4,0.9415194995115421
GSE267552,BC08,YPEL5,0.9940845591205018
GSE267552,BC08,LBH,0.9224736058483126
GSE267552,BC08,CDC42EP3,0.7867987227039757
GSE267552,BC08,SRSF7,1.0646043198561008
GSE267552,BC08,EML4,0.9160011802605971
GSE267552,BC08,ZFP36L2,0.9786304165203218
GSE267552,BC08,CALM2,0.9807288705892985
GSE267552,BC08,EPCAM,1.0
GSE267552,BC08,REL,0.871500407039062
GSE267552,BC08,CCT4,0.8436704442350471
GSE267552,BC08,ACTR2,0.9005627946979876
GSE267552,BC08,AAK1,0.7666348280137287
GSE267552,BC08,PCBP1,0.9192588097792362
GSE267552,BC08,SNRPG,0.8042571489690585
GSE267552,BC08,MOB1A,0.7621424749055723
GSE267552,BC08,VAMP8,0.8313552091514643
GSE267552,BC08,GNLY,1.2829890773822823
GSE267552,BC08,CD8A,1.0307828269749673
GSE267552,BC08,CD8B,1.115399949127842
GSE267552,BC08,CYTOR,0.9329487079088615
GSE267552,BC08,DUSP2,1.2840117311680428
GSE267552,BC08,COX5B,0.8982539754669147
GSE267552,BC08,ZAP70,0.8249608464676309
GSE267552,BC08,RPL31,0.917290273677851
GSE267552,BC08,GCC2,0.8522648614508244
GSE267552,BC08,RANBP2,0.8013567642229674
GSE267552,BC08,ACTR3,0.9066697673183483
GSE267552,BC08,DDX18,0.8076046281664466
GSE267552,BC08,DBI,0.831128813630332
GSE267552,BC08,GYPC,0.9393573774209973
GSE267552,BC08,MZT2B,0.9109771481084129
GSE267552,BC08,UBXN4,0.8860196400438778
GSE267552,BC08,CXCR4,1.0312892620666283
GSE267552,BC08,ARHGAP15,0.7615280671426331
GSE267552,BC08,PRPF40A,0.7536624083543725
GSE267552,BC08,NR4A2,1.1740015503738594
GSE267552,BC08,CYTIP,0.9852628114452874
GSE267552,BC08,RBMS1,0.7712750642765764
GSE267552,BC08,PPIG,0.7731743118368741
GSE267552,BC08,WIPF1,0.9577210087746448
GSE267552,BC08,ATP5MC3,0.8382625110203561
GSE267552,BC08,HNRNPA3,0.929674885117372
GSE267552,BC08,NFE2L2,0.7919711034577221
GSE267552,BC08,ITGA4,0.8959421881740266
GSE267552,BC08,ZC3H15,0.756505560551335
GSE267552,BC08,GLS,0.847648196794643
GSE267552,BC08,STAT1,0.926502458061844
GSE267552,BC08,STK17B,0.997470313676682
GSE267552,BC08,ANKRD44,0.8427617035496395
GSE267552,BC08,SF3B1,0.9201231995953243
GSE267552,BC08,HSPD1,1.1724871219176576
GSE267552,BC08,HSPE1,1.2681377735607127
GSE267552,BC08,BZW1,0.88457734907272
GSE267552,BC08,CLK1,0.9202982798799642
GSE267552,BC08,CFLAR,0.8448317902584684
GSE267552,BC08,NOP58,0.7830793190197247
GSE267552,BC08,CTLA4,0.6413981602146195
GSE267552,BC08,EEF1B2,0.9194454783136742
GSE267552,BC08,XRCC5,0.8382734202427601
GSE267552,BC08,RPL37A,0.8428098380311444
GSE267552,BC08,ARPC2,0.9697409095546482
GSE267552,BC08,TUBA4A,1.0640846904613444
GSE267552,BC08,SP110,0.7843407298427413
GSE267552,BC08,SP100,0.9402196436656762
GSE267552,BC08,ITM2C,0.9816023142101975
GSE267552,BC08,NCL,0.967480736185038
GSE267552,BC08,ARL4C,1.0116783906292877
GSE267552,BC08,LRRFIP1,0.8755458857187314
GSE267552,BC08,COPS9,0.7590996193661819
GSE267552,BC08,PDCD1,0.6370465211924313
GSE267552,BC08,ARPC4,0.8112078895658169
GSE267552,BC08,BRK1,0.7765617787339324
GSE267552,BC08,OXNAD1,0.8628899103069525
GSE267552,BC08,RPL15,0.8456551716777563
GSE267552,BC08,CMC1,0.8295400570638507
GSE267552,BC08,TGFBR2,0.8545761040599131
GSE267552,BC08,CSRNP1,0.842475952595858
GSE267552,BC08,RPSA,0.8719205152898273
GSE267552,BC08,CXCR6,0.8024239460859875
GSE267552,BC08,TMA7,0.8446309951000102
GSE267552,BC08,SHISA5,0.8284563909244279
GSE267552,BC08,RHOA,0.9424852763313935
GSE267552,BC08,GNAI2,0.9279649650964391
GSE267552,BC08,SPCS1,0.8563086565700992
GSE267552,BC08,SELENOK,0.9353599470441927
GSE267552,BC08,ARL6IP5,0.9417868492030731
GSE267552,BC08,CGGBP1,0.764492221718602
GSE267552,BC08,CLDND1,1.0032803061072835
GSE267552,BC08,NFKBIZ,0.8866266652084803
GSE267552,BC08,CBLB,0.8433754338912334
GSE267552,BC08,CD47,0.7591462147503667
GSE267552,BC08,TRAT1,0.8040976342712223
GSE267552,BC08,CD96,0.9520039163658219
GSE267552,BC08,TIGIT,0.8674855215016226
GSE267552,BC08,COX17,0.7721897878189904
GSE267552,BC08,NDUFB4,0.7907602594411003
GSE267552,BC08,HCLS1,0.9049482678663995
GSE267552,BC08,CNBP,0.9407693515047418
GSE267552,BC08,H1FX,1.1300809988058713
GSE267552,BC08,CDV3,0.8880713871437258
GSE267552,BC08,ZBTB38,0.8192537761309339
GSE267552,BC08,U2SURP,0.7747744599711219
GSE267552,BC08,SERP1,0.9234427751593445
GSE267552,BC08,MBNL1,0.966742910021286
GSE267552,BC08,CCNL1,0.8468719615014024
GSE267552,BC08,SEC62,0.8907020986282278
GSE267552,BC08,RPL22L1,0.8616760628898903
GSE267552,BC08,TRA2B,0.9008561163805079
GSE267552,BC08,EIF4A2,0.9417091645580163
GSE267552,BC08,PPP1R2,0.9556885389493475
GSE267552,BC08,PAK2,0.8373663604498861
GSE267552,BC08,ATP5ME,0.9134305351211213
GSE267552,BC08,LYAR,0.9084320576835068
GSE267552,BC08,WDR1,0.8345265240108931
GSE267552,BC08,BOD1L1,0.7642960648542493
GSE267552,BC08,ARAP2,0.8182542284469323
GSE267552,BC08,RPL9,0.8405262280426478
GSE267552,BC08,RHOH,0.9248076381229696
GSE267552,BC08,OCIAD2,0.8127442921207234
GSE267552,BC08,HOPX,0.9252689708848529
GSE267552,BC08,YTHDC1,0.7714493869253172
GSE267552,BC08,AREG,1.030256720855251
GSE267552,BC08,G3BP2,0.887648349470274
GSE267552,BC08,CCNI,0.9012489177914654
GSE267552,BC08,CXCL13,0.8628867239410668
GSE267552,BC08,HNRNPD,0.8320598647943704
GSE267552,BC08,HNRNPDL,0.9562682018764089
GSE267552,BC08,H2AFZ,1.0102118067932646
GSE267552,BC08,UBE2D3,0.9372101124185312
GSE267552,BC08,SNHG8,0.9657198785955563
GSE267552,BC08,C4orf3,0.8682399264546491
GSE267552,BC08,ANXA5,0.8606666639982318
GSE267552,BC08,HMGB2,0.9214791701027802
GSE267552,BC08,ANKRD37,0.7957174154671292
GSE267552,BC08,SUB1,0.9315200366364275
GSE267552,BC08,IL7R,1.5171295845654633
GSE267552,BC08,FYB1,0.9891329860978745
GSE267552,BC08,PTGER4,1.0055075472468291
GSE267552,BC08,PRKAA1,0.5230117848803956
GSE267552,BC08,EMB,0.894376303244542
GSE267552,BC08,PARP8,0.9633247685522499
GSE267552,BC08,GZMK,1.5091546844691714
GSE267552,BC08,GZMA,1.2394784636128662
GSE267552,BC08,GPBP1,0.8055396666089568
GSE267552,BC08,KIF2A,0.7914143512244238
GSE267552,BC08,PIK3R1,1.0749654152389505
GSE267552,BC08,BTF3,0.9100892551515445
GSE267552,BC08,NSA2,0.8838710517306411
GSE267552,BC08,TBCA,0.8384246636386776
GSE267552,BC08,COX7C,0.9358982014686823
GSE267552,BC08,CCNH,1.0086649231551201
GSE267552,BC08,CAST,0.8723904081656998
GSE267552,BC08,LNPEP,0.7969326022894841
GSE267552,BC08,CHD1,0.758537958159532
GSE267552,BC08,CAMK4,0.7752448334640532
GSE267552,BC08,REEP5,0.8371507221387052
GSE267552,BC08,TNFAIP8,0.8041354068190223
GSE267552,BC08,HINT1,0.976586894836746
GSE267552,BC08,CDC42SE2,0.8229849111180051
GSE267552,BC08,C5orf56,0.7778041321225823
GSE267552,BC08,IRF1,1.0312602602969283
GSE267552,BC08,UQCRQ,0.8078438606654974
GSE267552,BC08,TCF7,0.7954889807670599
GSE267552,BC08,SKP1,0.9419646586117725
GSE267552,BC08,UBE2B,0.7884723103964
GSE267552,BC08,HNRNPA0,0.839404321627712
GSE267552,BC08,EGR1,1.0689630642236
GSE267552,BC08,MATR3,0.8641801214382866
GSE267552,BC08,PAIP2,0.8121658197097233
GSE267552,BC08,UBE2D2,0.8746910037341391
GSE267552,BC08,CD14,0.057050581678138965
GSE267552,BC08,IK,0.7746205572518884
GSE267552,BC08,TAF7,0.7618899933528197
GSE267552,BC08,NDFIP1,0.8430395183520139
GSE267552,BC08,NR3C1,0.8616423909497798
GSE267552,BC08,CD74,1.2679717549143759
GSE267552,BC08,ANXA6,0.899965361503267
GSE267552,BC08,ITK,0.8522195250523884
GSE267552,BC08,MAT2B,0.7584941278594035
GSE267552,BC08,LCP2,0.9603527849167455
GSE267552,BC08,NPM1,0.9523867428203522
GSE267552,BC08,DUSP1,1.3437596692002884
GSE267552,BC08,ATP6V0E1,0.8880985304115043
GSE267552,BC08,HIGD2A,0.9405936482840302
GSE267552,BC08,PRELID1,0.7704159192071269
GSE267552,BC08,CANX,0.8004798063032256
GSE267552,BC08,SQSTM1,1.0161676668489292
GSE267552,BC08,RACK1,0.8054277555433565
GSE267552,BC08,SERPINB9,0.8001917679984147
GSE267552,BC08,PRPF4B,0.7927828076612484
GSE267552,BC08,TMEM14B,0.7546498251472049
GSE267552,BC08,DEK,0.8675365002452792
GSE267552,BC08,HIST1H4C,1.1074302942603687
GSE267552,BC08,HIST1H1E,0.9367501475394906
GSE267552,BC08,HIST1H1D,0.9136102180289006
GSE267552,BC08,HLA-F,0.9333676457530212
GSE267552,BC08,PPP1R10,0.7704616023902405
GSE267552,BC08,PPP1R18,0.824505162306126
GSE267552,BC08,TUBB,0.8422488720717135
GSE267552,BC08,TNF,0.8310859438839833
GSE267552,BC08,LTB,1.0181710710063743
GSE267552,BC08,CSNK2B,0.8518004492328684
GSE267552,BC08,CLIC1,0.9690540618342046
GSE267552,BC08,HSPA1A,1.913542464755556
GSE267552,BC08,HSPA1B,1.7446020862277671
GSE267552,BC08,GPSM3,0.9232913374211353
GSE267552,BC08,HLA-DRA,0.8862160977425065
GSE267552,BC08,HLA-DRB5,0.9215968750736252
GSE267552,BC08,HLA-DRB1,1.1479291490428616
GSE267552,BC08,TAP2,0.7754714805014066
GSE267552,BC08,PSMB8,0.8835678726828096
GSE267552,BC08,PSMB9,0.9990031715657097
GSE267552,BC08,TAP1,0.8075573529502025
GSE267552,BC08,BRD2,0.9994237878068819
GSE267552,BC08,HLA-DPA1,1.0475232112787782
GSE267552,BC08,HLA-DPB1,0.9983401247018898
GSE267552,BC08,TAPBP,0.9002827561149491
GSE267552,BC08,CUTA,0.8259629230608981
GSE267552,BC08,DEF6,0.8323903091133329
GSE267552,BC08,RPL10A,0.8790067136336268
GSE267552,BC08,FKBP5,0.7922155710054878
GSE267552,BC08,SRSF3,0.8762814812251141
GSE267552,BC08,CDKN1A,0.7578858455781757
GSE267552,BC08,TOMM6,0.8283637105941605
GSE267552,BC08,CCND3,0.8630224613408471
GSE267552,BC08,HSP90AB1,1.2224776793362617
GSE267552,BC08,PHF3,0.8209204192126411
GSE267552,BC08,COX7A2,0.8995022196220018
GSE267552,BC08,SNHG5,0.9014276228255244
GSE267552,BC08,PNRC1,0.8727793985020545
GSE267552,BC08,PNISR,0.843213785000993
GSE267552,BC08,PRDM1,1.055301437265622
GSE267552,BC08,CRYBG1,0.93024004854053
GSE267552,BC08,SNX3,0.757714502639585
GSE267552,BC08,CD164,0.815048951563278
GSE267552,BC08,AMD1,0.7816011730172441
GSE267552,BC08,FYN,0.9789772401114074
GSE267552,BC08,RWDD1,0.7741873766702617
GSE267552,BC08,SERINC1,0.7917434090476676
GSE267552,BC08,THEMIS,0.7944891628883309
GSE267552,BC08,SAMD3,0.848662961782644
GSE267552,BC08,BCLAF1,0.8175306310213251
GSE267552,BC08,TNFAIP3,1.2941213943963763
GSE267552,BC08,ABRACL,0.8411699933438924
GSE267552,BC08,CITED2,1.1164266265217409
GSE267552,BC08,SF3B5,0.7584335884803325
GSE267552,BC08,UTRN,0.7877807193637619
GSE267552,BC08,SYNE1,0.7583857491443248
GSE267552,BC08,DYNLT1,0.7688605093714767
GSE267552,BC08,SYTL3,0.8512209638385121
GSE267552,BC08,EZR,1.0439892332486633
GSE267552,BC08,TAGAP,1.1452300103545887
GSE267552,BC08,WTAP,0.8151979278737054
GSE267552,BC08,TCP1,0.7550386538879685
GSE267552,BC08,MRPL18,0.7609892636770357
GSE267552,BC08,PSMB1,0.8227042848633591
GSE267552,BC08,RAC1,0.7797883412080947
GSE267552,BC08,NDUFA4,0.922453308460141
GSE267552,BC08,TOMM7,0.9348940711300645
GSE267552,BC08,CYCS,0.9172256751047027
GSE267552,BC08,HNRNPA2B1,0.9120944460383744
GSE267552,BC08,CBX3,0.8245727467794778
GSE267552,BC08,TAX1BP1,0.7960936689297897
GSE267552,BC08,HERPUD2,0.8199584004553161
GSE267552,BC08,SEPTIN7,0.9541086004547514
GSE267552,BC08,AOAH,0.8230044145756598
GSE267552,BC08,TRG-AS1,0.8266129976705753
GSE267552,BC08,TRGV2,0.7647998408899203
GSE267552,BC08,STK17A,0.9714646176622078
GSE267552,BC08,PPIA,0.9402671772277218
GSE267552,BC08,H2AFV,0.8331764375420762
GSE267552,BC08,IKZF1,0.9234049662607426
GSE267552,BC08,SEC61G,0.8116631455282851
GSE267552,BC08,EGFR,1.0
GSE267552,BC08,CHCHD2,0.9332576630926902
GSE267552,BC08,SBDS,0.8568436932507637
GSE267552,BC08,MDH2,0.7544274513701281
GSE267552,BC08,HSPB1,1.019223438472103
GSE267552,BC08,SRI,0.7902322477319011
GSE267552,BC08,AKAP9,0.7880225523397046
GSE267552,BC08,SEM1,0.8607354556879208
GSE267552,BC08,ARPC1B,0.9711702908183338
GSE267552,BC08,ATP5MF,0.8642847245150594
GSE267552,BC08,LAMTOR4,0.8798201833090369
GSE267552,BC08,GNB2,0.8370570492683634
GSE267552,BC08,KMT2E,0.9090576340070549
GSE267552,BC08,IFRD1,0.7849165863700969
GSE267552,BC08,LSM8,0.7642398983575598
GSE267552,BC08,ARF5,0.7770856634184848
GSE267552,BC08,ZC3HAV1,0.8847204690720659
GSE267552,BC08,NDUFB2,0.8096775533143203
GSE267552,BC08,TRBV7-6,0.8457159030060865
GSE267552,BC08,TRBV7-9,0.8559192582507883
GSE267552,BC08,TRBV27,0.8135759923962179
GSE267552,BC08,TRBC1,0.95881065911191
GSE267552,BC08,TRBC2,1.0823174531574544
GSE267552,BC08,GSTK1,0.9288380682039952
GSE267552,BC08,ZYX,0.8947580897337832
GSE267552,BC08,GIMAP7,1.0288971442738961
GSE267552,BC08,GIMAP4,0.9591735971152128
GSE267552,BC08,GIMAP5,0.7914322634783905
GSE267552,BC08,DNAJB6,0.8298299624297119
GSE267552,BC08,PCM1,0.7860292834608421
GSE267552,BC08,DOK2,0.800282287330122
GSE267552,BC08,DUSP4,1.2246907545520331
GSE267552,BC08,SARAF,0.8596284941327085
GSE267552,BC08,LEPROTL1,0.989323518963155
GSE267552,BC08,TCEA1,0.8739400407297199
GSE267552,BC08,RPS20,0.9712276273015985
GSE267552,BC08,SDCBP,0.8300726551664441
GSE267552,BC08,PDE7A,0.8147517168144028
GSE267552,BC08,SNHG6,0.8993608755131268
GSE267552,BC08,TRAM1,0.7783272515794899
GSE267552,BC08,RPL7,0.9806563187060614
GSE267552,BC08,FABP5,0.7569731935266827
GSE267552,BC08,RBIS,0.783925332058671
GSE267552,BC08,UQCRB,0.9583561131872808
GSE267552,BC08,MTDH,0.8401826756526364
GSE267552,BC08,COX6C,0.9209250671550498
GSE267552,BC08,RNF19A,0.9255623109642114
GSE267552,BC08,PABPC1,0.910507815698909
GSE267552,BC08,YWHAZ,0.8974332441363873
GSE267552,BC08,EIF3E,0.7880677994370555
GSE267552,BC08,EIF3H,0.8797939991713417
GSE267552,BC08,RAD21,0.7890281854259775
GSE267552,BC08,NDUFB9,0.7639206070388799
GSE267552,BC08,FAM49B,0.755687057838011
GSE267552,BC08,SLA,0.8923617328853501
GSE267552,BC08,LY6E,1.0277224169787607
GSE267552,BC08,EEF1D,0.8298043207030417
GSE267552,BC08,VPS28,0.8536125704965661
GSE267552,BC08,DOCK8,0.8160437242463496
GSE267552,BC08,VLDLR,0.04586983763242617
GSE267552,BC08,CD274,0.12406260092731872
GSE267552,BC08,PSIP1,0.7847869093252549
GSE267552,BC08,RPS6,0.7805185402351421
GSE267552,BC08,DNAJA1,1.3390911990118797
GSE267552,BC08,VCP,0.8201141093828787
GSE267552,BC08,TLN1,0.8500329193646695
GSE267552,BC08,CEMIP2,0.7674419974111856
GSE267552,BC08,ZFAND5,0.8867935774559552
GSE267552,BC08,ANXA1,1.331984465999644
GSE267552,BC08,OSTF1,0.7775071376305728
GSE267552,BC08,HNRNPK,0.9358902789447223
GSE267552,BC08,CKS2,0.7637382490549064
GSE267552,BC08,SEMA4D,0.7796376650448891
GSE267552,BC08,ANP32B,0.8699126856886128
GSE267552,BC08,SEC61B,0.8515426351556281
GSE267552,BC08,TXN,0.7983384955977604
GSE267552,BC08,AKNA,0.82246777715583
GSE267552,BC08,ATP6V1G1,0.8783149784937124
GSE267552,BC08,STOM,0.7722001786507298
GSE267552,BC08,RPL35,0.8381206341298522
GSE267552,BC08,ARPC5L,0.7857333639047376
GSE267552,BC08,HSPA5,1.07255235490852
GSE267552,BC08,C9orf16,0.8480896242491692
GSE267552,BC08,SPTAN1,0.8309853603550729
GSE267552,BC08,SET,0.9292510188764597
GSE267552,BC08,C9orf78,0.8171340979237374
GSE267552,BC08,FNBP1,0.8540498459198089
GSE267552,BC08,SNHG7,0.7568151630128049
GSE267552,BC08,EDF1,0.887015531918086
GSE267552,BC08,PAXX,0.8875121597490476
GSE267552,BC08,TUBB4B,0.8977177938877903
GSE267552,BC08,KLF6,1.2280398991697445
GSE267552,BC08,GDI2,0.8005526006690727
GSE267552,BC08,PFKFB3,0.7668691465069899
GSE267552,BC08,ATP5F1C,0.7799729141959367
GSE267552,BC08,CELF2,0.8802102752592121
GSE267552,BC08,OPTN,0.7965323110057508
GSE267552,BC08,FAM107B,0.9380971797113935
GSE267552,BC08,VIM,1.0995661285308658
GSE267552,BC08,AL133415.1,0.8554711238338646
GSE267552,BC08,PIP4K2A,0.8558399850580931
GSE267552,BC08,APBB1IP,0.8735604829597615
GSE267552,BC08,YME1L1,0.7627041540592582
GSE267552,BC08,EPC1,0.853278495326369
GSE267552,BC08,ITGB1,0.9543693204618083
GSE267552,BC08,CREM,0.9337125146071016
GSE267552,BC08,HNRNPF,0.8785616927407269
GSE267552,BC08,JMJD1C,0.7570308625136165
GSE267552,BC08,DDX21,0.7914771217349379
GSE267552,BC08,SRGN,0.9277571104050024
GSE267552,BC08,PRF1,0.9476526543249646
GSE267552,BC08,PSAP,0.845363288636308
GSE267552,BC08,SPOCK2,0.9086144413456808
GSE267552,BC08,ANAPC16,0.8920288400400734
GSE267552,BC08,DDIT4,1.1753487529263666
GSE267552,BC08,ANXA11,0.8270641734600142
GSE267552,BC08,GHITM,0.8076521103714432
GSE267552,BC08,CCSER2,0.7638398885826521
GSE267552,BC08,PGAM1,0.7977357282680883
GSE267552,BC08,NDUFB8,0.824835736687503
GSE267552,BC08,OGA,0.7575167451277793
GSE267552,BC08,ATP5MD,0.920469870864379
GSE267552,BC08,DUSP5,0.9633404745902427
GSE267552,BC08,PDCD4,0.9752174021693603
GSE267552,BC08,RGS10,0.8629572369039088
GSE267552,BC08,BUB3,0.83008444364636
GSE267552,BC08,IFITM2,1.1597898276751042
GSE267552,BC08,IFITM1,1.142931299547949
GSE267552,BC08,POLR2L,0.9034227332107887
GSE267552,BC08,CTSD,0.9147437504660134
GSE267552,BC08,LSP1,0.9657703858660175
GSE267552,BC08,CD81,0.9224261037267817
GSE267552,BC08,NAP1L4,0.8888852080934317
GSE267552,BC08,TRIM22,0.8712672879451264
GSE267552,BC08,TAF10,0.8668679350247063
GSE267552,BC08,EIF3F,0.898858571653546
GSE267552,BC08,RPL27A,0.9643240861421998
GSE267552,BC08,EIF4G2,0.9110025818800964
GSE267552,BC08,C11orf58,0.8643428493107508
GSE267552,BC08,NUCB2,0.8099958642849189
GSE267552,BC08,LDHA,1.0200794237253799
GSE267552,BC08,EIF3M,0.763323076970455
GSE267552,BC08,CD44,0.9971286053854286
GSE267552,BC08,UBE2L6,0.8088857022661974
GSE267552,BC08,SELENOH,0.7727048344090561
GSE267552,BC08,CD6,0.8238508695291872
GSE267552,BC08,CD5,0.7657474674387843
GSE267552,BC08,TMEM258,0.886181139277039
GSE267552,BC08,FTH1,0.8904757423010098
GSE267552,BC08,AHNAK,1.0175440090052188
GSE267552,BC08,EEF1G,0.9793166402390161
GSE267552,BC08,UBXN1,0.8363526890219529
GSE267552,BC08,SLC3A2,0.8142673488400446
GSE267552,BC08,PLAAT4,0.9972925887015848
GSE267552,BC08,COX8A,0.8926069088209375
GSE267552,BC08,PPP1R14B,0.8978471177389723
GSE267552,BC08,TRMT112,0.8892474046608999
GSE267552,BC08,SF1,0.9167650776853298
GSE267552,BC08,NEAT1,0.9647166150298301
GSE267552,BC08,MALAT1,0.7774945069865781
GSE267552,BC08,CFL1,0.8972325117207185
GSE267552,BC08,CTSW,1.0357754829283914
GSE267552,BC08,CCDC85B,0.8002162195770687
GSE267552,BC08,DRAP1,0.9189919269691547
GSE267552,BC08,SF3B2,0.8371043355783151
GSE267552,BC08,RAB1B,0.7569342567140873
GSE267552,BC08,PPP1CA,0.8305531374257422
GSE267552,BC08,TBC1D10C,0.8631558649988432
GSE267552,BC08,PTPRCAP,0.9768012558393327
GSE267552,BC08,CORO1B,0.9629012976204634
GSE267552,BC08,GSTP1,0.8898857687302113
GSE267552,BC08,DHCR7,0.2841841314643129
GSE267552,BC08,UCP2,0.8672134494825514
GSE267552,BC08,SPCS2,0.8118676243829108
GSE267552,BC08,RSF1,0.7791064789602514
GSE267552,BC08,CTSC,0.8755186274612992
GSE267552,BC08,CHORDC1,0.7891161727012458
GSE267552,BC08,TAF1D,0.8182279588231638
GSE267552,BC08,BIRC3,0.8848399755801786
GSE267552,BC08,TMEM123,0.757177316336987
GSE267552,BC08,CARD16,0.8306041247230332
GSE267552,BC08,ATM,0.7679034924557406
GSE267552,BC08,NCAM1,0.08579358875617253
GSE267552,BC08,IL10RA,0.9027636268015142
GSE267552,BC08,CD3D,0.9588117813965561
GSE267552,BC08,CD3G,0.9684272596342767
GSE267552,BC08,ATP5MG,0.960417542090736
GSE267552,BC08,KMT2A,0.8655333892073512
GSE267552,BC08,DDX6,0.8725372786578244
GSE267552,BC08,CRTAM,0.950656499844425
GSE267552,BC08,HSPA8,1.1575984739706955
GSE267552,BC08,ETS1,0.9875189247520966
GSE267552,BC08,WNK1,0.7977036589800137
GSE267552,BC08,CCND2,0.7732374559748011
GSE267552,BC08,CD27,0.8736113330599868
GSE267552,BC08,GAPDH,0.9555540906423134
GSE267552,BC08,LAG3,0.8273451263366363
GSE267552,BC08,CD4,0.08756830402421574
GSE267552,BC08,TPI1,0.9518528015960027
GSE267552,BC08,C12orf57,0.9850546413407015
GSE267552,BC08,PTPN6,0.776697273196709
GSE267552,BC08,SLC2A3,1.0817423200548355
GSE267552,BC08,KLRG1,0.7613182194372949
GSE267552,BC08,CLEC2D,0.91311070893538
GSE267552,BC08,CD69,1.2028142554642685
GSE267552,BC08,CLEC2B,1.0316990207483667
GSE267552,BC08,GABARAPL1,0.8126902862791706
GSE267552,BC08,KLRD1,1.0509656952991537
GSE267552,BC08,KLRK1,1.003595234101146
GSE267552,BC08,KLRC4,0.8677065610692827
GSE267552,BC08,KLRC2,0.8998522810862365
GSE267552,BC08,LINC02446,0.9791941566347392
GSE267552,BC08,CDKN1B,0.9523980270543181
GSE267552,BC08,ATF7IP,0.791736989768523
GSE267552,BC08,ARHGDIB,0.8979899315513986
GSE267552,BC08,LDHB,0.9506089229973641
GSE267552,BC08,FGFR1OP2,0.7539072945500588
GSE267552,BC08,RESF1,1.0184744745570706
GSE267552,BC08,SCAF11,0.849927107273305
GSE267552,BC08,SLC38A1,0.7707383973294496
GSE267552,BC08,SLC38A2,0.8895969573644857
GSE267552,BC08,PCED1B-AS1,0.9755105022065863
GSE267552,BC08,TUBA1B,0.9470849435773793
GSE267552,BC08,TUBA1A,1.0381331288968294
GSE267552,BC08,TMBIM6,0.9396790785394571
GSE267552,BC08,LIMA1,0.413673414204413
GSE267552,BC08,DAZAP2,0.9312837645160776
GSE267552,BC08,BIN2,0.8196219205328381
GSE267552,BC08,NR4A1,1.2998987159734534
GSE267552,BC08,EIF4B,0.8876439601503664
GSE267552,BC08,PFDN5,0.9078264679834644
GSE267552,BC08,PRR13,0.8973810898774007
GSE267552,BC08,ATP5MC2,0.9596663789896404
GSE267552,BC08,HNRNPA1,0.9183014669712288
GSE267552,BC08,BLOC1S1,0.8132138013032763
GSE267552,BC08,CD63,0.8497266249698938
GSE267552,BC08,PA2G4,0.8336537803620496
GSE267552,BC08,MYL6,0.9532034718212862
GSE267552,BC08,ATP5F1B,0.8695359867327455
GSE267552,BC08,PTGES3,0.9488686514401533
GSE267552,BC08,NACA,0.7700727196739368
GSE267552,BC08,ARHGAP9,0.8344993176396216
GSE267552,BC08,USP15,0.7827373838426858
GSE267552,BC08,TMBIM4,0.7782516812403777
GSE267552,BC08,IFNG,1.005735001041806
GSE267552,BC08,RAP1B,0.8816368489735505
GSE267552,BC08,GLIPR1,0.8630183110949772
GSE267552,BC08,PHLDA1,0.8325046146382157
GSE267552,BC08,NAP1L1,0.8291554624756687
GSE267552,BC08,PPP1R12A,0.7872049734830664
GSE267552,BC08,AC025164.1,0.7535271134409652
GSE267552,BC08,SLC25A3,0.8924978858298007
GSE267552,BC08,HSP90B1,0.9669241585617501
GSE267552,BC08,C12orf75,0.7620161469434301
GSE267552,BC08,ISCU,0.8075565236547952
GSE267552,BC08,SELPLG,0.86044614161456
GSE267552,BC08,ARPC3,0.9504881953717799
GSE267552,BC08,ERP29,0.8711061965329782
GSE267552,BC08,PEBP1,0.8411026983449491
GSE267552,BC08,RPLP0,0.8127793994567567
GSE267552,BC08,COX6A1,0.9394461192369017
GSE267552,BC08,SRSF9,0.7799396446905178
GSE267552,BC08,DYNLL1,0.9432232499616077
GSE267552,BC08,OASL,0.8300974204973185
GSE267552,BC08,RSRC2,0.8405238249410729
GSE267552,BC08,ARL6IP4,0.8408905574604446
GSE267552,BC08,UBC,0.9151408386856689
GSE267552,BC08,RAN,0.9094889563073277
GSE267552,BC08,MPHOSPH8,0.814967600572984
GSE267552,BC08,SAP18,0.9266251677692501
GSE267552,BC08,RPL21,0.8314738785760887
GSE267552,BC08,GTF3A,0.8113606883837341
GSE267552,BC08,HMGB1,0.9624757336182852
GSE267552,BC08,ALOX5AP,1.0418546448959385
GSE267552,BC08,HSPH1,1.4094832658672014
GSE267552,BC08,N4BP2L2,0.7981971261291403
GSE267552,BC08,ELF1,0.9600103854782033
GSE267552,BC08,RGCC,1.2844802017378616
GSE267552,BC08,TPT1,0.756457912519907
GSE267552,BC08,AL138963.4,0.8419203569011902
GSE267552,BC08,LCP1,0.9662088293372164
GSE267552,BC08,ITM2B,0.9060100200094173
GSE267552,BC08,COMMD6,0.9549070931509578
GSE267552,BC08,MYCBP2,0.7837440396202574
GSE267552,BC08,GPR183,0.794708342713198
GSE267552,BC08,ARGLU1,0.8848669039481454
GSE267552,BC08,LAMP1,0.7535533717292193
GSE267552,BC08,HNRNPC,0.8945874183817089
GSE267552,BC08,TRDV1,0.7589045881954256
GSE267552,BC08,TRAC,0.8569058873880521
GSE267552,BC08,DAD1,0.8476472767185066
GSE267552,BC08,PABPN1,0.7656732866961954
GSE267552,BC08,PSME1,0.9586400225862468
GSE267552,BC08,PSME2,0.956849228064314
GSE267552,BC08,NEDD8,0.8257830228608638
GSE267552,BC08,GZMH,1.0869026308137717
GSE267552,BC08,GZMB,1.0054487060763504
GSE267552,BC08,SNX6,0.7989105689909781
GSE267552,BC08,FAM177A1,0.9343435068880336
GSE267552,BC08,PSMA6,0.7783045818051701
GSE267552,BC08,NFKBIA,1.2652232773569279
GSE267552,BC08,PNN,0.7952465068493345
GSE267552,BC08,RPL36AL,0.9166349761407481
GSE267552,BC08,ARF6,0.8953875767219127
GSE267552,BC08,GNG2,0.8728530473794114
GSE267552,BC08,RTRAF,0.7554341747734836
GSE267552,BC08,LGALS3,0.840008029491299
GSE267552,BC08,KTN1,0.9018903102952381
GSE267552,BC08,DHRS7,0.8677926739361986
GSE267552,BC08,PRKCH,0.8920586036865437
GSE267552,BC08,HIF1A,0.8829155695394788
GSE267552,BC08,SYNE2,0.9108139308297447
GSE267552,BC08,CHURC1,0.8410030961414671
GSE267552,BC08,ZFP36L1,1.0901301159402368
GSE267552,BC08,SRSF5,0.9208537708810378
GSE267552,BC08,RBM25,0.8595274974563035
GSE267552,BC08,TMED10,0.7619722565757747
GSE267552,BC08,FOS,1.677494929349354
GSE267552,BC08,GPR65,0.7909959080250326
GSE267552,BC08,CALM1,0.9286090784453188
GSE267552,BC08,TC2N,0.8434238757047711
GSE267552,BC08,NDUFB1,0.8179105255107832
GSE267552,BC08,DDX24,0.9886367823905202
GSE267552,BC08,PAPOLA,0.7780950985574346
GSE267552,BC08,BCL11B,0.8573022788320062
GSE267552,BC08,EVL,0.9839646183370484
GSE267552,BC08,PPP2R5C,0.9186136531700858
GSE267552,BC08,HSP90AA1,1.3639672384862231
GSE267552,BC08,EIF5,0.9627502133981037
GSE267552,BC08,ATP5MPL,0.8149699218114461
GSE267552,BC08,CRIP1,1.1207556046127325
GSE267552,BC08,SNRPN,0.7633734202266632
GSE267552,BC08,NSMCE3,0.8018530651732688
GSE267552,BC08,KLF13,0.7628915476389734
GSE267552,BC08,SRP14,0.9141033525237557
GSE267552,BC08,PDIA3,0.9395076087644513
GSE267552,BC08,SERF2,0.8781965563662468
GSE267552,BC08,EID1,0.8054067384116401
GSE267552,BC08,VPS13C,0.8026396370063235
GSE267552,BC08,PPIB,0.9674182329445743
GSE267552,BC08,RPL4,0.984477621085986
GSE267552,BC08,PKM,0.8644423385624632
GSE267552,BC08,CSK,0.8032039236988265
GSE267552,BC08,COX5A,0.7716643766006401
GSE267552,BC08,MORF4L1,0.9051600306479675
GSE267552,BC08,IL16,0.8216369141752818
GSE267552,BC08,RPS17,0.8977151769205836
GSE267552,BC08,AKAP13,0.9293944558318676
GSE267552,BC08,ISG20,0.996093772068708
GSE267552,BC08,IDH2,0.7549505054266463
GSE267552,BC08,CIB1,0.9282703711953263
GSE267552,BC08,IQGAP1,0.9119220372017359
GSE267552,BC08,LINC01578,0.9563812444172495
GSE267552,BC08,UBE2I,0.7755764447505648
GSE267552,BC08,NDUFB10,0.7554088141431103
GSE267552,BC08,ATP6V0C,0.9459840540930163
GSE267552,BC08,SRRM2,0.9322169899302709
GSE267552,BC08,ELOB,0.9284117305513254
GSE267552,BC08,IL32,0.9538823146476764
GSE267552,BC08,SOCS1,1.0745682035217201
GSE267552,BC08,LITAF,0.9620095287943027
GSE267552,BC08,GSPT1,0.819976733105921
GSE267552,BC08,ARL6IP1,0.8741867718075702
GSE267552,BC08,RBBP6,0.7891677685189625
GSE267552,BC08,CD19,0.01934410635049303
GSE267552,BC08,LAT,0.8457103854895748
GSE267552,BC08,ALDOA,0.9369052520203366
GSE267552,BC08,YPEL3,0.8665565013875401
GSE267552,BC08,CORO1A,0.971826994491379
GSE267552,BC08,SEPTIN1,0.9409631933814369
GSE267552,BC08,FUS,0.9731367307784703
GSE267552,BC08,RBL2,0.8262699091788788
GSE267552,BC08,MT2A,1.1425767864919634
GSE267552,BC08,HERPUD1,1.0636931991020881
GSE267552,BC08,CKLF,0.9747012036404422
GSE267552,BC08,PSMB10,0.8720233954116468
GSE267552,BC08,GABARAPL2,0.8266951595043309
GSE267552,BC08,TERF2IP,0.9282762297888616
GSE267552,BC08,COTL1,1.0905646703059675
GSE267552,BC08,COX4I1,0.9344098242664641
GSE267552,BC08,MAP1LC3B,0.9167692769168083
GSE267552,BC08,SLC7A5,0.7857748399567936
GSE267552,BC08,CYBA,0.9073722705241266
GSE267552,BC08,APRT,0.8839824389531774
GSE267552,BC08,ANKRD11,0.7810760012174872
GSE267552,BC08,TCF25,0.8230734246676252
GSE267552,BC08,ITGAE,0.7931424274094201
GSE267552,BC08,RNF167,0.7615176951765396
GSE267552,BC08,PFN1,0.833158059898471
GSE267552,BC08,RNASEK,0.9505230320962544
GSE267552,BC08,GABARAP,0.9194681791663808
GSE267552,BC08,EIF5A,0.7919439159591133
GSE267552,BC08,ACAP1,0.8232477218936388
GSE267552,BC08,EIF4A1,0.9575183933020451
GSE267552,BC08,TRAPPC1,0.8312015515899083
GSE267552,BC08,VAMP2,0.9225727420654564
GSE267552,BC08,NCOR1,0.8372946599263129
GSE267552,BC08,UBB,1.0633964386274335
GSE267552,BC08,SNHG29,0.9661190081689299
GSE267552,BC08,WSB1,0.8175544285880335
GSE267552,BC08,RPL23A,0.7694363864956524
GSE267552,BC08,EVI2B,0.8335402501968406
GSE267552,BC08,SLFN5,0.825601333420197
GSE267552,BC08,CCL5,0.8331392123563133
GSE267552,BC08,CCL3,0.7780378073590216
GSE267552,BC08,CCL4,1.7787749932936894
GSE267552,BC08,CCL4L2,1.389136599593905
GSE267552,BC08,SYNRG,0.7882480871462932
GSE267552,BC08,PSMB3,0.7557529005845233
GSE267552,BC08,RPL23,0.942142977013262
GSE267552,BC08,ERBB2,0.08098112566021735
GSE267552,BC08,IKZF3,0.8709495457284776
GSE267552,BC08,KRT10,0.8038629484501205
GSE267552,BC08,EIF1,0.7542190860834899
GSE267552,BC08,STAT3,0.8304074904801654
GSE267552,BC08,RPL27,0.9422889500811638
GSE267552,BC08,TBX21,0.7584342916829653
GSE267552,BC08,SKAP1,0.8814912953469457
GSE267552,BC08,TOB1,0.9903934462353665
GSE267552,BC08,NME2,0.858824073055802
GSE267552,BC08,LIMD2,1.0038947191521967
GSE267552,BC08,DDX5,0.8677361964625084
GSE267552,BC08,PITPNC1,0.7823221622261197
GSE267552,BC08,PRKAR1A,0.7783691526461863
GSE267552,BC08,RPL38,0.8862988706575183
GSE267552,BC08,SLC9A3R1,0.8813792270982871
GSE267552,BC08,FDXR,0.13117687551621285
GSE267552,BC08,ATP5PD,0.7596020134133677
GSE267552,BC08,JPT1,0.7675871447352721
GSE267552,BC08,SUMO2,0.94243978465452
GSE267552,BC08,H3F3B,0.7950964365501193
GSE267552,BC08,UBALD2,0.8603227163583962
GSE267552,BC08,SRSF2,0.9154377991429535
GSE267552,BC08,SEPTIN9,0.9523603297451295
GSE267552,BC08,EIF4A3,0.8215095917419262
GSE267552,BC08,RNF213,0.9866951026976233
GSE267552,BC08,ACTG1,0.9302015133671329
GSE267552,BC08,P4HB,0.7560758142792059
GSE267552,BC08,ARHGDIA,0.8482759090126076
GSE267552,BC08,CD7,1.1486387120865211
GSE267552,BC08,METRNL,0.8144392008781315
GSE267552,BC08,SMCHD1,0.9583293788860474
GSE267552,BC08,MYL12A,0.9343038073895725
GSE267552,BC08,MYL12B,0.950249161392688
GSE267552,BC08,ANKRD12,0.9338220389592646
GSE267552,BC08,ROCK1,0.7729085169206878
GSE267552,BC08,ATP5F1A,0.7622435433547224
GSE267552,BC08,RPL17,0.8456576752479866
GSE267552,BC08,MBD2,0.7538292469023101
GSE267552,BC08,PMAIP1,0.8153475696059153
GSE267552,BC08,MBP,0.89935340712274
GSE267552,BC08,GZMM,0.9277382145948193
GSE267552,BC08,CNN2,0.9108697789235328
GSE267552,BC08,GPX4,0.8854714916957467
GSE267552,BC08,ATP5F1D,0.8890165371034889
GSE267552,BC08,CIRBP,0.9514271561351968
GSE267552,BC08,UQCR11,0.9308611890472829
GSE267552,BC08,ABHD17A,0.8219989703239166
GSE267552,BC08,OAZ1,0.8975734532016586
GSE267552,BC08,LSM7,0.8278141133420694
GSE267552,BC08,GADD45B,1.0854059936437337
GSE267552,BC08,TLE5,0.9575078922907652
GSE267552,BC08,MATK,0.7757051280371777
GSE267552,BC08,EEF2,0.9569188490648233
GSE267552,BC08,MAP2K2,0.7640933256765018
GSE267552,BC08,NDUFA11,0.8352365346528788
GSE267552,BC08,TNFSF9,0.9402641784556592
GSE267552,BC08,PET100,0.829340049954315
GSE267552,BC08,HNRNPM,0.7858410583994327
GSE267552,BC08,UBL5,0.9405188279499211
GSE267552,BC08,EIF3G,0.8658593296127031
GSE267552,BC08,ICAM3,0.7791137705398516
GSE267552,BC08,CDC37,0.8607907101122053
GSE267552,BC08,WDR83OS,0.847308727398605
GSE267552,BC08,TRIR,0.9172199073567944
GSE267552,BC08,JUNB,1.3288904628325147
GSE267552,BC08,CALR,0.9443573038005918
GSE267552,BC08,IER2,1.1345424147647925
GSE267552,BC08,C19orf53,0.8274071417248726
GSE267552,BC08,ADGRE5,0.9341588006212037
GSE267552,BC08,DNAJB1,1.52319235414297
GSE267552,BC08,TECR,0.7951224840822253
GSE267552,BC08,RASAL3,0.8098966572259848
GSE267552,BC08,KLF2,1.5324950965323865
GSE267552,BC08,BST2,0.853628519525636
GSE267552,BC08,JUND,1.1035201996121857
GSE267552,BC08,FKBP8,0.8098490606211988
GSE267552,BC08,UBA52,0.8448075996302404
GSE267552,BC08,REX1BD,0.8466795101976536
GSE267552,BC08,COPE,0.7944675694519
GSE267552,BC08,NDUFA13,0.9057394723353369
GSE267552,BC08,LSM14A,0.7788882063605179
GSE267552,BC08,GPI,0.774238605861373
GSE267552,BC08,FXYD5,0.9942477304943793
GSE267552,BC08,COX6B1,0.9369433642622222
GSE267552,BC08,HCST,0.9567660565716571
GSE267552,BC08,EIF3K,0.9481875848931403
GSE267552,BC08,ACTN4,0.8122266218689811
GSE267552,BC08,ECH1,0.7926390815124468
GSE267552,BC08,HNRNPL,0.8948487311345956
GSE267552,BC08,GMFG,0.9564738459780004
GSE267552,BC08,ZFP36,1.30134151570943
GSE267552,BC08,RPS16,0.8391268958271061
GSE267552,BC08,SERTAD1,0.9371069230848104
GSE267552,BC08,TGFB1,1.0154425376081573
GSE267552,BC08,ARHGEF1,0.9136573584575026
GSE267552,BC08,RABAC1,0.8894073764600133
GSE267552,BC08,FOSB,1.3705255490881043
GSE267552,BC08,SNRPD2,0.9439010447216922
GSE267552,BC08,CALM3,0.8494701609404615
GSE267552,BC08,NOP53,0.8853301134689701
GSE267552,BC08,SELENOW,0.8406800447779647
GSE267552,BC08,EMP3,1.0030529090685327
GSE267552,BC08,PPP1R15A,1.1687698609952606
GSE267552,BC08,BAX,0.7715659115545379
GSE267552,BC08,FTL,1.0013273397684324
GSE267552,BC08,CD37,0.9447843132752243
GSE267552,BC08,RPL13A,0.900509525277766
GSE267552,BC08,RPS11,0.9669413326546967
GSE267552,BC08,NKG7,1.2261665439968896
GSE267552,BC08,ZNF331,1.184555133590378
GSE267552,BC08,MYADM,0.9091636184517304
GSE267552,BC08,NDUFA3,0.9420309303039971
GSE267552,BC08,RPS9,0.8624098232860903
GSE267552,BC08,UBE2S,1.0228164865990406
GSE267552,BC08,RPS5,0.7760835400067736
GSE267552,BC08,SNRPB,0.8034041673014173
GSE267552,BC08,TMX4,0.817458882035915
GSE267552,BC08,CST7,1.151456631438827
GSE267552,BC08,APMAP,0.75979441779724
GSE267552,BC08,RALY,0.7575108192960203
GSE267552,BC08,EIF2S2,0.7662019125204123
GSE267552,BC08,ROMO1,0.8383650551489589
GSE267552,BC08,RBM39,0.9633311871380962
GSE267552,BC08,SCAND1,0.7567610353325636
GSE267552,BC08,YWHAB,0.9692380602817884
GSE267552,BC08,STK4,0.9370483840117811
GSE267552,BC08,CTSA,0.7702992002254907
GSE267552,BC08,PREX1,0.765772138356772
GSE267552,BC08,ZFAS1,0.9234969251739937
GSE267552,BC08,UBE2V1,0.841451634209603
GSE267552,BC08,CEBPB,0.7700724687134048
GSE267552,BC08,NFATC2,0.7673745624045816
GSE267552,BC08,RBM38,0.7844515245478486
GSE267552,BC08,GNAS,0.9613385827622011
GSE267552,BC08,ATP5F1E,0.8419525415564566
GSE267552,BC08,PSMA7,0.923905879036806
GSE267552,BC08,PPDPF,0.9145607236524731
GSE267552,BC08,LIME1,0.9198485969448923
GSE267552,BC08,SAMSN1,1.024209770059736
GSE267552,BC08,BTG3,0.7693279197153844
GSE267552,BC08,ATP5PF,0.8318794610247731
GSE267552,BC08,SOD1,0.978171165284405
GSE267552,BC08,SON,0.9575741338164746
GSE267552,BC08,ATP5PO,0.7877114660701685
GSE267552,BC08,MRPS6,0.8200467592452912
GSE267552,BC08,HMGN1,0.9516917513491993
GSE267552,BC08,ABCG1,0.5383353982060657
GSE267552,BC08,CSTB,0.8678130925897688
GSE267552,BC08,ITGB2,0.9790607373917868
GSE267552,BC08,PRMT2,0.8034393620228635
GSE267552,BC08,CHCHD10,0.7617072692095165
GSE267552,BC08,MIF,0.9834820159550625
GSE267552,BC08,XBP1,0.7682365594432702
GSE267552,BC08,EWSR1,0.8433800543218517
GSE267552,BC08,UQCR10,0.871801137406054
GSE267552,BC08,PIK3IP1,0.9041013750563333
GSE267552,BC08,MYH9,0.9970052161282924
GSE267552,BC08,RAC2,0.9372749363313971
GSE267552,BC08,LGALS1,0.9949069264991759
GSE267552,BC08,DDX17,0.9177571339783508
GSE267552,BC08,SUN2,0.9184849389417554
GSE267552,BC08,APOBEC3G,0.9741144304167341
GSE267552,BC08,RPL3,0.813138215350948
GSE267552,BC08,ST13,0.834655483208252
GSE267552,BC08,XRCC6,0.80438477278892
GSE267552,BC08,SNU13,0.8573365924629517
GSE267552,BC08,SMDT1,0.8698135652727228
GSE267552,BC08,TSPO,0.7879974006722569
GSE267552,BC08,SLC25A6,0.9700246048371145
GSE267552,BC08,CD99,0.9552911392684335
GSE267552,BC08,SH3KBP1,0.8684188097697743
GSE267552,BC08,EIF1AX,0.7951432786935347
GSE267552,BC08,SAT1,1.0593300404122477
GSE267552,BC08,DDX3X,0.917350866409206
GSE267552,BC08,NDUFB11,0.8597222021266919
GSE267552,BC08,UXT,0.8244615245656647
GSE267552,BC08,RBM3,0.8629382388715713
GSE267552,BC08,WAS,0.8210384228805826
GSE267552,BC08,PLP2,0.8978354227124613
GSE267552,BC08,TSPYL2,1.033452623720286
GSE267552,BC08,MSN,0.9448451943756409
GSE267552,BC08,IL2RG,0.9729300762396286
GSE267552,BC08,CXCR3,0.8669479067936444
GSE267552,BC08,ATRX,0.8301861649677688
GSE267552,BC08,COX7B,0.854499987841859
GSE267552,BC08,PGK1,0.9574330723417722
GSE267552,BC08,ITM2A,0.9735741403176067
GSE267552,BC08,SH3BGRL,0.805389660323342
GSE267552,BC08,RPL36A,0.8337912437783841
GSE267552,BC08,TSC22D3,1.215791689921379
GSE267552,BC08,SLC25A5,0.9294326519146138
GSE267552,BC08,SEPTIN6,0.8734278027647616
GSE267552,BC08,NDUFA1,0.9181283554376611
GSE267552,BC08,SH2D1A,0.8559617131198245
GSE267552,BC08,RBMX,0.788013439833269
GSE267552,BC08,IDS,0.8894271021080696
GSE267552,BC08,NSDHL,0.1861265076902654
GSE267552,BC08,BCAP31,0.791815923928523
GSE267552,BC08,SSR4,0.9333174018663177
GSE267552,BC08,FLNA,0.8764257461847652
GSE267552,BC08,EMD,0.7629610073704485
GSE267552,BC08,G6PD,0.5122623165408255
GSE267552,BC08,MT-ND1,1.0557540375448558
GSE267552,BC08,MT-ND2,1.0904539725414029
GSE267552,BC08,MT-CO1,1.1264231011822172
GSE267552,BC08,MT-CO2,1.1323898203504954
GSE267552,BC08,MT-ATP8,1.0114125393432483
GSE267552,BC08,MT-ATP6,1.0411563915917554
GSE267552,BC08,MT-CO3,1.217095805502149
GSE267552,BC08,MT-ND3,1.1520338650805697
GSE267552,BC08,MT-ND4L,1.1078185179837896
GSE267552,BC08,MT-ND4,1.033303791373315
GSE267552,BC08,MT-ND5,1.0337427286673033
GSE267552,BC08,MT-CYB,1.227209348284911
GSE267552,BC09,ISG15,0.8132085797055472
GSE267552,BC09,SSU72,0.7801825077603199
GSE267552,BC09,GNB1,0.8120667657066332
GSE267552,BC09,RPL22,0.8889830330684914
GSE267552,BC09,PARK7,0.9431190991262192
GSE267552,BC09,ENO1,0.8901081639731913
GSE267552,BC09,EFHD2,0.797698216239284
GSE267552,BC09,CAPZB,0.9584066236399438
GSE267552,BC09,MICOS10,0.8607695663610015
GSE267552,BC09,HP1BP3,0.8985930191121659
GSE267552,BC09,CDC42,0.9726721029239307
GSE267552,BC09,PNRC2,0.77476460047828
GSE267552,BC09,SRSF10,0.8501540250996422
GSE267552,BC09,SRRM1,0.9315120003707753
GSE267552,BC09,RUNX3,0.8479497683614486
GSE267552,BC09,SYF2,0.8072303686532964
GSE267552,BC09,RSRP1,1.0315419892453987
GSE267552,BC09,TMEM50A,0.8831641559425242
GSE267552,BC09,SH3BGRL3,0.9076407289810368
GSE267552,BC09,CD52,1.080925288754814
GSE267552,BC09,ZNF683,1.0321695239225677
GSE267552,BC09,HMGN2,0.9881161776903761
GSE267552,BC09,DNAJC8,0.7801631645320861
GSE267552,BC09,ATP5IF1,0.9310028433152947
GSE267552,BC09,AL137857.1,0.802421032124563
GSE267552,BC09,LAPTM5,0.9864389991583186
GSE267552,BC09,PTP4A2,0.9852383822560954
GSE267552,BC09,KHDRBS1,0.8967987115678063
GSE267552,BC09,LCK,0.9819490703808996
GSE267552,BC09,SFPQ,0.9864023562519042
GSE267552,BC09,THRAP3,0.8129620330289709
GSE267552,BC09,NDUFS5,0.9618867755854088
GSE267552,BC09,MACF1,0.8035166537089393
GSE267552,BC09,CAP1,0.9476838910284454
GSE267552,BC09,SMAP2,0.9139444522795281
GSE267552,BC09,YBX1,0.975883436145044
GSE267552,BC09,PRDX1,0.8437724431054084
GSE267552,BC09,UQCRH,0.899590556166095
GSE267552,BC09,CMPK1,0.7754944632327728
GSE267552,BC09,EPS15,0.785577685536823
GSE267552,BC09,TMEM59,0.8908222378558072
GSE267552,BC09,DHCR24,0.0736882346640523
GSE267552,BC09,JUN,1.4574024087688602
GSE267552,BC09,JAK1,0.9781905276119188
GSE267552,BC09,PDE4B,0.8901971800146583
GSE267552,BC09,MIER1,0.7672197580012494
GSE267552,BC09,SERBP1,0.8667979915832156
GSE267552,BC09,SRSF11,0.8946997214483302
GSE267552,BC09,ZRANB2,0.7693073379691703
GSE267552,BC09,DNAJB4,0.8492911209471855
GSE267552,BC09,PRKACB,0.8093478039697729
GSE267552,BC09,GNG5,0.9082638060787476
GSE267552,BC09,GTF2B,0.8337237005618181
GSE267552,BC09,GBP5,0.8573111533630573
GSE267552,BC09,RPL5,0.8492075806288049
GSE267552,BC09,PRPF38B,0.8061996996709931
GSE267552,BC09,PSMA5,0.7699027708363565
GSE267552,BC09,CD53,0.9865729847377697
GSE267552,BC09,DENND2D,0.8287256035510029
GSE267552,BC09,ATP5PB,0.7743508931746247
GSE267552,BC09,RAP1A,0.8001581549601862
GSE267552,BC09,CSDE1,0.904842888100879
GSE267552,BC09,CD2,1.0290520349570114
GSE267552,BC09,TENT5C,0.8868769801488355
GSE267552,BC09,HMGCS2,1.0
GSE267552,BC09,RBM8A,0.9417903182534224
GSE267552,BC09,TXNIP,1.045749437778254
GSE267552,BC09,LINC01138,0.9529817633929636
GSE267552,BC09,MRPS21,0.8409679658221085
GSE267552,BC09,MCL1,1.1015909247852071
GSE267552,BC09,ENSA,0.7977492946330356
GSE267552,BC09,CDC42SE1,0.826492253099886
GSE267552,BC09,S100A10,1.0870315803359216
GSE267552,BC09,S100A11,1.044034149139822
GSE267552,BC09,S100A6,1.0726732612206533
GSE267552,BC09,S100A4,1.237006038997807
GSE267552,BC09,TPM3,1.002723129210459
GSE267552,BC09,ADAR,0.8165002035115954
GSE267552,BC09,KRTCAP2,0.9488346409312851
GSE267552,BC09,FDPS,0.5265656174153853
GSE267552,BC09,SSR2,0.9647114707142941
GSE267552,BC09,SH2D2A,0.8834827498282664
GSE267552,BC09,PYHIN1,0.8269857476921587
GSE267552,BC09,IFI16,0.9238152168356432
GSE267552,BC09,TAGLN2,1.0541342224285855
GSE267552,BC09,CD48,0.9779287709067058
GSE267552,BC09,TSTD1,0.8283682351408824
GSE267552,BC09,ARHGAP30,0.7760443574065349
GSE267552,BC09,HSPA6,1.168645633878161
GSE267552,BC09,HSD17B7,0.39050427107663743
GSE267552,BC09,CD247,0.8926537845842594
GSE267552,BC09,RCSD1,0.8166867423028425
GSE267552,BC09,XCL2,1.0243301123540134
GSE267552,BC09,XCL1,0.9475663660389028
GSE267552,BC09,SELL,0.8485052692534373
GSE267552,BC09,PRRC2C,0.9484920725565046
GSE267552,BC09,PRDX6,0.7811345448561097
GSE267552,BC09,GAS5,0.8497790592920297
GSE267552,BC09,RABGAP1L,0.7932734200063328
GSE267552,BC09,CACYBP,0.8489343779677277
GSE267552,BC09,ARPC5,0.8816429892136878
GSE267552,BC09,TPR,0.8529146621333065
GSE267552,BC09,RGS1,1.2838863866766572
GSE267552,BC09,RGS2,0.7977536670611327
GSE267552,BC09,PTPRC,0.8095342339399639
GSE267552,BC09,BTG2,1.1855523985773149
GSE267552,BC09,NUCKS1,0.8578377850644481
GSE267552,BC09,FCMR,0.8416626373387446
GSE267552,BC09,CD55,0.778477764684337
GSE267552,BC09,TRAF3IP3,0.8295097871522923
GSE267552,BC09,ATF3,0.989285058874402
GSE267552,BC09,CAPN2,0.7855648786709885
GSE267552,BC09,SRP9,0.7678131190412355
GSE267552,BC09,H3F3A,0.9914415666755187
GSE267552,BC09,ARF1,0.9210623222119128
GSE267552,BC09,GUK1,0.9601537087310335
GSE267552,BC09,TOMM20,0.8077448751657933
GSE267552,BC09,ARID4B,0.8337192454931098
GSE267552,BC09,LYST,0.8508807059105943
GSE267552,BC09,HNRNPU,0.9978816259944299
GSE267552,BC09,LINC01871,0.9199807123148079
GSE267552,BC09,ID2,1.080152751742451
GSE267552,BC09,YWHAQ,0.8627136878114857
GSE267552,BC09,ODC1,0.7709749949071032
GSE267552,BC09,PDIA6,0.7840191583474225
GSE267552,BC09,RHOB,0.8452729802091854
GSE267552,BC09,OST4,0.9796415016410295
GSE267552,BC09,YPEL5,0.95287488394875
GSE267552,BC09,LBH,0.9289647090133126
GSE267552,BC09,CDC42EP3,0.7664133713273725
GSE267552,BC09,SRSF7,1.0717619908480098
GSE267552,BC09,EML4,0.9419364008909766
GSE267552,BC09,ZFP36L2,1.066923494878177
GSE267552,BC09,CALM2,1.008795708015879
GSE267552,BC09,EPCAM,1.0
GSE267552,BC09,REL,0.8592592201810506
GSE267552,BC09,CCT4,0.8280420262902444
GSE267552,BC09,ACTR2,0.9247457972477766
GSE267552,BC09,AAK1,0.7910723308135316
GSE267552,BC09,PCBP1,0.945230821944987
GSE267552,BC09,SNRPG,0.8267466752891981
GSE267552,BC09,MOB1A,0.7869353332525644
GSE267552,BC09,TMSB10,0.8031024421818957
GSE267552,BC09,VAMP8,0.8582728199301379
GSE267552,BC09,GNLY,1.2459012287708737
GSE267552,BC09,CD8A,1.053670327575295
GSE267552,BC09,CD8B,1.1454833949933376
GSE267552,BC09,CYTOR,0.9930620399307336
GSE267552,BC09,DUSP2,1.425616974427456
GSE267552,BC09,COX5B,0.9416363364294156
GSE267552,BC09,ZAP70,0.8439346586158373
GSE267552,BC09,MGAT4A,0.7724688897350673
GSE267552,BC09,RPL31,0.9755151600515827
GSE267552,BC09,GCC2,0.8722516564840793
GSE267552,BC09,RANBP2,0.7755120581677654
GSE267552,BC09,ACTR3,0.9347095387094804
GSE267552,BC09,DDX18,0.841167554884355
GSE267552,BC09,DBI,0.8491153713343375
GSE267552,BC09,GYPC,0.9667489877912837
GSE267552,BC09,MZT2B,0.9423273892373598
GSE267552,BC09,MZT2A,0.7672412477451872
GSE267552,BC09,UBXN4,0.9097507223818412
GSE267552,BC09,CXCR4,1.1267319901160324
GSE267552,BC09,ARHGAP15,0.7859378691951409
GSE267552,BC09,PRPF40A,0.7758758360755743
GSE267552,BC09,NR4A2,1.115815539052496
GSE267552,BC09,CYTIP,1.018278002420889
GSE267552,BC09,RBMS1,0.7697983355877955
GSE267552,BC09,PPIG,0.7820699219013616
GSE267552,BC09,WIPF1,0.9881975437979236
GSE267552,BC09,ATP5MC3,0.8839510149314592
GSE267552,BC09,HNRNPA3,0.9624269128627436
GSE267552,BC09,NFE2L2,0.7699389566261639
GSE267552,BC09,ITGA4,0.9581345559335551
GSE267552,BC09,GLS,0.8540598851428574
GSE267552,BC09,STAT1,0.9846969844425497
GSE267552,BC09,STK17B,1.0204065203943375
GSE267552,BC09,ANKRD44,0.8637045215714905
GSE267552,BC09,SF3B1,0.9334744975149147
GSE267552,BC09,HSPD1,1.095944137814365
GSE267552,BC09,HSPE1,1.2190340585106794
GSE267552,BC09,BZW1,0.896478569769719
GSE267552,BC09,CLK1,0.8896090354163234
GSE267552,BC09,CFLAR,0.8772612572770409
GSE267552,BC09,NOP58,0.7705218953597858
GSE267552,BC09,CTLA4,0.5878102850091848
GSE267552,BC09,EEF1B2,0.9788114896628431
GSE267552,BC09,XRCC5,0.861592145160869
GSE267552,BC09,RPL37A,0.9169304613931482
GSE267552,BC09,ARPC2,0.9972511775268712
GSE267552,BC09,TUBA4A,1.0545110819757564
GSE267552,BC09,SP110,0.8126467442669495
GSE267552,BC09,SP100,0.9671720635885183
GSE267552,BC09,ITM2C,1.0833002946245833
GSE267552,BC09,NCL,1.0006768832058295
GSE267552,BC09,ARL4C,1.0267879435710048
GSE267552,BC09,LRRFIP1,0.8980372582445734
GSE267552,BC09,COPS9,0.7924251647998333
GSE267552,BC09,PDCD1,0.6656043709308859
GSE267552,BC09,ARPC4,0.8287673843937291
GSE267552,BC09,BRK1,0.8086406712130031
GSE267552,BC09,OXNAD1,0.8497536834140845
GSE267552,BC09,RPL15,0.9088305151458679
GSE267552,BC09,EOMES,0.8081545965898749
GSE267552,BC09,CMC1,0.8565203272398337
GSE267552,BC09,TGFBR2,0.8990707081430316
GSE267552,BC09,RPSA,0.9210274198389707
GSE267552,BC09,CXCR6,0.8541128310357832
GSE267552,BC09,TMA7,0.8767028190171827
GSE267552,BC09,SHISA5,0.854195682720585
GSE267552,BC09,RHOA,0.9718426469168068
GSE267552,BC09,GNAI2,0.9472394509228963
GSE267552,BC09,RPL29,0.766067288765982
GSE267552,BC09,SPCS1,0.8966333305493838
GSE267552,BC09,SELENOK,0.9205534513105279
GSE267552,BC09,ARL6IP5,0.9781803304147855
GSE267552,BC09,CGGBP1,0.7920375158707981
GSE267552,BC09,CLDND1,1.0501678385425408
GSE267552,BC09,RPL24,0.7811231959639804
GSE267552,BC09,NFKBIZ,0.832169493270118
GSE267552,BC09,CBLB,0.8397105045006369
GSE267552,BC09,TRAT1,0.856078074053776
GSE267552,BC09,CD96,0.9820782050084076
GSE267552,BC09,TIGIT,0.8956137148003434
GSE267552,BC09,COX17,0.8009690555301504
GSE267552,BC09,NDUFB4,0.8210534353882503
GSE267552,BC09,HCLS1,0.9456794186699695
GSE267552,BC09,RPN1,0.7755477381501014
GSE267552,BC09,CNBP,0.9737141758938731
GSE267552,BC09,H1FX,1.1460018909877354
GSE267552,BC09,CDV3,0.8874651693872281
GSE267552,BC09,ZBTB38,0.851643804980642
GSE267552,BC09,RNF7,0.7672196267831483
GSE267552,BC09,U2SURP,0.8030713623023928
GSE267552,BC09,GYG1,0.7889529700732232
GSE267552,BC09,SERP1,0.9432364565102919
GSE267552,BC09,MBNL1,0.9909446051820975
GSE267552,BC09,CCNL1,0.8287902865260449
GSE267552,BC09,SEC62,0.9167806405688075
GSE267552,BC09,RPL22L1,0.866753854205705
GSE267552,BC09,TRA2B,0.8947876690286327
GSE267552,BC09,EIF4A2,0.9466310843674843
GSE267552,BC09,PPP1R2,0.9732509391626842
GSE267552,BC09,PAK2,0.8670147108176116
GSE267552,BC09,ATP5ME,0.9519465396073123
GSE267552,BC09,LYAR,0.9240986106261146
GSE267552,BC09,WDR1,0.8591534332943499
GSE267552,BC09,BOD1L1,0.7908341315875036
GSE267552,BC09,ARAP2,0.8634718212612359
GSE267552,BC09,RPL9,0.9033500140836414
GSE267552,BC09,RHOH,0.9402859848323085
GSE267552,BC09,OCIAD1,0.7671695471201929
GSE267552,BC09,OCIAD2,0.8601192305866829
GSE267552,BC09,HOPX,0.8634268297678627
GSE267552,BC09,YTHDC1,0.7754945813216597
GSE267552,BC09,AREG,0.9018872943361625
GSE267552,BC09,G3BP2,0.8742756009681932
GSE267552,BC09,CCNI,0.9181734510965256
GSE267552,BC09,HNRNPD,0.8505566807546044
GSE267552,BC09,HNRNPDL,0.9931310480840209
GSE267552,BC09,H2AFZ,0.9964154802608579
GSE267552,BC09,UBE2D3,0.9627321573272325
GSE267552,BC09,SNHG8,0.9593994596160241
GSE267552,BC09,C4orf3,0.9010583573720611
GSE267552,BC09,ANXA5,0.8730183646923064
GSE267552,BC09,HMGB2,0.9337717759911877
GSE267552,BC09,SUB1,0.9703011818034015
GSE267552,BC09,IL7R,1.5310815798144553
GSE267552,BC09,FYB1,1.0214539478391502
GSE267552,BC09,PTGER4,0.9816453317787246
GSE267552,BC09,PRKAA1,0.5434650626872669
GSE267552,BC09,EMB,0.9330272714117778
GSE267552,BC09,PARP8,0.9728665114671502
GSE267552,BC09,GZMK,1.5281783979968206
GSE267552,BC09,GZMA,1.2503314565369608
GSE267552,BC09,GPBP1,0.8190425035810865
GSE267552,BC09,KIF2A,0.8388302685134489
GSE267552,BC09,PIK3R1,1.090852717424178
GSE267552,BC09,BTF3,0.9629582999787342
GSE267552,BC09,NSA2,0.8822459351328713
GSE267552,BC09,TBCA,0.8691620635927213
GSE267552,BC09,COX7C,0.9680709674036291
GSE267552,BC09,CCNH,1.027902625385069
GSE267552,BC09,CAST,0.888642230951548
GSE267552,BC09,LNPEP,0.80766300695205
GSE267552,BC09,CAMK4,0.7795829866664724
GSE267552,BC09,REEP5,0.8739379812584237
GSE267552,BC09,TNFAIP8,0.8284847389278116
GSE267552,BC09,HINT1,1.0107234220492651
GSE267552,BC09,CDC42SE2,0.8545525230486086
GSE267552,BC09,C5orf56,0.8038631242076747
GSE267552,BC09,IRF1,1.0437702299256506
GSE267552,BC09,UQCRQ,0.8608823408440909
GSE267552,BC09,TCF7,0.7975229543415718
GSE267552,BC09,SKP1,0.9682937973861433
GSE267552,BC09,UBE2B,0.7931286673483418
GSE267552,BC09,HNRNPA0,0.839519336237505
GSE267552,BC09,EGR1,0.9408379632825619
GSE267552,BC09,MATR3,0.8812945065389318
GSE267552,BC09,PAIP2,0.835866752234795
GSE267552,BC09,UBE2D2,0.8957258072297865
GSE267552,BC09,CD14,0.045805050024134465
GSE267552,BC09,IK,0.792017251250823
GSE267552,BC09,NDFIP1,0.8617335946269212
GSE267552,BC09,NR3C1,0.8525463689901395
GSE267552,BC09,CD74,1.2821287008354159
GSE267552,BC09,ANXA6,0.939338579519406
GSE267552,BC09,ITK,0.8937487960799327
GSE267552,BC09,MAT2B,0.7756675880897518
GSE267552,BC09,LCP2,0.9790583556277941
GSE267552,BC09,NPM1,1.0036929864115012
GSE267552,BC09,DUSP1,1.539948590090654
GSE267552,BC09,ATP6V0E1,0.9363056075966536
GSE267552,BC09,HIGD2A,0.9566066698104926
GSE267552,BC09,PRELID1,0.7983785825746339
GSE267552,BC09,CANX,0.8242912658279226
GSE267552,BC09,SQSTM1,0.9968614197756503
GSE267552,BC09,RACK1,0.8331649786404859
GSE267552,BC09,SERPINB9,0.7927947239328043
GSE267552,BC09,PRPF4B,0.8206460708285002
GSE267552,BC09,TMEM14B,0.7854140935037311
GSE267552,BC09,NOL7,0.7726275222326217
GSE267552,BC09,DEK,0.8963430227916671
GSE267552,BC09,HIST1H4C,1.1289175188100662
GSE267552,BC09,HIST1H1E,0.9598429252276175
GSE267552,BC09,HIST1H1D,0.948819865937903
GSE267552,BC09,BTN3A2,0.7799841047188271
GSE267552,BC09,HLA-F,0.96866314417665
GSE267552,BC09,PPP1R18,0.8478825755189442
GSE267552,BC09,TUBB,0.8598670483572434
GSE267552,BC09,TNF,0.8345689051275523
GSE267552,BC09,LTB,1.0042439441875581
GSE267552,BC09,CSNK2B,0.8766897317054707
GSE267552,BC09,CLIC1,1.011905107402249
GSE267552,BC09,HSPA1A,1.8942482076568605
GSE267552,BC09,HSPA1B,1.79050926400575
GSE267552,BC09,GPSM3,0.9453510262045529
GSE267552,BC09,HLA-DRA,0.9225039579423927
GSE267552,BC09,HLA-DRB5,0.9388944609919819
GSE267552,BC09,HLA-DRB1,1.1857494087243705
GSE267552,BC09,HLA-DQB1,0.7679933507472142
GSE267552,BC09,TAP2,0.791058759302535
GSE267552,BC09,PSMB8,0.9429959944420624
GSE267552,BC09,PSMB9,1.0496766024312447
GSE267552,BC09,TAP1,0.8360254593655438
GSE267552,BC09,BRD2,0.9767519420564929
GSE267552,BC09,HLA-DPA1,1.1083780461399986
GSE267552,BC09,HLA-DPB1,1.0656672942465484
GSE267552,BC09,TAPBP,0.9149557064852831
GSE267552,BC09,CUTA,0.8492335945912023
GSE267552,BC09,DEF6,0.8397493581408926
GSE267552,BC09,RPL10A,0.9267549295629297
GSE267552,BC09,FKBP5,0.7919227324145016
GSE267552,BC09,SRSF3,0.8536375855696181
GSE267552,BC09,TOMM6,0.8626511118738437
GSE267552,BC09,CCND3,0.8597673470098617
GSE267552,BC09,HSP90AB1,1.2701757609802187
GSE267552,BC09,PHF3,0.8416834030140994
GSE267552,BC09,COX7A2,0.945454539978985
GSE267552,BC09,SNHG5,0.8698487753336341
GSE267552,BC09,PNRC1,0.9636825329409887
GSE267552,BC09,PNISR,0.8746364371771728
GSE267552,BC09,PRDM1,1.0752706541213977
GSE267552,BC09,CRYBG1,0.9462996985515802
GSE267552,BC09,SNX3,0.7822618442077169
GSE267552,BC09,CD164,0.8236587006546393
GSE267552,BC09,FYN,1.0162282310736859
GSE267552,BC09,RWDD1,0.7971795708339976
GSE267552,BC09,SERINC1,0.8073077577512906
GSE267552,BC09,THEMIS,0.8332413965432512
GSE267552,BC09,SAMD3,0.8976399913110532
GSE267552,BC09,BCLAF1,0.825910291395497
GSE267552,BC09,TNFAIP3,1.3156941775998097
GSE267552,BC09,ABRACL,0.868625863190943
GSE267552,BC09,CITED2,1.0704358745116302
GSE267552,BC09,SF3B5,0.7717543026785276
GSE267552,BC09,UTRN,0.8308037867987261
GSE267552,BC09,SYNE1,0.7974700214662324
GSE267552,BC09,DYNLT1,0.8109049027945836
GSE267552,BC09,SYTL3,0.851874591958346
GSE267552,BC09,EZR,1.0515580718802364
GSE267552,BC09,TAGAP,1.1673367451460388
GSE267552,BC09,WTAP,0.8176728436682128
GSE267552,BC09,PSMB1,0.8626477930787132
GSE267552,BC09,RAC1,0.8102178449944871
GSE267552,BC09,NDUFA4,0.9606990928555806
GSE267552,BC09,TOMM7,0.9626756837889489
GSE267552,BC09,CYCS,0.8957547412738007
GSE267552,BC09,HNRNPA2B1,0.9497528717848533
GSE267552,BC09,CBX3,0.858968080605766
GSE267552,BC09,TAX1BP1,0.8327933899889594
GSE267552,BC09,HERPUD2,0.8020086182884614
GSE267552,BC09,SEPTIN7,0.9874770113201969
GSE267552,BC09,AOAH,0.8281601847463296
GSE267552,BC09,TRG-AS1,0.8382257280618135
GSE267552,BC09,STK17A,1.0119176717157585
GSE267552,BC09,PPIA,0.9649582039213538
GSE267552,BC09,H2AFV,0.8444422573685975
GSE267552,BC09,IKZF1,0.9499175230403172
GSE267552,BC09,SEC61G,0.8653025889677312
GSE267552,BC09,EGFR,1.0
GSE267552,BC09,CHCHD2,0.9634099153081597
GSE267552,BC09,SBDS,0.8450221213945637
GSE267552,BC09,MDH2,0.791780684315159
GSE267552,BC09,HSPB1,0.9653877402075025
GSE267552,BC09,SRI,0.8034953008772098
GSE267552,BC09,AKAP9,0.7998442103874454
GSE267552,BC09,SEM1,0.8975832036745889
GSE267552,BC09,ARPC1B,1.0093823965488538
GSE267552,BC09,ATP5MF,0.8976558806427298
GSE267552,BC09,LAMTOR4,0.908479952678465
GSE267552,BC09,GNB2,0.8614472605919101
GSE267552,BC09,KMT2E,0.9350533479680028
GSE267552,BC09,LSM8,0.7749918840611418
GSE267552,BC09,ARF5,0.8164520948737214
GSE267552,BC09,ZC3HAV1,0.851424988042835
GSE267552,BC09,NDUFB2,0.8464169767130192
GSE267552,BC09,TRBV7-9,0.8451904726712698
GSE267552,BC09,TRBV27,0.77531197789621
GSE267552,BC09,TRBC1,0.9599504140336459
GSE267552,BC09,TRBC2,1.09895668885669
GSE267552,BC09,GSTK1,0.9664755236833676
GSE267552,BC09,ZYX,0.9137748144913551
GSE267552,BC09,GIMAP7,1.0924484815678226
GSE267552,BC09,GIMAP4,0.9942803486616655
GSE267552,BC09,GIMAP5,0.8736475847021848
GSE267552,BC09,DNAJB6,0.8115212304032589
GSE267552,BC09,PCM1,0.7887580768493951
GSE267552,BC09,DOK2,0.7770913451113006
GSE267552,BC09,DUSP4,1.1487310718707537
GSE267552,BC09,SARAF,0.9136383811920022
GSE267552,BC09,LEPROTL1,1.0303297904458004
GSE267552,BC09,NSD3,0.7677686468465945
GSE267552,BC09,TCEA1,0.9152938329403711
GSE267552,BC09,RPS20,0.995672203695924
GSE267552,BC09,SDCBP,0.7982371615765353
GSE267552,BC09,PDE7A,0.8244427368104782
GSE267552,BC09,SNHG6,0.908702295754371
GSE267552,BC09,TRAM1,0.8030106812365846
GSE267552,BC09,RPL7,1.0026627850536363
GSE267552,BC09,RBIS,0.8038687384418921
GSE267552,BC09,UQCRB,0.9951848772493807
GSE267552,BC09,MTDH,0.8767046020902302
GSE267552,BC09,COX6C,0.9674321961360397
GSE267552,BC09,RNF19A,0.9453493156148568
GSE267552,BC09,PABPC1,1.005645734726289
GSE267552,BC09,YWHAZ,0.9497112206922277
GSE267552,BC09,EIF3E,0.7857790251496817
GSE267552,BC09,EIF3H,0.8964101268644791
GSE267552,BC09,RAD21,0.8185208460289293
GSE267552,BC09,NDUFB9,0.8197000327008542
GSE267552,BC09,FAM49B,0.7812342538714191
GSE267552,BC09,SLA,0.9141427454784187
GSE267552,BC09,LY6E,1.0744627135480116
GSE267552,BC09,EEF1D,0.8837314047745479
GSE267552,BC09,VPS28,0.8912150305242809
GSE267552,BC09,DOCK8,0.8375801766345798
GSE267552,BC09,SMARCA2,0.78563023666195
GSE267552,BC09,VLDLR,0.03682606816963137
GSE267552,BC09,CD274,0.14482820811126654
GSE267552,BC09,PSIP1,0.7943014720531784
GSE267552,BC09,RPS6,0.887768513709011
GSE267552,BC09,DNAJA1,1.2859940568576234
GSE267552,BC09,VCP,0.8366741856125062
GSE267552,BC09,TLN1,0.8828581797577741
GSE267552,BC09,GLIPR2,0.7803855466038857
GSE267552,BC09,ZFAND5,0.8147902504541411
GSE267552,BC09,ANXA1,1.3059941541314009
GSE267552,BC09,OSTF1,0.7837988484083768
GSE267552,BC09,HNRNPK,0.965039807370179
GSE267552,BC09,SEMA4D,0.7786502829362838
GSE267552,BC09,ANP32B,0.8812927659742499
GSE267552,BC09,SEC61B,0.8992654549016232
GSE267552,BC09,TXN,0.8331060063748824
GSE267552,BC09,PTBP3,0.7713501780156948
GSE267552,BC09,AKNA,0.8340643806483092
GSE267552,BC09,ATP6V1G1,0.9163055755627959
GSE267552,BC09,STOM,0.7798597143705708
GSE267552,BC09,RPL35,0.8959819332647847
GSE267552,BC09,ARPC5L,0.807189948138513
GSE267552,BC09,HSPA5,1.0696434842964413
GSE267552,BC09,C9orf16,0.8647681448929189
GSE267552,BC09,SPTAN1,0.8355913867259692
GSE267552,BC09,SET,0.9644799508680875
GSE267552,BC09,C9orf78,0.8357256272241634
GSE267552,BC09,FNBP1,0.8814692960217188
GSE267552,BC09,EDF1,0.9101082518886333
GSE267552,BC09,PAXX,0.9060854422863976
GSE267552,BC09,TUBB4B,0.8168191352175435
GSE267552,BC09,KLF6,1.2682399156341806
GSE267552,BC09,GDI2,0.8109163235826673
GSE267552,BC09,ATP5F1C,0.8004133274543807
GSE267552,BC09,CELF2,0.8903453853365642
GSE267552,BC09,OPTN,0.8282243416071746
GSE267552,BC09,FAM107B,0.9631255849103181
GSE267552,BC09,VIM,1.1030515752273913
GSE267552,BC09,AL133415.1,0.92281908276922
GSE267552,BC09,PIP4K2A,0.8788542516028565
GSE267552,BC09,APBB1IP,0.8967066616216048
GSE267552,BC09,YME1L1,0.7710129813518427
GSE267552,BC09,EPC1,0.8596705990970233
GSE267552,BC09,ITGB1,0.9798992531795808
GSE267552,BC09,CREM,0.8700084038291809
GSE267552,BC09,HNRNPF,0.9028246670813572
GSE267552,BC09,DDX21,0.7952994923735475
GSE267552,BC09,SRGN,0.9845130329204549
GSE267552,BC09,PRF1,0.9477630641172932
GSE267552,BC09,PSAP,0.8720072604852559
GSE267552,BC09,SPOCK2,0.9264740884309532
GSE267552,BC09,ANAPC16,0.920053840842628
GSE267552,BC09,DDIT4,1.1706118738327853
GSE267552,BC09,ANXA11,0.8527654235962387
GSE267552,BC09,GHITM,0.8220200202186535
GSE267552,BC09,PGAM1,0.8279368434831957
GSE267552,BC09,NDUFB8,0.8698903033593327
GSE267552,BC09,OGA,0.7942115355570349
GSE267552,BC09,ATP5MD,0.9610934147280441
GSE267552,BC09,DUSP5,0.879719085516279
GSE267552,BC09,PDCD4,1.0002319295041129
GSE267552,BC09,RGS10,0.8832902660488188
GSE267552,BC09,BUB3,0.8418657866130195
GSE267552,BC09,IFITM2,1.1750400828127696
GSE267552,BC09,IFITM1,1.1499213513583215
GSE267552,BC09,POLR2L,0.9234797967084309
GSE267552,BC09,CTSD,0.9147587659208154
GSE267552,BC09,LSP1,0.99819255669686
GSE267552,BC09,CD81,0.9327390817570224
GSE267552,BC09,NAP1L4,0.9127597598689233
GSE267552,BC09,RHOG,0.7692655921180376
GSE267552,BC09,TRIM22,0.9230347049202569
GSE267552,BC09,TAF10,0.8924372469780166
GSE267552,BC09,EIF3F,0.9266853985541295
GSE267552,BC09,RPL27A,0.9968290577133301
GSE267552,BC09,EIF4G2,0.9116061576493552
GSE267552,BC09,PSMA1,0.7790380341798103
GSE267552,BC09,C11orf58,0.8925512586989536
GSE267552,BC09,NUCB2,0.8252392698736307
GSE267552,BC09,LDHA,1.0298637618139492
GSE267552,BC09,EIF3M,0.7856787961398919
GSE267552,BC09,CD44,1.030759047246513
GSE267552,BC09,UBE2L6,0.8538118084581571
GSE267552,BC09,SELENOH,0.7981146003244782
GSE267552,BC09,CD6,0.8502959452253775
GSE267552,BC09,CD5,0.8139806903574137
GSE267552,BC09,TMEM258,0.9209005769638038
GSE267552,BC09,FTH1,0.9339760375703225
GSE267552,BC09,AHNAK,1.0644664175532004
GSE267552,BC09,EEF1G,1.0041385149612423
GSE267552,BC09,UBXN1,0.8575925687131785
GSE267552,BC09,SLC3A2,0.8124605821550462
GSE267552,BC09,PLAAT4,1.0459659900139777
GSE267552,BC09,COX8A,0.9433132167173767
GSE267552,BC09,PPP1R14B,0.9589513434163767
GSE267552,BC09,TRMT112,0.9123627288236161
GSE267552,BC09,SF1,0.9300380667621169
GSE267552,BC09,NEAT1,1.010967011265213
GSE267552,BC09,MALAT1,0.7932663208703501
GSE267552,BC09,CFL1,0.9409500611091232
GSE267552,BC09,CTSW,1.0770901587868973
GSE267552,BC09,CCDC85B,0.8137225316293734
GSE267552,BC09,DRAP1,0.9550925916558313
GSE267552,BC09,SF3B2,0.8607142273463164
GSE267552,BC09,RAB1B,0.7705254608979925
GSE267552,BC09,POLD4,0.7678612538300437
GSE267552,BC09,PPP1CA,0.8686078982744052
GSE267552,BC09,TBC1D10C,0.8870816668507004
GSE267552,BC09,PTPRCAP,0.9977601013629145
GSE267552,BC09,CORO1B,0.9969682529908802
GSE267552,BC09,GSTP1,0.9324311434427038
GSE267552,BC09,DHCR7,0.2752076588933215
GSE267552,BC09,UCP2,0.913396299278776
GSE267552,BC09,SPCS2,0.8336440316357013
GSE267552,BC09,RSF1,0.7814373003504576
GSE267552,BC09,NDUFC2,0.7967629186747407
GSE267552,BC09,CTSC,0.9269894894524427
GSE267552,BC09,TAF1D,0.8260901594271851
GSE267552,BC09,BIRC3,0.8590276299617252
GSE267552,BC09,CASP4,0.7667121889174693
GSE267552,BC09,CARD16,0.8653964236634482
GSE267552,BC09,ATM,0.8145770531497217
GSE267552,BC09,NCAM1,0.08163200075876084
GSE267552,BC09,IL10RA,0.9202578004090117
GSE267552,BC09,CD3E,0.807571581266208
GSE267552,BC09,CD3D,0.988349064683705
GSE267552,BC09,CD3G,1.0056829501893079
GSE267552,BC09,ATP5MG,0.9929884648526006
GSE267552,BC09,KMT2A,0.906370408350931
GSE267552,BC09,DDX6,0.8922161011469059
GSE267552,BC09,CRTAM,0.9230837142497831
GSE267552,BC09,HSPA8,1.2578275342522094
GSE267552,BC09,ETS1,1.0237738650193664
GSE267552,BC09,WNK1,0.8339431159395838
GSE267552,BC09,CCND2,0.7786613811861157
GSE267552,BC09,CD27,0.9204626140189858
GSE267552,BC09,GAPDH,0.9731113809739712
GSE267552,BC09,LAG3,0.8316638343043316
GSE267552,BC09,CD4,0.09066780912994458
GSE267552,BC09,TPI1,0.9757122775925116
GSE267552,BC09,C12orf57,1.0259874426445605
GSE267552,BC09,PTPN6,0.7907085820604833
GSE267552,BC09,SLC2A3,1.071601766547534
GSE267552,BC09,KLRG1,0.8072373432689863
GSE267552,BC09,CLEC2D,0.9414267328157214
GSE267552,BC09,CD69,1.247567728998161
GSE267552,BC09,CLEC2B,1.0423581805027837
GSE267552,BC09,GABARAPL1,0.7767333963467977
GSE267552,BC09,KLRD1,1.005651331912448
GSE267552,BC09,KLRK1,1.0241680800302289
GSE267552,BC09,KLRC4,0.8373336012325399
GSE267552,BC09,KLRC2,0.8216366099863079
GSE267552,BC09,LINC02446,1.0069006017802435
GSE267552,BC09,CDKN1B,0.9583341689832933
GSE267552,BC09,ATF7IP,0.8195457778966383
GSE267552,BC09,ARHGDIB,0.9145957991841256
GSE267552,BC09,LDHB,0.9737503332027254
GSE267552,BC09,RESF1,1.050618917676928
GSE267552,BC09,SCAF11,0.8689802633396874
GSE267552,BC09,SLC38A1,0.7883281747529433
GSE267552,BC09,SLC38A2,0.8551514016415505
GSE267552,BC09,PCED1B-AS1,1.0089047157943132
GSE267552,BC09,TUBA1B,0.9169368091313903
GSE267552,BC09,TUBA1A,1.0051158883778666
GSE267552,BC09,TMBIM6,0.9779543702865494
GSE267552,BC09,LIMA1,0.4183809645166441
GSE267552,BC09,DAZAP2,0.9678647040593832
GSE267552,BC09,BIN2,0.8162329835672396
GSE267552,BC09,NR4A1,1.1334953289921266
GSE267552,BC09,EIF4B,0.8989605156078716
GSE267552,BC09,PFDN5,0.9639127352032691
GSE267552,BC09,PRR13,0.9073374702560227
GSE267552,BC09,ATP5MC2,0.9920499275669754
GSE267552,BC09,HNRNPA1,0.9710782478556087
GSE267552,BC09,BLOC1S1,0.828769249195001
GSE267552,BC09,CD63,0.826392786056072
GSE267552,BC09,PA2G4,0.8513667428522965
GSE267552,BC09,MYL6,0.9677215369610391
GSE267552,BC09,ATP5F1B,0.8824095100608909
GSE267552,BC09,PTGES3,0.971599857873184
GSE267552,BC09,NACA,0.8261902819126518
GSE267552,BC09,ARHGAP9,0.8327810826591043
GSE267552,BC09,USP15,0.8060225401242397
GSE267552,BC09,TMBIM4,0.8211612078151734
GSE267552,BC09,IFNG,0.8933191756404733
GSE267552,BC09,RAP1B,0.912558788973873
GSE267552,BC09,GLIPR1,0.8731938852376653
GSE267552,BC09,NAP1L1,0.8377024217332972
GSE267552,BC09,PPP1R12A,0.8066260385880866
GSE267552,BC09,AC025164.1,0.7743899207673648
GSE267552,BC09,SLC25A3,0.8895965013648196
GSE267552,BC09,HSP90B1,0.9933254525492948
GSE267552,BC09,C12orf75,0.7957657735013547
GSE267552,BC09,ISCU,0.8413033015298779
GSE267552,BC09,SELPLG,0.8822578805234
GSE267552,BC09,ARPC3,0.9899329287102666
GSE267552,BC09,ERP29,0.9102001154201211
GSE267552,BC09,PEBP1,0.8562082027104452
GSE267552,BC09,RPLP0,0.8369483545709913
GSE267552,BC09,COX6A1,0.9797114912586528
GSE267552,BC09,SRSF9,0.8051589925230387
GSE267552,BC09,DYNLL1,0.907887567577944
GSE267552,BC09,OASL,0.8412899311187255
GSE267552,BC09,RSRC2,0.8337244233483692
GSE267552,BC09,ARL6IP4,0.864893608869605
GSE267552,BC09,UBC,0.9927974925232864
GSE267552,BC09,RAN,0.9368075256036519
GSE267552,BC09,MPHOSPH8,0.8478483942340937
GSE267552,BC09,SAP18,0.9301685672009533
GSE267552,BC09,RPL21,0.9330655571673587
GSE267552,BC09,GTF3A,0.8488418993160178
GSE267552,BC09,POMP,0.7684511582943271
GSE267552,BC09,HMGB1,0.997257733483904
GSE267552,BC09,ALOX5AP,1.0671094008766984
GSE267552,BC09,HSPH1,1.3112837107440911
GSE267552,BC09,N4BP2L2,0.8431693534318557
GSE267552,BC09,ELF1,0.9819819939318416
GSE267552,BC09,RGCC,1.2496554087660072
GSE267552,BC09,TPT1,0.8501630428851753
GSE267552,BC09,AL138963.4,0.808837136516671
GSE267552,BC09,LCP1,0.9899009405060857
GSE267552,BC09,ITM2B,0.927586145319683
GSE267552,BC09,COMMD6,0.9974960325540448
GSE267552,BC09,MYCBP2,0.8031891984391958
GSE267552,BC09,GPR183,0.8007462256616554
GSE267552,BC09,ARGLU1,0.9100870689229791
GSE267552,BC09,LAMP1,0.7684394946452479
GSE267552,BC09,HNRNPC,0.9141951781574247
GSE267552,BC09,TRAC,0.8670661917140575
GSE267552,BC09,DAD1,0.8893773037915343
GSE267552,BC09,PABPN1,0.7700218267076951
GSE267552,BC09,PSME1,0.9969936513191785
GSE267552,BC09,PSME2,1.0066858786480153
GSE267552,BC09,NEDD8,0.8661556753591554
GSE267552,BC09,GZMH,1.1153012536872062
GSE267552,BC09,GZMB,0.9286381693204016
GSE267552,BC09,SNX6,0.8156465913114701
GSE267552,BC09,FAM177A1,0.9169462418310387
GSE267552,BC09,PSMA6,0.8213617601576277
GSE267552,BC09,NFKBIA,1.330226536212313
GSE267552,BC09,PNN,0.7840880157582161
GSE267552,BC09,RPL36AL,0.9469290076529016
GSE267552,BC09,ARF6,0.9025701820516057
GSE267552,BC09,GNG2,0.8884949283309814
GSE267552,BC09,LGALS3,0.8335323920743686
GSE267552,BC09,KTN1,0.9481616737031374
GSE267552,BC09,DHRS7,0.8848993108786047
GSE267552,BC09,PRKCH,0.9089185709349757
GSE267552,BC09,HIF1A,0.880198056773894
GSE267552,BC09,SYNE2,0.9752682726771978
GSE267552,BC09,CHURC1,0.8751743255464315
GSE267552,BC09,ZFP36L1,1.080872867481734
GSE267552,BC09,SRSF5,0.9276803653061023
GSE267552,BC09,RBM25,0.8664269019000841
GSE267552,BC09,TMED10,0.7985600112504326
GSE267552,BC09,FOS,1.6615676538522812
GSE267552,BC09,GPR65,0.7667257617976527
GSE267552,BC09,CALM1,0.975998577402024
GSE267552,BC09,TC2N,0.8727813032301895
GSE267552,BC09,NDUFB1,0.8490674266292823
GSE267552,BC09,DDX24,1.0228388815018448
GSE267552,BC09,PAPOLA,0.7929469286313173
GSE267552,BC09,BCL11B,0.8854466142579936
GSE267552,BC09,EVL,1.0162453790469657
GSE267552,BC09,PPP2R5C,0.9438405833621865
GSE267552,BC09,HSP90AA1,1.4260722340378633
GSE267552,BC09,EIF5,0.9437141369571397
GSE267552,BC09,ATP5MPL,0.8610814517707173
GSE267552,BC09,CRIP1,1.1655830080800902
GSE267552,BC09,SNRPN,0.7838557546557542
GSE267552,BC09,NSMCE3,0.7857321959965622
GSE267552,BC09,KLF13,0.7775743067692054
GSE267552,BC09,SRP14,0.9531794035439959
GSE267552,BC09,PDIA3,0.9760905380310455
GSE267552,BC09,SERF2,0.9088614772510094
GSE267552,BC09,EID1,0.8171392852428218
GSE267552,BC09,VPS13C,0.8356582450117267
GSE267552,BC09,RPS27L,0.7662382463224255
GSE267552,BC09,RAB8B,0.7710697809431085
GSE267552,BC09,PPIB,1.0034982178004563
GSE267552,BC09,RPL4,1.0190452272910429
GSE267552,BC09,PKM,0.8825577218294717
GSE267552,BC09,CSK,0.8254976448040802
GSE267552,BC09,COX5A,0.8031579253504043
GSE267552,BC09,MORF4L1,0.9348345294241677
GSE267552,BC09,IL16,0.8384923529964221
GSE267552,BC09,RPS17,0.9299445711058528
GSE267552,BC09,AKAP13,0.9543543167391437
GSE267552,BC09,ISG20,1.0358865809213098
GSE267552,BC09,IDH2,0.7984448367650098
GSE267552,BC09,CIB1,0.9354330113129878
GSE267552,BC09,IQGAP1,0.9483406405074721
GSE267552,BC09,LINC01578,0.9814601751647031
GSE267552,BC09,UBE2I,0.804755831104348
GSE267552,BC09,NDUFB10,0.8107747364713332
GSE267552,BC09,ATP6V0C,0.9572246247744739
GSE267552,BC09,SRRM2,0.9775650924065344
GSE267552,BC09,ELOB,0.9656917790218129
GSE267552,BC09,IL32,0.9582745445128874
GSE267552,BC09,SOCS1,1.0806863514838356
GSE267552,BC09,LITAF,0.9564022678423728
GSE267552,BC09,GSPT1,0.8217059750922182
GSE267552,BC09,ARL6IP1,0.8929958004344019
GSE267552,BC09,RBBP6,0.7918119878027329
GSE267552,BC09,CD19,0.020689916941203274
GSE267552,BC09,LAT,0.8619282538812941
GSE267552,BC09,ALDOA,0.9751339837838126
GSE267552,BC09,YPEL3,0.8999093559658627
GSE267552,BC09,CORO1A,1.002800906686734
GSE267552,BC09,SEPTIN1,0.9797446599786618
GSE267552,BC09,FUS,1.0025349220441195
GSE267552,BC09,RBL2,0.8513243877856902
GSE267552,BC09,MT2A,1.1861332880412745
GSE267552,BC09,HERPUD1,1.0675259840422646
GSE267552,BC09,CKLF,0.9924090905330917
GSE267552,BC09,CIAO2B,0.7824329608004593
GSE267552,BC09,PSMB10,0.9356606196111057
GSE267552,BC09,GABARAPL2,0.8675736547706172
GSE267552,BC09,TERF2IP,0.9564312178248507
GSE267552,BC09,COTL1,1.1297863803653767
GSE267552,BC09,COX4I1,0.9794609193242274
GSE267552,BC09,MAP1LC3B,0.9318067757187858
GSE267552,BC09,CYBA,0.9448610159455305
GSE267552,BC09,APRT,0.9197891288035533
GSE267552,BC09,ANKRD11,0.7931289323536985
GSE267552,BC09,TCF25,0.8456228091454875
GSE267552,BC09,ITGAE,0.755155389632706
GSE267552,BC09,PFN1,0.8607495953740287
GSE267552,BC09,RNASEK,0.9824227630611998
GSE267552,BC09,GABARAP,0.9607908659779631
GSE267552,BC09,EIF5A,0.8161059169482975
GSE267552,BC09,ACAP1,0.8508655581489302
GSE267552,BC09,EIF4A1,0.9490731008693886
GSE267552,BC09,TRAPPC1,0.8609594099269824
GSE267552,BC09,VAMP2,0.9536638746266616
GSE267552,BC09,NCOR1,0.8764651982155318
GSE267552,BC09,UBB,1.1233869143266944
GSE267552,BC09,SNHG29,0.9977832033778566
GSE267552,BC09,WSB1,0.7908588414285699
GSE267552,BC09,RPL23A,0.8150926621081274
GSE267552,BC09,EVI2B,0.8759157077597746
GSE267552,BC09,SLFN5,0.8831548558622615
GSE267552,BC09,CCL5,0.8073968323153674
GSE267552,BC09,CCL4,1.6958595794724467
GSE267552,BC09,CCL4L2,1.2253232225208155
GSE267552,BC09,SYNRG,0.8071028291919717
GSE267552,BC09,PSMB3,0.8162852280412867
GSE267552,BC09,RPL23,0.9679672675335536
GSE267552,BC09,ERBB2,0.06503287941261818
GSE267552,BC09,IKZF3,0.9188847758618544
GSE267552,BC09,KRT10,0.8492888597795574
GSE267552,BC09,EIF1,0.8348404308624741
GSE267552,BC09,STAT3,0.8295444488963658
GSE267552,BC09,RPL27,0.9821670510070483
GSE267552,BC09,SKAP1,0.9124935470721298
GSE267552,BC09,TOB1,0.9271327835660629
GSE267552,BC09,NME2,0.8656315191379623
GSE267552,BC09,LIMD2,1.023957277389377
GSE267552,BC09,ERN1,0.7755514656093739
GSE267552,BC09,DDX5,0.9411340880642196
GSE267552,BC09,PITPNC1,0.7795876112256687
GSE267552,BC09,PRKAR1A,0.7934065825048381
GSE267552,BC09,RPL38,0.9356379722326545
GSE267552,BC09,SLC9A3R1,0.8861288081177265
GSE267552,BC09,FDXR,0.1551863808271726
GSE267552,BC09,ATP5PD,0.7906236045125934
GSE267552,BC09,JPT1,0.7780417104304728
GSE267552,BC09,SUMO2,0.9696759553908934
GSE267552,BC09,H3F3B,0.904911133425367
GSE267552,BC09,UBALD2,0.8528575071095212
GSE267552,BC09,SRSF2,0.9130328386190771
GSE267552,BC09,SEPTIN9,0.9724891103685931
GSE267552,BC09,EIF4A3,0.7670346618809104
GSE267552,BC09,RNF213,1.0394045713292188
GSE267552,BC09,ACTG1,0.971598352765324
GSE267552,BC09,P4HB,0.7797758984955785
GSE267552,BC09,ARHGDIA,0.8797585503712714
GSE267552,BC09,CD7,1.1520020284575687
GSE267552,BC09,METRNL,0.8025385989061985
GSE267552,BC09,SMCHD1,0.9885779502359383
GSE267552,BC09,MYL12A,0.9642486296225642
GSE267552,BC09,MYL12B,0.9934689588433422
GSE267552,BC09,NDUFV2,0.7781212378942444
GSE267552,BC09,ANKRD12,0.956986284004118
GSE267552,BC09,ROCK1,0.795129142335811
GSE267552,BC09,TTC39C,0.7743699756258924
GSE267552,BC09,ATP5F1A,0.773353065406861
GSE267552,BC09,RPL17,0.9033720224765042
GSE267552,BC09,MBP,0.9171043000181126
GSE267552,BC09,GZMM,0.9875505476442195
GSE267552,BC09,BSG,0.7837629227284106
GSE267552,BC09,CNN2,0.9392448270005681
GSE267552,BC09,GPX4,0.9049364942440771
GSE267552,BC09,ATP5F1D,0.9210526295256227
GSE267552,BC09,CIRBP,0.9802470664833409
GSE267552,BC09,UQCR11,0.9722317113181652
GSE267552,BC09,ABHD17A,0.8244756343398578
GSE267552,BC09,OAZ1,0.9498050660500733
GSE267552,BC09,LSM7,0.8683810127353567
GSE267552,BC09,GADD45B,1.0195855410823578
GSE267552,BC09,TLE5,0.9886439627902721
GSE267552,BC09,EEF2,0.9986089587068585
GSE267552,BC09,MAP2K2,0.7927251294731925
GSE267552,BC09,NDUFA11,0.8782116285626204
GSE267552,BC09,TNFSF9,0.8778678560482538
GSE267552,BC09,PET100,0.870679423008066
GSE267552,BC09,HNRNPM,0.7968468893734431
GSE267552,BC09,UBL5,0.9850611020759358
GSE267552,BC09,SHFL,0.780571365529642
GSE267552,BC09,EIF3G,0.8954950439912852
GSE267552,BC09,ICAM3,0.8055235245547699
GSE267552,BC09,CDC37,0.881366688239807
GSE267552,BC09,WDR83OS,0.87549912756796
GSE267552,BC09,TRIR,0.9412416737027759
GSE267552,BC09,JUNB,1.5247000227437755
GSE267552,BC09,CALR,0.9636113102041175
GSE267552,BC09,IER2,1.1559819103111
GSE267552,BC09,C19orf53,0.8489713915018466
GSE267552,BC09,ADGRE5,0.9323668944685156
GSE267552,BC09,DNAJB1,1.6639217345703463
GSE267552,BC09,TECR,0.8326124579631555
GSE267552,BC09,RASAL3,0.8199325488444308
GSE267552,BC09,KLF2,1.473765355596103
GSE267552,BC09,BST2,0.8832309473033189
GSE267552,BC09,JUND,1.2780174604772494
GSE267552,BC09,FKBP8,0.8342340227372045
GSE267552,BC09,UBA52,0.8975452886419449
GSE267552,BC09,REX1BD,0.878782192844097
GSE267552,BC09,COPE,0.8282051200821515
GSE267552,BC09,NDUFA13,0.9536473092830705
GSE267552,BC09,LSM14A,0.7957837394457107
GSE267552,BC09,GPI,0.7838332244902942
GSE267552,BC09,FXYD5,1.0389151768870877
GSE267552,BC09,COX6B1,0.9802360348448348
GSE267552,BC09,HCST,0.9900973041002173
GSE267552,BC09,CAPNS1,0.7799875913663571
GSE267552,BC09,EIF3K,0.9841257721947176
GSE267552,BC09,ACTN4,0.8270835551938251
GSE267552,BC09,ECH1,0.826677852363035
GSE267552,BC09,HNRNPL,0.9092885514258005
GSE267552,BC09,GMFG,1.0030650742513645
GSE267552,BC09,ZFP36,1.4586739486559648
GSE267552,BC09,RPS16,0.8723682673277254
GSE267552,BC09,SERTAD1,0.8737865804495005
GSE267552,BC09,TGFB1,1.0370915402207268
GSE267552,BC09,RPS19,0.8248970877053974
GSE267552,BC09,ARHGEF1,0.9331558885355349
GSE267552,BC09,RABAC1,0.9172849118506343
GSE267552,BC09,FOSB,1.2448028318135531
GSE267552,BC09,SNRPD2,0.9797335304836823
GSE267552,BC09,CALM3,0.8700427086729617
GSE267552,BC09,NOP53,0.9016907223461144
GSE267552,BC09,SELENOW,0.8688538756344811
GSE267552,BC09,EMP3,1.0341437121499475
GSE267552,BC09,PPP1R15A,1.1329619075981905
GSE267552,BC09,BAX,0.7930434759182646
GSE267552,BC09,FTL,1.065950993388832
GSE267552,BC09,CD37,0.98485803768604
GSE267552,BC09,RPL13A,0.9324163353435528
GSE267552,BC09,RPS11,1.000159820024016
GSE267552,BC09,NKG7,1.2199141613315467
GSE267552,BC09,ZNF331,1.1051623180962453
GSE267552,BC09,MYADM,0.848486187351006
GSE267552,BC09,NDUFA3,0.9847544257414235
GSE267552,BC09,RPS9,0.9412114567295826
GSE267552,BC09,UBE2S,0.9689804755936481
GSE267552,BC09,RPS5,0.8716088606538199
GSE267552,BC09,SNRPB,0.8298584168122378
GSE267552,BC09,TMX4,0.8137257581423181
GSE267552,BC09,CST7,1.1455594292168136
GSE267552,BC09,APMAP,0.8059399683795719
GSE267552,BC09,RALY,0.7718195330144286
GSE267552,BC09,EIF2S2,0.7892545970946767
GSE267552,BC09,ROMO1,0.8686143860525833
GSE267552,BC09,RBM39,0.9826109584723586
GSE267552,BC09,SCAND1,0.7798324412253738
GSE267552,BC09,SAMHD1,0.7956425694502627
GSE267552,BC09,YWHAB,0.9983472169607168
GSE267552,BC09,STK4,0.9705390191002081
GSE267552,BC09,PREX1,0.7931505379236882
GSE267552,BC09,ZFAS1,0.914714371421814
GSE267552,BC09,UBE2V1,0.8569873372278809
GSE267552,BC09,NFATC2,0.7981103383363027
GSE267552,BC09,RBM38,0.7673677403227079
GSE267552,BC09,GNAS,0.9889945818420741
GSE267552,BC09,ATP5F1E,0.8835230398347385
GSE267552,BC09,PSMA7,0.9757737059524958
GSE267552,BC09,PPDPF,0.9604289336223641
GSE267552,BC09,LIME1,0.9531819481568976
GSE267552,BC09,SAMSN1,0.9885089818737824
GSE267552,BC09,ATP5PF,0.8647982111845424
GSE267552,BC09,SOD1,0.9856237570711597
GSE267552,BC09,SON,0.995251759101196
GSE267552,BC09,ATP5PO,0.8163840671893927
GSE267552,BC09,MRPS6,0.8261898314030808
GSE267552,BC09,HMGN1,0.9642626203861537
GSE267552,BC09,MX1,0.7961213142128717
GSE267552,BC09,ABCG1,0.5135580371619051
GSE267552,BC09,CSTB,0.8984374517181426
GSE267552,BC09,ITGB2,1.0353009840801586
GSE267552,BC09,PRMT2,0.8228205421117034
GSE267552,BC09,CHCHD10,0.7881009583283094
GSE267552,BC09,MIF,1.0142546579313907
GSE267552,BC09,EWSR1,0.8507780908420915
GSE267552,BC09,UQCR10,0.9221704513257889
GSE267552,BC09,PIK3IP1,0.9094014105742398
GSE267552,BC09,MYH9,1.0400276776239448
GSE267552,BC09,RAC2,0.9732179588367476
GSE267552,BC09,LGALS1,1.046613908708297
GSE267552,BC09,DDX17,0.9336317460587163
GSE267552,BC09,SUN2,0.9362841579572514
GSE267552,BC09,APOBEC3G,1.0165952207978934
GSE267552,BC09,RPL3,0.8873125725252342
GSE267552,BC09,ST13,0.8424839028841385
GSE267552,BC09,XRCC6,0.8253594704894265
GSE267552,BC09,SNU13,0.874530485432849
GSE267552,BC09,SMDT1,0.863466863126726
GSE267552,BC09,TSPO,0.8253465301443682
GSE267552,BC09,SLC25A6,1.0038509393290806
GSE267552,BC09,CD99,0.9911162429524015
GSE267552,BC09,SH3KBP1,0.9129638113611678
GSE267552,BC09,EIF1AX,0.7896733458811905
GSE267552,BC09,SAT1,1.0315341563579712
GSE267552,BC09,DDX3X,0.8874135701101353
GSE267552,BC09,NDUFB11,0.8915267275937258
GSE267552,BC09,UXT,0.8463258467532754
GSE267552,BC09,RBM3,0.8730553867967843
GSE267552,BC09,WAS,0.8445330559383477
GSE267552,BC09,PLP2,0.9718629992818154
GSE267552,BC09,TSPYL2,1.0057611853727957
GSE267552,BC09,MSN,0.9699084241875693
GSE267552,BC09,IL2RG,0.9952952549487064
GSE267552,BC09,CXCR3,0.9091885514504618
GSE267552,BC09,ATRX,0.8545375789307701
GSE267552,BC09,COX7B,0.8710697988811957
GSE267552,BC09,PGK1,0.9744385125514313
GSE267552,BC09,ITM2A,1.062193431106466
GSE267552,BC09,SH3BGRL,0.8412652744331035
GSE267552,BC09,RPL36A,0.9110935325036197
GSE267552,BC09,TSC22D3,1.295383801249908
GSE267552,BC09,SLC25A5,0.9287796183270011
GSE267552,BC09,SEPTIN6,0.918294803898317
GSE267552,BC09,NDUFA1,0.9565133653804575
GSE267552,BC09,SH2D1A,0.9070695491273132
GSE267552,BC09,RBMX,0.7886659136707066
GSE267552,BC09,IDS,0.8899102474248918
GSE267552,BC09,NSDHL,0.17574099418158978
GSE267552,BC09,BCAP31,0.8094218330042271
GSE267552,BC09,SSR4,0.958521583568991
GSE267552,BC09,FLNA,0.9169063095874775
GSE267552,BC09,EMD,0.7734423744665073
GSE267552,BC09,G6PD,0.5026762992230555
GSE267552,BC09,MT-ND1,1.0820770809881932
GSE267552,BC09,MT-ND2,1.1213278387013703
GSE267552,BC09,MT-CO1,1.1276695860389907
GSE267552,BC09,MT-CO2,1.151952467061081
GSE267552,BC09,MT-ATP8,0.9864564530913316
GSE267552,BC09,MT-ATP6,1.0564144734997558
GSE267552,BC09,MT-CO3,1.2077565916335655
GSE267552,BC09,MT-ND3,1.1609456990882108
GSE267552,BC09,MT-ND4L,1.1230646511772573
GSE267552,BC09,MT-ND4,1.0467758946003676
GSE267552,BC09,MT-ND5,1.0446815984298252
GSE267552,BC09,MT-ND6,0.7874237392328698
GSE267552,BC09,MT-CYB,1.2324087988181665
GSE267552,BC10,ISG15,0.8197064934968654
GSE267552,BC10,SSU72,0.7807723261971298
GSE267552,BC10,GNB1,0.8077263433349692
GSE267552,BC10,RPL22,0.9159382001565809
GSE267552,BC10,PARK7,0.941894621475635
GSE267552,BC10,ENO1,0.8846307408826086
GSE267552,BC10,EFHD2,0.8227481967993988
GSE267552,BC10,CAPZB,0.9642327331957132
GSE267552,BC10,MICOS10,0.868653457700875
GSE267552,BC10,HP1BP3,0.8968074448523485
GSE267552,BC10,CDC42,0.9849116068574961
GSE267552,BC10,SRSF10,0.8510021457192826
GSE267552,BC10,SRRM1,0.9433771896724091
GSE267552,BC10,RUNX3,0.8557827563745198
GSE267552,BC10,SYF2,0.8201616317212246
GSE267552,BC10,RSRP1,1.0502762662065854
GSE267552,BC10,TMEM50A,0.883119452965818
GSE267552,BC10,SH3BGRL3,0.9292694559818161
GSE267552,BC10,CD52,1.0934174772873282
GSE267552,BC10,ZNF683,1.0339533625528041
GSE267552,BC10,HMGN2,0.9982518193293347
GSE267552,BC10,DNAJC8,0.7826451320848568
GSE267552,BC10,ATP5IF1,0.9421840748350697
GSE267552,BC10,EPB41,0.7713879779673435
GSE267552,BC10,AL137857.1,0.8057373239004274
GSE267552,BC10,LAPTM5,0.9947945377325836
GSE267552,BC10,PTP4A2,0.9991886982055285
GSE267552,BC10,KHDRBS1,0.9067079727011913
GSE267552,BC10,LCK,0.9908218380535572
GSE267552,BC10,SFPQ,0.9909882479996489
GSE267552,BC10,THRAP3,0.8096784800343872
GSE267552,BC10,NDUFS5,0.969186700447226
GSE267552,BC10,MACF1,0.8004945546573115
GSE267552,BC10,CAP1,0.966783283367493
GSE267552,BC10,SMAP2,0.9140964097221541
GSE267552,BC10,YBX1,0.9867139896651905
GSE267552,BC10,PRDX1,0.8417581033456168
GSE267552,BC10,UQCRH,0.895869662015254
GSE267552,BC10,CMPK1,0.7736174752759575
GSE267552,BC10,EPS15,0.7905533203269651
GSE267552,BC10,TMEM59,0.8901671354912992
GSE267552,BC10,DHCR24,0.0942991188690699
GSE267552,BC10,JUN,1.4924465628151369
GSE267552,BC10,JAK1,0.9768648857957348
GSE267552,BC10,PDE4B,0.8817901325860271
GSE267552,BC10,MIER1,0.7695425036987643
GSE267552,BC10,SERBP1,0.8615870142804285
GSE267552,BC10,SRSF11,0.9012452723967362
GSE267552,BC10,ZRANB2,0.7761862453367647
GSE267552,BC10,DNAJB4,0.8184875677143112
GSE267552,BC10,PRKACB,0.8135629633465223
GSE267552,BC10,GNG5,0.9135683055109302
GSE267552,BC10,GTF2B,0.8497523239061341
GSE267552,BC10,GBP5,0.8544183268040262
GSE267552,BC10,RPL5,0.8518024994294968
GSE267552,BC10,PRPF38B,0.8115533757593345
GSE267552,BC10,PSMA5,0.7781611566737123
GSE267552,BC10,CD53,1.0032530112228664
GSE267552,BC10,DENND2D,0.8333967138338296
GSE267552,BC10,ATP5PB,0.7772042578166241
GSE267552,BC10,RAP1A,0.797724315236549
GSE267552,BC10,CSDE1,0.9111746940642175
GSE267552,BC10,ATP1A1,0.776565269973194
GSE267552,BC10,CD2,1.0368535005137134
GSE267552,BC10,TENT5C,0.8844519610162151
GSE267552,BC10,HMGCS2,1.0
GSE267552,BC10,RBM8A,0.9441048646590665
GSE267552,BC10,TXNIP,1.0514963434466813
GSE267552,BC10,LINC01138,0.9672810932431415
GSE267552,BC10,MRPS21,0.842271047959861
GSE267552,BC10,MCL1,1.0861370206691647
GSE267552,BC10,ENSA,0.79960367858707
GSE267552,BC10,CDC42SE1,0.8250195211307645
GSE267552,BC10,S100A10,1.0894112422366213
GSE267552,BC10,S100A11,1.0531632507637083
GSE267552,BC10,S100A6,1.086268296522963
GSE267552,BC10,S100A4,1.2487691696884824
GSE267552,BC10,TPM3,1.012268009409791
GSE267552,BC10,ADAR,0.8136534330119277
GSE267552,BC10,KRTCAP2,0.9556845809831439
GSE267552,BC10,FDPS,0.5364601557643383
GSE267552,BC10,SSR2,0.9721552783737373
GSE267552,BC10,SH2D2A,0.8549378802553023
GSE267552,BC10,PYHIN1,0.833941419479954
GSE267552,BC10,IFI16,0.9244971905658359
GSE267552,BC10,TAGLN2,1.0536567668126327
GSE267552,BC10,CD48,0.9884242948985243
GSE267552,BC10,TSTD1,0.8463818812836937
GSE267552,BC10,ARHGAP30,0.7816791081183322
GSE267552,BC10,HSPA6,1.117093621506658
GSE267552,BC10,HSD17B7,0.39315856781760056
GSE267552,BC10,CD247,0.8916404601315866
GSE267552,BC10,RCSD1,0.8248063620772127
GSE267552,BC10,XCL2,1.0670871141778386
GSE267552,BC10,XCL1,0.9991929267186823
GSE267552,BC10,SELL,0.812460644818705
GSE267552,BC10,PRRC2C,0.9503292752125638
GSE267552,BC10,PRDX6,0.7885717982518428
GSE267552,BC10,GAS5,0.8617889755783164
GSE267552,BC10,RABGAP1L,0.8067161757764634
GSE267552,BC10,CACYBP,0.8048028727692569
GSE267552,BC10,ARPC5,0.8820374818777841
GSE267552,BC10,TPR,0.8592578009051254
GSE267552,BC10,RGS1,1.2579002827525896
GSE267552,BC10,PTPRC,0.8139544174190786
GSE267552,BC10,BTG2,1.1839353423895271
GSE267552,BC10,NUCKS1,0.8647996711049779
GSE267552,BC10,FCMR,0.8527925979520468
GSE267552,BC10,CD55,0.8005021114452799
GSE267552,BC10,CD46,0.7752647242854968
GSE267552,BC10,TRAF3IP3,0.8520321416113011
GSE267552,BC10,ATF3,0.9967906579658518
GSE267552,BC10,CAPN2,0.7959401561331102
GSE267552,BC10,SRP9,0.7837296613278334
GSE267552,BC10,H3F3A,0.9994896084732926
GSE267552,BC10,ARF1,0.9243848122375681
GSE267552,BC10,GUK1,0.9698511062863961
GSE267552,BC10,TOMM20,0.8060845970441354
GSE267552,BC10,ARID4B,0.8319577605977789
GSE267552,BC10,LYST,0.8267982079687849
GSE267552,BC10,HNRNPU,1.0017163414855503
GSE267552,BC10,LINC01871,0.8904775883579052
GSE267552,BC10,ID2,1.0865080576249415
GSE267552,BC10,YWHAQ,0.8626412292473066
GSE267552,BC10,ODC1,0.7815078524959921
GSE267552,BC10,PDIA6,0.7696038608318578
GSE267552,BC10,OST4,0.9901939868210908
GSE267552,BC10,YPEL5,0.9581248590292685
GSE267552,BC10,LBH,0.931015439299012
GSE267552,BC10,CDC42EP3,0.7746736313368978
GSE267552,BC10,SRSF7,1.0896913156690593
GSE267552,BC10,EML4,0.9476213592979116
GSE267552,BC10,ZFP36L2,1.0721560749664634
GSE267552,BC10,CALM2,1.0192214553988708
GSE267552,BC10,EPCAM,1.0
GSE267552,BC10,REL,0.851400774606562
GSE267552,BC10,CCT4,0.8137759288093246
GSE267552,BC10,ACTR2,0.9294888347047037
GSE267552,BC10,AAK1,0.8020574594450509
GSE267552,BC10,PCBP1,0.952109033599679
GSE267552,BC10,SNRPG,0.8325642519515493
GSE267552,BC10,MOB1A,0.7867520039922605
GSE267552,BC10,TMSB10,0.8393685936771798
GSE267552,BC10,VAMP8,0.862563178638195
GSE267552,BC10,GNLY,1.2566026985389478
GSE267552,BC10,CD8A,1.0638899380944289
GSE267552,BC10,CD8B,1.1682874836822243
GSE267552,BC10,CYTOR,1.0071227682679076
GSE267552,BC10,DUSP2,1.439309434255313
GSE267552,BC10,COX5B,0.9453105092098085
GSE267552,BC10,ZAP70,0.8479395669935192
GSE267552,BC10,MGAT4A,0.7855149857893031
GSE267552,BC10,RPL31,0.990216694068993
GSE267552,BC10,RNF149,0.7740120636190647
GSE267552,BC10,GCC2,0.8663845537391123
GSE267552,BC10,ACTR3,0.9374075287161522
GSE267552,BC10,DDX18,0.8545844747324215
GSE267552,BC10,DBI,0.85584325701602
GSE267552,BC10,GYPC,0.9643003935268568
GSE267552,BC10,MZT2B,0.9548157306285501
GSE267552,BC10,MZT2A,0.7857347908090805
GSE267552,BC10,UBXN4,0.9037418668656136
GSE267552,BC10,CXCR4,1.1525795851570926
GSE267552,BC10,ARHGAP15,0.7975667663300384
GSE267552,BC10,PRPF40A,0.7772193664566494
GSE267552,BC10,NR4A2,1.1406522880986123
GSE267552,BC10,CYTIP,1.0143611233061143
GSE267552,BC10,RBMS1,0.7774146693281327
GSE267552,BC10,PPIG,0.7908977395298983
GSE267552,BC10,WIPF1,0.9927230404020383
GSE267552,BC10,ATP5MC3,0.8873010768344107
GSE267552,BC10,HNRNPA3,0.9710185247167629
GSE267552,BC10,ITGA4,0.9769777720632427
GSE267552,BC10,ZC3H15,0.7762668967384062
GSE267552,BC10,GLS,0.8547841715152665
GSE267552,BC10,STAT1,0.9460620619962018
GSE267552,BC10,STK17B,1.029825894365684
GSE267552,BC10,ANKRD44,0.8779846518082715
GSE267552,BC10,SF3B1,0.940825896042384
GSE267552,BC10,HSPD1,1.0775914947372187
GSE267552,BC10,HSPE1,1.1760829552442962
GSE267552,BC10,BZW1,0.9022704419297102
GSE267552,BC10,CLK1,0.8769827551083492
GSE267552,BC10,CFLAR,0.8838085895556614
GSE267552,BC10,NOP58,0.7693213438963045
GSE267552,BC10,CTLA4,0.4095052104933545
GSE267552,BC10,EEF1B2,0.9868644382556815
GSE267552,BC10,XRCC5,0.8658892557541973
GSE267552,BC10,RPL37A,0.9266774142039914
GSE267552,BC10,ARPC2,1.0062337705360278
GSE267552,BC10,TUBA4A,1.0599959981475024
GSE267552,BC10,SP110,0.8064572870307226
GSE267552,BC10,SP100,0.9719258495334759
GSE267552,BC10,ITM2C,1.1083140968268177
GSE267552,BC10,NCL,1.0143476275895813
GSE267552,BC10,ARL4C,1.0245727855756133
GSE267552,BC10,LRRFIP1,0.906278522937139
GSE267552,BC10,COPS9,0.7982062411493281
GSE267552,BC10,PDCD1,0.6163536387582934
GSE267552,BC10,ARPC4,0.8310817426867135
GSE267552,BC10,BRK1,0.8061380934613165
GSE267552,BC10,OXNAD1,0.8478186289520739
GSE267552,BC10,RPL15,0.926565273987256
GSE267552,BC10,EOMES,0.829981759415372
GSE267552,BC10,CMC1,0.8742638703511801
GSE267552,BC10,TGFBR2,0.9104757827872756
GSE267552,BC10,CSRNP1,0.7851370652860807
GSE267552,BC10,RPSA,0.9280132325783499
GSE267552,BC10,NKTR,0.7780882073536554
GSE267552,BC10,CXCR6,0.875267245341735
GSE267552,BC10,TMA7,0.8912531361205848
GSE267552,BC10,SHISA5,0.8504729423150122
GSE267552,BC10,RHOA,0.9839280319265603
GSE267552,BC10,GNAI2,0.9494371332590374
GSE267552,BC10,RPL29,0.7906162208838171
GSE267552,BC10,SPCS1,0.9014029488403709
GSE267552,BC10,SELENOK,0.9299805126635545
GSE267552,BC10,ARL6IP5,0.9868876391949789
GSE267552,BC10,FOXP1,0.7838894852461419
GSE267552,BC10,CGGBP1,0.7981912403265783
GSE267552,BC10,CLDND1,1.0116514803559373
GSE267552,BC10,RPL24,0.795472200130102
GSE267552,BC10,NFKBIZ,0.8122515305325486
GSE267552,BC10,CBLB,0.8534579437007176
GSE267552,BC10,TRAT1,0.850728290017656
GSE267552,BC10,CD96,0.9851915473717893
GSE267552,BC10,TIGIT,0.8561401466739829
GSE267552,BC10,COX17,0.8018159666191228
GSE267552,BC10,NDUFB4,0.8258550574790738
GSE267552,BC10,HCLS1,0.955053418669732
GSE267552,BC10,RPN1,0.7718562507491155
GSE267552,BC10,CNBP,0.9905337701388233
GSE267552,BC10,H1FX,1.1525967476817847
GSE267552,BC10,CDV3,0.8939143013454793
GSE267552,BC10,ZBTB38,0.8721925550176056
GSE267552,BC10,U2SURP,0.8125610184562667
GSE267552,BC10,GYG1,0.8119134956250611
GSE267552,BC10,SERP1,0.9448815300690755
GSE267552,BC10,MBNL1,1.0009592923958475
GSE267552,BC10,CCNL1,0.83782142091465
GSE267552,BC10,SEC62,0.9303063024461038
GSE267552,BC10,RPL22L1,0.8720033652179664
GSE267552,BC10,TRA2B,0.9011617953271485
GSE267552,BC10,EIF4A2,0.9516799859494668
GSE267552,BC10,PPP1R2,0.9671601292809385
GSE267552,BC10,PAK2,0.8672266677927382
GSE267552,BC10,ATP5ME,0.9526713654948205
GSE267552,BC10,LYAR,0.9310012163100696
GSE267552,BC10,WDR1,0.862154824184531
GSE267552,BC10,BOD1L1,0.7986450449808942
GSE267552,BC10,ARAP2,0.8718367559335478
GSE267552,BC10,RPL9,0.9119689311405073
GSE267552,BC10,RHOH,0.9435660638819927
GSE267552,BC10,OCIAD1,0.7758149115943864
GSE267552,BC10,OCIAD2,0.8685680739428939
GSE267552,BC10,HOPX,0.8769490868016206
GSE267552,BC10,YTHDC1,0.7757143221310454
GSE267552,BC10,AREG,0.8813743802121513
GSE267552,BC10,G3BP2,0.8839082498441
GSE267552,BC10,CCNI,0.9296028137710243
GSE267552,BC10,HNRNPD,0.8564915925206283
GSE267552,BC10,HNRNPDL,1.00194061963526
GSE267552,BC10,H2AFZ,0.9984437541858191
GSE267552,BC10,UBE2D3,0.9645272188346712
GSE267552,BC10,SNHG8,0.9814530878977553
GSE267552,BC10,C4orf3,0.8977883322263918
GSE267552,BC10,ANXA5,0.850038008899134
GSE267552,BC10,HMGB2,0.9126546131588196
GSE267552,BC10,SUB1,0.9819639157309208
GSE267552,BC10,IL7R,1.551405878588248
GSE267552,BC10,FYB1,1.0272402519357788
GSE267552,BC10,PTGER4,1.0069384721887196
GSE267552,BC10,PRKAA1,0.5557410259584022
GSE267552,BC10,EMB,0.9453292852049096
GSE267552,BC10,PARP8,0.9921130446242747
GSE267552,BC10,GZMK,1.5411631879688048
GSE267552,BC10,GZMA,1.268887110656409
GSE267552,BC10,GPBP1,0.8116165132780055
GSE267552,BC10,KIF2A,0.8456784862991206
GSE267552,BC10,PIK3R1,1.0838502965032968
GSE267552,BC10,BTF3,0.969904101769087
GSE267552,BC10,NSA2,0.8761651109472122
GSE267552,BC10,TBCA,0.8791519685722775
GSE267552,BC10,COX7C,0.973818024346216
GSE267552,BC10,CCNH,1.0390870446421558
GSE267552,BC10,CAST,0.8871545081915266
GSE267552,BC10,LNPEP,0.7950053409035461
GSE267552,BC10,CAMK4,0.7890974388055281
GSE267552,BC10,REEP5,0.8876099810727153
GSE267552,BC10,TNFAIP8,0.8331789209183007
GSE267552,BC10,HINT1,1.0199232999134686
GSE267552,BC10,CDC42SE2,0.8635556385177787
GSE267552,BC10,C5orf56,0.7941103846596621
GSE267552,BC10,IRF1,1.0221521065227754
GSE267552,BC10,UQCRQ,0.8707326905045173
GSE267552,BC10,TCF7,0.7704574837441023
GSE267552,BC10,SKP1,0.9816497461628709
GSE267552,BC10,UBE2B,0.7905271239256094
GSE267552,BC10,HNRNPA0,0.8428585685402362
GSE267552,BC10,EGR1,0.9947916866331887
GSE267552,BC10,MATR3,0.8746065788423414
GSE267552,BC10,PAIP2,0.8441676227987999
GSE267552,BC10,UBE2D2,0.8993160684316003
GSE267552,BC10,CD14,0.037322163104394165
GSE267552,BC10,IK,0.7931010830114816
GSE267552,BC10,NDFIP1,0.8644838675055877
GSE267552,BC10,NR3C1,0.8394640753308217
GSE267552,BC10,CD74,1.326810060755502
GSE267552,BC10,ANXA6,0.939103010940736
GSE267552,BC10,ITK,0.9090280571052655
GSE267552,BC10,MAT2B,0.7695607530898442
GSE267552,BC10,LCP2,0.9867534250716445
GSE267552,BC10,NPM1,1.0264801235645513
GSE267552,BC10,STK10,0.7840374400325884
GSE267552,BC10,DUSP1,1.5905353997713156
GSE267552,BC10,ATP6V0E1,0.9413747837862905
GSE267552,BC10,HIGD2A,0.9528067385750347
GSE267552,BC10,PRELID1,0.7964565561229608
GSE267552,BC10,CANX,0.8251712527386239
GSE267552,BC10,SQSTM1,0.997449113790194
GSE267552,BC10,RACK1,0.8445373564650022
GSE267552,BC10,SERPINB9,0.8022599872336695
GSE267552,BC10,PRPF4B,0.8331721263158531
GSE267552,BC10,TMEM14B,0.7953971190683254
GSE267552,BC10,NOL7,0.7887250039545262
GSE267552,BC10,DEK,0.8992832931904527
GSE267552,BC10,HIST1H4C,1.1129064167365488
GSE267552,BC10,HIST1H1E,0.9476657474523767
GSE267552,BC10,HIST1H1D,0.9490487267810541
GSE267552,BC10,BTN3A2,0.8073333715350934
GSE267552,BC10,HLA-F,0.9822682897229252
GSE267552,BC10,PPP1R18,0.8584644494696612
GSE267552,BC10,TUBB,0.8551542566657023
GSE267552,BC10,TNF,0.8796249405263139
GSE267552,BC10,LTB,0.9551777159276456
GSE267552,BC10,CSNK2B,0.8734656235336746
GSE267552,BC10,CLIC1,1.0387807944931884
GSE267552,BC10,HSPA1A,1.813387547300139
GSE267552,BC10,HSPA1B,1.753999558744539
GSE267552,BC10,GPSM3,0.9458837412294496
GSE267552,BC10,HLA-DRA,0.8756646210966692
GSE267552,BC10,HLA-DRB5,0.9546376579874294
GSE267552,BC10,HLA-DRB1,1.1595681940675309
GSE267552,BC10,TAP2,0.7827660440280229
GSE267552,BC10,PSMB8,0.9469138586974043
GSE267552,BC10,PSMB9,1.0687556292677995
GSE267552,BC10,TAP1,0.8278621622825643
GSE267552,BC10,BRD2,1.0000055206798533
GSE267552,BC10,HLA-DPA1,1.1147895437348034
GSE267552,BC10,HLA-DPB1,1.0761984583248974
GSE267552,BC10,TAPBP,0.9097369941831146
GSE267552,BC10,CUTA,0.8597006969115617
GSE267552,BC10,RPS10,0.78782621628254
GSE267552,BC10,DEF6,0.8337823591447341
GSE267552,BC10,RPL10A,0.9239870011647684
GSE267552,BC10,FKBP5,0.8146454721088635
GSE267552,BC10,SRSF3,0.8670708025055125
GSE267552,BC10,TOMM6,0.8693827049619749
GSE267552,BC10,CCND3,0.8727522121077802
GSE267552,BC10,HSP90AB1,1.29856842971052
GSE267552,BC10,PHF3,0.8491126062777067
GSE267552,BC10,COX7A2,0.956448024259723
GSE267552,BC10,SNHG5,0.8815484905681016
GSE267552,BC10,PNRC1,0.9840408094654814
GSE267552,BC10,PNISR,0.8822960190856219
GSE267552,BC10,PRDM1,1.0734521035541937
GSE267552,BC10,CRYBG1,0.968284433379436
GSE267552,BC10,SNX3,0.7718554987964872
GSE267552,BC10,CD164,0.8200449486997087
GSE267552,BC10,FYN,1.0212098897476085
GSE267552,BC10,RWDD1,0.807694640522121
GSE267552,BC10,SERINC1,0.8240176719720075
GSE267552,BC10,THEMIS,0.8452453613706898
GSE267552,BC10,SAMD3,0.9145643788345427
GSE267552,BC10,BCLAF1,0.8414289138188814
GSE267552,BC10,TNFAIP3,1.3346556603832689
GSE267552,BC10,ABRACL,0.869776209961809
GSE267552,BC10,CITED2,1.0723177078540644
GSE267552,BC10,SF3B5,0.77593670327948
GSE267552,BC10,UTRN,0.8499884870651105
GSE267552,BC10,SYNE1,0.8171811808114317
GSE267552,BC10,IPCEF1,0.7791790146650363
GSE267552,BC10,DYNLT1,0.8287924662110097
GSE267552,BC10,SYTL3,0.8602038700729588
GSE267552,BC10,EZR,1.0596391866333446
GSE267552,BC10,TAGAP,1.166327882845184
GSE267552,BC10,WTAP,0.8249081805546867
GSE267552,BC10,PSMB1,0.8646643092141336
GSE267552,BC10,ACTB,0.7700893890568955
GSE267552,BC10,RAC1,0.8215697006730323
GSE267552,BC10,NDUFA4,0.9675648400275497
GSE267552,BC10,TOMM7,0.9606681454098821
GSE267552,BC10,CYCS,0.8881553197999996
GSE267552,BC10,HNRNPA2B1,0.9615094718197998
GSE267552,BC10,CBX3,0.8633735164381069
GSE267552,BC10,TAX1BP1,0.8455129364815126
GSE267552,BC10,HERPUD2,0.8011331479440174
GSE267552,BC10,SEPTIN7,1.0026745261575833
GSE267552,BC10,AOAH,0.8457723832241762
GSE267552,BC10,TRG-AS1,0.8316841384689264
GSE267552,BC10,STK17A,1.028925701943407
GSE267552,BC10,PPIA,0.9665743401021825
GSE267552,BC10,H2AFV,0.8414815161945002
GSE267552,BC10,IKZF1,0.9626259207199142
GSE267552,BC10,SEC61G,0.8757901697484205
GSE267552,BC10,EGFR,1.0
GSE267552,BC10,CHCHD2,0.970348813082969
GSE267552,BC10,SBDS,0.8484169935651723
GSE267552,BC10,MDH2,0.7970643995950167
GSE267552,BC10,HSPB1,0.8618342549837638
GSE267552,BC10,SRI,0.7986182532569824
GSE267552,BC10,AKAP9,0.8087725253373783
GSE267552,BC10,SEM1,0.8944366864863066
GSE267552,BC10,ARPC1B,1.0196421241089837
GSE267552,BC10,ATP5MF,0.8917406121997021
GSE267552,BC10,LAMTOR4,0.9118152766014317
GSE267552,BC10,GNB2,0.8631866757262592
GSE267552,BC10,FIS1,0.7694053079754576
GSE267552,BC10,KMT2E,0.9424037450482832
GSE267552,BC10,LSM8,0.7786488587430329
GSE267552,BC10,ARF5,0.8156833295362611
GSE267552,BC10,ZC3HAV1,0.8535391073194051
GSE267552,BC10,NDUFB2,0.8495661709047547
GSE267552,BC10,TRBV7-9,0.8186223565461543
GSE267552,BC10,TRBV20-1,0.7868820155041192
GSE267552,BC10,TRBC1,0.9429140808090721
GSE267552,BC10,TRBC2,1.1064221240969148
GSE267552,BC10,GSTK1,0.9766796302577118
GSE267552,BC10,ZYX,0.9292448918028617
GSE267552,BC10,GIMAP7,1.1015984938390073
GSE267552,BC10,GIMAP4,0.9862428423448698
GSE267552,BC10,GIMAP5,0.8899009942802253
GSE267552,BC10,DNAJB6,0.8255375749549283
GSE267552,BC10,PCM1,0.7914646018669014
GSE267552,BC10,DUSP4,1.0422368878410877
GSE267552,BC10,SARAF,0.9230610964422546
GSE267552,BC10,LEPROTL1,1.0362646842871717
GSE267552,BC10,NSD3,0.7688055332953028
GSE267552,BC10,TCEA1,0.9267349614852305
GSE267552,BC10,RPS20,1.0040652118250581
GSE267552,BC10,SDCBP,0.7907217490886409
GSE267552,BC10,PDE7A,0.8428967271252236
GSE267552,BC10,SNHG6,0.9116269673617625
GSE267552,BC10,TRAM1,0.807348897534181
GSE267552,BC10,RPL7,1.001388698764738
GSE267552,BC10,RBIS,0.8039143655312359
GSE267552,BC10,UQCRB,1.004966302192732
GSE267552,BC10,MTDH,0.8903953233903797
GSE267552,BC10,COX6C,0.9823810581424497
GSE267552,BC10,RNF19A,0.9251675758332446
GSE267552,BC10,PABPC1,1.0189921166032188
GSE267552,BC10,YWHAZ,0.9649730662894423
GSE267552,BC10,EIF3E,0.7777868327896279
GSE267552,BC10,EIF3H,0.8935574451300718
GSE267552,BC10,RAD21,0.823024807831357
GSE267552,BC10,NDUFB9,0.8417935095978016
GSE267552,BC10,LINC00861,0.7863859806238241
GSE267552,BC10,FAM49B,0.7941665132507347
GSE267552,BC10,SLA,0.9195545393594137
GSE267552,BC10,LY6E,1.0815335437268567
GSE267552,BC10,EEF1D,0.9055577041712235
GSE267552,BC10,VPS28,0.8968976217428084
GSE267552,BC10,DOCK8,0.8352556448149713
GSE267552,BC10,SMARCA2,0.8028508710392998
GSE267552,BC10,VLDLR,0.04260748668030063
GSE267552,BC10,CD274,0.14919699471913575
GSE267552,BC10,PSIP1,0.7961413329873613
GSE267552,BC10,RPS6,0.9018374623363262
GSE267552,BC10,DNAJA1,1.3015803308383593
GSE267552,BC10,VCP,0.8395058142675826
GSE267552,BC10,TLN1,0.888015489368711
GSE267552,BC10,GLIPR2,0.7828037450982025
GSE267552,BC10,TOMM5,0.7691129626015379
GSE267552,BC10,ZFAND5,0.8252961436073081
GSE267552,BC10,ANXA1,1.3150597395989632
GSE267552,BC10,OSTF1,0.7983729312211529
GSE267552,BC10,HNRNPK,0.9707614885617419
GSE267552,BC10,SEMA4D,0.7697103936097607
GSE267552,BC10,ANP32B,0.8721741479227699
GSE267552,BC10,SEC61B,0.9121932711761652
GSE267552,BC10,TXN,0.8327945787198248
GSE267552,BC10,PTBP3,0.7692250524275365
GSE267552,BC10,AKNA,0.8405729599560041
GSE267552,BC10,ATP6V1G1,0.9260363654074242
GSE267552,BC10,STOM,0.780386722155521
GSE267552,BC10,RPL35,0.9160259388542141
GSE267552,BC10,ARPC5L,0.8197316289126974
GSE267552,BC10,HSPA5,1.080227930366264
GSE267552,BC10,C9orf16,0.8540607331757457
GSE267552,BC10,SPTAN1,0.8295887849614381
GSE267552,BC10,SET,0.9723076649491257
GSE267552,BC10,C9orf78,0.8450259402526842
GSE267552,BC10,FNBP1,0.8973800336928469
GSE267552,BC10,EDF1,0.9112533330991345
GSE267552,BC10,PAXX,0.9178534938894691
GSE267552,BC10,TUBB4B,0.8365027098106389
GSE267552,BC10,KLF6,1.2984510518152175
GSE267552,BC10,GDI2,0.8032361887127253
GSE267552,BC10,ATP5F1C,0.7947341567470723
GSE267552,BC10,CELF2,0.9011006915171781
GSE267552,BC10,OPTN,0.8230715423870238
GSE267552,BC10,FAM107B,0.9611503716723521
GSE267552,BC10,VIM,1.031565011237788
GSE267552,BC10,AL133415.1,0.9674246557630466
GSE267552,BC10,PIP4K2A,0.8899686683922061
GSE267552,BC10,APBB1IP,0.910211457414821
GSE267552,BC10,YME1L1,0.7779423262728694
GSE267552,BC10,EPC1,0.8679712156560991
GSE267552,BC10,ITGB1,0.9703641494275016
GSE267552,BC10,CREM,0.831929540996459
GSE267552,BC10,HNRNPF,0.9062666338678969
GSE267552,BC10,DDX21,0.8021174865462136
GSE267552,BC10,SRGN,0.9856117200816273
GSE267552,BC10,PRF1,0.9277201599249559
GSE267552,BC10,PSAP,0.8716849500486865
GSE267552,BC10,SPOCK2,0.9202817011382391
GSE267552,BC10,ANAPC16,0.9189266440247595
GSE267552,BC10,DDIT4,1.1576483390625452
GSE267552,BC10,ANXA11,0.8472987578194533
GSE267552,BC10,GHITM,0.8254276552101695
GSE267552,BC10,PGAM1,0.8252005335154465
GSE267552,BC10,NDUFB8,0.8907271195598335
GSE267552,BC10,OGA,0.7974288905044121
GSE267552,BC10,ATP5MD,0.9664105182191343
GSE267552,BC10,DUSP5,0.8854509659377982
GSE267552,BC10,PDCD4,1.0067919726844146
GSE267552,BC10,RGS10,0.8783981473788374
GSE267552,BC10,BUB3,0.8485203690992541
GSE267552,BC10,IFITM2,1.1737244164107266
GSE267552,BC10,IFITM1,1.176102606824548
GSE267552,BC10,POLR2L,0.9282491292138088
GSE267552,BC10,CTSD,0.9063452642194143
GSE267552,BC10,LSP1,1.0004475021619799
GSE267552,BC10,CD81,0.9266020103747394
GSE267552,BC10,NAP1L4,0.8992741486151462
GSE267552,BC10,TRIM22,0.927091503393488
GSE267552,BC10,TAF10,0.890606742773008
GSE267552,BC10,EIF3F,0.9353085366928701
GSE267552,BC10,RPL27A,1.0067120989572382
GSE267552,BC10,EIF4G2,0.9116543632420331
GSE267552,BC10,PSMA1,0.7746433340227046
GSE267552,BC10,C11orf58,0.8980317596620699
GSE267552,BC10,NUCB2,0.7868941207559265
GSE267552,BC10,LDHA,1.0120560307167488
GSE267552,BC10,EIF3M,0.7842442854586834
GSE267552,BC10,CD44,1.0369601452051762
GSE267552,BC10,UBE2L6,0.8473386667825251
GSE267552,BC10,SELENOH,0.8013722816926379
GSE267552,BC10,CD6,0.8488127570458234
GSE267552,BC10,CD5,0.809663695103231
GSE267552,BC10,TMEM258,0.9220106801856799
GSE267552,BC10,FTH1,0.9429711236510491
GSE267552,BC10,AHNAK,1.0784170195018918
GSE267552,BC10,EEF1G,1.007797228720453
GSE267552,BC10,UBXN1,0.8530343352843873
GSE267552,BC10,SLC3A2,0.7938721962618865
GSE267552,BC10,PLAAT4,1.0601516699785558
GSE267552,BC10,COX8A,0.9571556593979493
GSE267552,BC10,PPP1R14B,0.9787625929906509
GSE267552,BC10,TRMT112,0.9082685709892994
GSE267552,BC10,SF1,0.9381803505718292
GSE267552,BC10,NEAT1,1.0159990947240503
GSE267552,BC10,MALAT1,0.7990131526392856
GSE267552,BC10,CFL1,0.9585886140811253
GSE267552,BC10,CTSW,1.0788829285110995
GSE267552,BC10,CCDC85B,0.8061361889639909
GSE267552,BC10,DRAP1,0.9547497274612028
GSE267552,BC10,SF3B2,0.869662257827253
GSE267552,BC10,RAB1B,0.7739797863650819
GSE267552,BC10,POLD4,0.7736468814447401
GSE267552,BC10,PPP1CA,0.8752818872139337
GSE267552,BC10,TBC1D10C,0.9028315237238337
GSE267552,BC10,PTPRCAP,0.9829209609960518
GSE267552,BC10,CORO1B,0.9960149888498117
GSE267552,BC10,GSTP1,0.9469101658784168
GSE267552,BC10,DHCR7,0.2887208052925272
GSE267552,BC10,UCP2,0.9124746686838562
GSE267552,BC10,SPCS2,0.840786175225535
GSE267552,BC10,RSF1,0.7794095668226425
GSE267552,BC10,NDUFC2,0.808905624879683
GSE267552,BC10,CTSC,0.942919960070413
GSE267552,BC10,TAF1D,0.8343173717996399
GSE267552,BC10,BIRC3,0.812339757183666
GSE267552,BC10,CARD16,0.8482362937116075
GSE267552,BC10,ATM,0.8240107101846538
GSE267552,BC10,NCAM1,0.09440628155507072
GSE267552,BC10,IL10RA,0.9113935841296711
GSE267552,BC10,CD3E,0.8205984044299367
GSE267552,BC10,CD3D,0.9982673908661124
GSE267552,BC10,CD3G,1.0232925262500456
GSE267552,BC10,ATP5MG,0.9996201231281144
GSE267552,BC10,KMT2A,0.910058224104725
GSE267552,BC10,DDX6,0.8927742383939001
GSE267552,BC10,CRTAM,0.9087228481185033
GSE267552,BC10,HSPA8,1.2672527680386987
GSE267552,BC10,SRPRA,0.77389651383728
GSE267552,BC10,ETS1,1.0312340801849333
GSE267552,BC10,WNK1,0.8372021055078258
GSE267552,BC10,CD27,0.9007929865432357
GSE267552,BC10,GAPDH,0.9688120247008979
GSE267552,BC10,LAG3,0.7723217945104353
GSE267552,BC10,CD4,0.0867926182823399
GSE267552,BC10,TPI1,0.9669468502343224
GSE267552,BC10,C12orf57,1.039872945520183
GSE267552,BC10,PTPN6,0.7912646307785597
GSE267552,BC10,SLC2A3,1.0547076758605427
GSE267552,BC10,KLRG1,0.8423766633793616
GSE267552,BC10,CLEC2D,0.9367741425590543
GSE267552,BC10,CD69,1.260496011337365
GSE267552,BC10,CLEC2B,1.0381761291147333
GSE267552,BC10,GABARAPL1,0.7823458808863325
GSE267552,BC10,KLRD1,1.0048835559450564
GSE267552,BC10,KLRK1,1.0367509779570259
GSE267552,BC10,KLRC4,0.7961547463822275
GSE267552,BC10,KLRC2,0.8435799307804094
GSE267552,BC10,LINC02446,0.9960406827184853
GSE267552,BC10,CDKN1B,0.938046388586973
GSE267552,BC10,ATF7IP,0.8279268195950891
GSE267552,BC10,ARHGDIB,0.9065310086967
GSE267552,BC10,LDHB,0.9745028185751458
GSE267552,BC10,RESF1,1.0558476036991344
GSE267552,BC10,SCAF11,0.8732769441703839
GSE267552,BC10,SLC38A1,0.7866250927456737
GSE267552,BC10,SLC38A2,0.8478688138719792
GSE267552,BC10,PCED1B-AS1,1.015104977579494
GSE267552,BC10,TUBA1B,0.9341225151208633
GSE267552,BC10,TUBA1A,1.0118767567202074
GSE267552,BC10,TMBIM6,0.9862282519803984
GSE267552,BC10,LIMA1,0.40468592223513933
GSE267552,BC10,DAZAP2,0.9816660147311209
GSE267552,BC10,BIN2,0.8335001712287728
GSE267552,BC10,NR4A1,1.1550621705917292
GSE267552,BC10,EIF4B,0.8983567772427113
GSE267552,BC10,PFDN5,0.9804150237709331
GSE267552,BC10,PRR13,0.8974455167834061
GSE267552,BC10,ATP5MC2,1.0034769226344624
GSE267552,BC10,HNRNPA1,0.9741741231335189
GSE267552,BC10,BLOC1S1,0.8309397998301371
GSE267552,BC10,CD63,0.8162342229739197
GSE267552,BC10,PA2G4,0.8538415964384944
GSE267552,BC10,MYL6,0.9727481607823045
GSE267552,BC10,ATP5F1B,0.8872283742350544
GSE267552,BC10,PTGES3,0.9682541460217978
GSE267552,BC10,NACA,0.834403591223841
GSE267552,BC10,ARHGAP9,0.8420728022608847
GSE267552,BC10,USP15,0.8080688358153768
GSE267552,BC10,TMBIM4,0.8315466954493582
GSE267552,BC10,IFNG,0.8856212073765164
GSE267552,BC10,RAP1B,0.9259073139901403
GSE267552,BC10,GLIPR1,0.9033125941975421
GSE267552,BC10,NAP1L1,0.8421698568960964
GSE267552,BC10,PPP1R12A,0.8097607270787602
GSE267552,BC10,AC025164.1,0.7867475273181431
GSE267552,BC10,SLC25A3,0.8963075556346235
GSE267552,BC10,HSP90B1,0.9984587853771983
GSE267552,BC10,C12orf75,0.8056807200815828
GSE267552,BC10,ISCU,0.8555497027638936
GSE267552,BC10,SELPLG,0.8642625670914632
GSE267552,BC10,ARPC3,0.9991348661687811
GSE267552,BC10,ERP29,0.9148272103045296
GSE267552,BC10,PEBP1,0.8528948444873947
GSE267552,BC10,RPLP0,0.8448559754407421
GSE267552,BC10,COX6A1,0.9909614517364412
GSE267552,BC10,SRSF9,0.8119972816788107
GSE267552,BC10,DYNLL1,0.9184741316554852
GSE267552,BC10,OASL,0.8309970260977312
GSE267552,BC10,RSRC2,0.8296464181569232
GSE267552,BC10,ARL6IP4,0.8742377751583895
GSE267552,BC10,UBC,0.9847739883762215
GSE267552,BC10,RAN,0.9378560660576735
GSE267552,BC10,MPHOSPH8,0.8511506259988532
GSE267552,BC10,SAP18,0.9366211508691125
GSE267552,BC10,RPL21,0.9566892806069598
GSE267552,BC10,GTF3A,0.8645153560795008
GSE267552,BC10,POMP,0.7692785949004383
GSE267552,BC10,HMGB1,1.006352566835058
GSE267552,BC10,ALOX5AP,1.0555999258222908
GSE267552,BC10,HSPH1,1.2641426768849944
GSE267552,BC10,N4BP2L2,0.8594482674301929
GSE267552,BC10,ELF1,0.9930166675331554
GSE267552,BC10,RGCC,1.273229752617046
GSE267552,BC10,TPT1,0.8658804628540124
GSE267552,BC10,AL138963.4,0.8600893939510819
GSE267552,BC10,LCP1,0.9908895412066769
GSE267552,BC10,ITM2B,0.938150819505725
GSE267552,BC10,COMMD6,1.0132399815049549
GSE267552,BC10,MYCBP2,0.8086167235928943
GSE267552,BC10,GPR183,0.7981463054434581
GSE267552,BC10,ARGLU1,0.9172595205655729
GSE267552,BC10,HNRNPC,0.9192879456625235
GSE267552,BC10,TRAC,0.879469445271875
GSE267552,BC10,DAD1,0.8963680653317204
GSE267552,BC10,PABPN1,0.769748434979018
GSE267552,BC10,PSME1,1.027129418993868
GSE267552,BC10,PSME2,1.0069037985202605
GSE267552,BC10,NEDD8,0.8690959681482562
GSE267552,BC10,GZMH,1.1402951354731383
GSE267552,BC10,GZMB,0.8752317198347486
GSE267552,BC10,SNX6,0.8115214597013957
GSE267552,BC10,FAM177A1,0.8985053729631021
GSE267552,BC10,PSMA6,0.8284449696704222
GSE267552,BC10,NFKBIA,1.3326196767639273
GSE267552,BC10,PNN,0.7691296550570051
GSE267552,BC10,RPL36AL,0.9610596600701801
GSE267552,BC10,ARF6,0.9067947191773502
GSE267552,BC10,GNG2,0.8957515254329562
GSE267552,BC10,LGALS3,0.8643353440409515
GSE267552,BC10,KTN1,0.9589779217685419
GSE267552,BC10,DHRS7,0.8962336770579341
GSE267552,BC10,PRKCH,0.9010253397678595
GSE267552,BC10,HIF1A,0.8337382013739414
GSE267552,BC10,SYNE2,0.9834674077773926
GSE267552,BC10,CHURC1,0.8790425619424372
GSE267552,BC10,ZFP36L1,1.0763793053220851
GSE267552,BC10,SRSF5,0.9521389866855763
GSE267552,BC10,RBM25,0.8817675428621611
GSE267552,BC10,TMED10,0.8098375206985472
GSE267552,BC10,FOS,1.6800992908693484
GSE267552,BC10,GPR65,0.7748044239648417
GSE267552,BC10,CALM1,0.9817123895631759
GSE267552,BC10,TC2N,0.8879980678263317
GSE267552,BC10,NDUFB1,0.8440617657898586
GSE267552,BC10,DDX24,1.0332412031992741
GSE267552,BC10,PAPOLA,0.7918604976909203
GSE267552,BC10,BCL11B,0.891553052704184
GSE267552,BC10,EVL,1.0237593750300011
GSE267552,BC10,PPP2R5C,0.9534818329635614
GSE267552,BC10,HSP90AA1,1.4432230065989247
GSE267552,BC10,EIF5,0.9527834162023837
GSE267552,BC10,ATP5MPL,0.867937403999988
GSE267552,BC10,CRIP1,1.191291378942274
GSE267552,BC10,SNRPN,0.7858701503715483
GSE267552,BC10,KLF13,0.7914767309694539
GSE267552,BC10,SRP14,0.964890479134919
GSE267552,BC10,PDIA3,0.9867473045226121
GSE267552,BC10,SERF2,0.9190569785111589
GSE267552,BC10,EID1,0.8093598174749272
GSE267552,BC10,ANXA2,0.769806160301459
GSE267552,BC10,VPS13C,0.8421552888041284
GSE267552,BC10,RPS27L,0.7756134819767657
GSE267552,BC10,PPIB,1.015839925876999
GSE267552,BC10,RPL4,1.0302500901408949
GSE267552,BC10,PKM,0.8736603109547812
GSE267552,BC10,CSK,0.8262022591663284
GSE267552,BC10,COX5A,0.7949831392279072
GSE267552,BC10,MORF4L1,0.9437681150921191
GSE267552,BC10,IL16,0.8256151421558555
GSE267552,BC10,RPS17,0.9315855810785798
GSE267552,BC10,AKAP13,0.9680725408548473
GSE267552,BC10,ISG20,1.0398249181086658
GSE267552,BC10,IDH2,0.7933845884940715
GSE267552,BC10,CIB1,0.924829429125564
GSE267552,BC10,IQGAP1,0.9595544862675855
GSE267552,BC10,LINC01578,0.9896057837055661
GSE267552,BC10,UBE2I,0.8091188198218981
GSE267552,BC10,NDUFB10,0.8276078672888073
GSE267552,BC10,ATP6V0C,0.958353077909398
GSE267552,BC10,SRRM2,0.984183099322442
GSE267552,BC10,ELOB,0.9719285136281729
GSE267552,BC10,IL32,0.9030148490984736
GSE267552,BC10,SOCS1,1.0930866525956375
GSE267552,BC10,LITAF,0.9512829997365889
GSE267552,BC10,GSPT1,0.8067368276623336
GSE267552,BC10,ARL6IP1,0.8961770466061708
GSE267552,BC10,RBBP6,0.8013942592849749
GSE267552,BC10,CD19,0.023939146984526528
GSE267552,BC10,LAT,0.8685573974566644
GSE267552,BC10,ALDOA,0.9842375191575283
GSE267552,BC10,YPEL3,0.9059568199976605
GSE267552,BC10,CORO1A,1.006322917489219
GSE267552,BC10,SEPTIN1,0.9854195837337618
GSE267552,BC10,FUS,1.0140131328013182
GSE267552,BC10,RBL2,0.8606216888168762
GSE267552,BC10,MT2A,1.2083851223455528
GSE267552,BC10,HERPUD1,1.066367161515673
GSE267552,BC10,CKLF,0.9978838519261095
GSE267552,BC10,CIAO2B,0.7853839615964018
GSE267552,BC10,PSMB10,0.9391295759875146
GSE267552,BC10,GABARAPL2,0.8748939767241929
GSE267552,BC10,TERF2IP,0.9683722414327113
GSE267552,BC10,COTL1,1.132671368444636
GSE267552,BC10,COX4I1,0.9883384735587937
GSE267552,BC10,MAP1LC3B,0.9384269274210767
GSE267552,BC10,CYBA,0.9722135643742799
GSE267552,BC10,APRT,0.9259619243371159
GSE267552,BC10,ANKRD11,0.7958150306580751
GSE267552,BC10,TCF25,0.8521616957696614
GSE267552,BC10,ITGAE,0.7193763259212326
GSE267552,BC10,PFN1,0.8734999421274795
GSE267552,BC10,RNASEK,0.9926266503489662
GSE267552,BC10,GABARAP,0.9665786267375625
GSE267552,BC10,EIF5A,0.8260541717700431
GSE267552,BC10,ACAP1,0.8677939389978182
GSE267552,BC10,EIF4A1,0.9616196168441162
GSE267552,BC10,TRAPPC1,0.8503573647029102
GSE267552,BC10,VAMP2,0.9625275023669407
GSE267552,BC10,NCOR1,0.8919161965860559
GSE267552,BC10,UBB,1.1427121340387667
GSE267552,BC10,SNHG29,0.9956997665267407
GSE267552,BC10,WSB1,0.8024724548011198
GSE267552,BC10,RPL23A,0.8149152637708713
GSE267552,BC10,EVI2B,0.8877047788300939
GSE267552,BC10,SLFN5,0.9066208512209919
GSE267552,BC10,CCL4,1.6744025421212456
GSE267552,BC10,CCL4L2,1.2936757917295938
GSE267552,BC10,SYNRG,0.8060476351097738
GSE267552,BC10,PSMB3,0.8170724454024905
GSE267552,BC10,RPL23,0.9752468151565777
GSE267552,BC10,ERBB2,0.06231386938095074
GSE267552,BC10,IKZF3,0.9212109671307053
GSE267552,BC10,KRT10,0.864604401932237
GSE267552,BC10,EIF1,0.8479138545535003
GSE267552,BC10,STAT3,0.799410589229307
GSE267552,BC10,RPL27,0.9874152965833957
GSE267552,BC10,SKAP1,0.9159825347568915
GSE267552,BC10,TOB1,0.9515245723510274
GSE267552,BC10,NME2,0.855337297413464
GSE267552,BC10,LIMD2,1.022650933903778
GSE267552,BC10,ERN1,0.7912183965947593
GSE267552,BC10,DDX5,0.9502083252009946
GSE267552,BC10,PITPNC1,0.7818339291043469
GSE267552,BC10,PRKAR1A,0.7826776841707054
GSE267552,BC10,RPL38,0.9379195914946438
GSE267552,BC10,SLC9A3R1,0.8922631432007068
GSE267552,BC10,FDXR,0.17198104167878556
GSE267552,BC10,ATP5PD,0.798684050227864
GSE267552,BC10,JPT1,0.7806436856283038
GSE267552,BC10,SUMO2,0.9704796501086064
GSE267552,BC10,H3F3B,0.9405197848658086
GSE267552,BC10,UBALD2,0.8493061220898258
GSE267552,BC10,SRSF2,0.943250897732477
GSE267552,BC10,SEPTIN9,0.9775420436855361
GSE267552,BC10,EIF4A3,0.7708453697528833
GSE267552,BC10,RNF213,1.0459246005365832
GSE267552,BC10,ACTG1,0.9980674433558965
GSE267552,BC10,P4HB,0.7900906362981365
GSE267552,BC10,ARHGDIA,0.8908015775655675
GSE267552,BC10,CD7,1.112773722236
GSE267552,BC10,SMCHD1,0.9933167801028818
GSE267552,BC10,MYL12A,0.978391782880392
GSE267552,BC10,MYL12B,1.0144894952563275
GSE267552,BC10,NDUFV2,0.7723398278993849
GSE267552,BC10,ANKRD12,0.9660663808620651
GSE267552,BC10,ROCK1,0.8037949834773714
GSE267552,BC10,ATP5F1A,0.7740568108648322
GSE267552,BC10,RPL17,0.9152522514111595
GSE267552,BC10,MBP,0.8979239888010389
GSE267552,BC10,GZMM,1.0034429200946935
GSE267552,BC10,BSG,0.7907965944732236
GSE267552,BC10,CNN2,0.9378908803246591
GSE267552,BC10,GPX4,0.901334038709056
GSE267552,BC10,ATP5F1D,0.921310124702891
GSE267552,BC10,CIRBP,0.9892663316923732
GSE267552,BC10,UQCR11,0.9830371514416698
GSE267552,BC10,ABHD17A,0.8271740606860154
GSE267552,BC10,OAZ1,0.9583935638319014
GSE267552,BC10,LSM7,0.8652170729314818
GSE267552,BC10,GADD45B,1.030101520463007
GSE267552,BC10,TLE5,0.9978430658545377
GSE267552,BC10,MATK,0.7726198704915478
GSE267552,BC10,EEF2,0.9997775342735852
GSE267552,BC10,MAP2K2,0.7909474988156266
GSE267552,BC10,NDUFA11,0.8763429585275273
GSE267552,BC10,TNFSF9,0.8406274915702664
GSE267552,BC10,PET100,0.8754684442511912
GSE267552,BC10,HNRNPM,0.8059736260557194
GSE267552,BC10,UBL5,0.9939496744734551
GSE267552,BC10,SHFL,0.7876623809242796
GSE267552,BC10,EIF3G,0.9043358435815134
GSE267552,BC10,ICAM3,0.8193746840624787
GSE267552,BC10,CDC37,0.8836581318757478
GSE267552,BC10,WDR83OS,0.8758642033207417
GSE267552,BC10,TRIR,0.9496247037175723
GSE267552,BC10,JUNB,1.5747543225277891
GSE267552,BC10,PRDX2,0.7765844897193009
GSE267552,BC10,CALR,0.9650460505933399
GSE267552,BC10,IER2,1.172710519182399
GSE267552,BC10,C19orf53,0.846278524340935
GSE267552,BC10,ADGRE5,0.955159064866222
GSE267552,BC10,DNAJB1,1.632263515084913
GSE267552,BC10,TECR,0.8371694258054417
GSE267552,BC10,RASAL3,0.828297060489699
GSE267552,BC10,KLF2,1.4270384352523005
GSE267552,BC10,BST2,0.8604981725665168
GSE267552,BC10,JUND,1.3017227434171845
GSE267552,BC10,FKBP8,0.8427129336438983
GSE267552,BC10,UBA52,0.9068479906296404
GSE267552,BC10,REX1BD,0.8800821983014907
GSE267552,BC10,COPE,0.8296463943658529
GSE267552,BC10,NDUFA13,0.9641689805798125
GSE267552,BC10,LSM14A,0.7961412252102245
GSE267552,BC10,GPI,0.7828538595680872
GSE267552,BC10,FXYD5,1.053752433198183
GSE267552,BC10,COX6B1,0.9920844369189643
GSE267552,BC10,HCST,1.0087693128230844
GSE267552,BC10,CAPNS1,0.7858472788671939
GSE267552,BC10,EIF3K,0.9965435200584473
GSE267552,BC10,ACTN4,0.8378902415594547
GSE267552,BC10,ECH1,0.8368759160279687
GSE267552,BC10,HNRNPL,0.9162657346138194
GSE267552,BC10,GMFG,1.023093943633287
GSE267552,BC10,ZFP36,1.477000502490173
GSE267552,BC10,RPS16,0.8682212133961995
GSE267552,BC10,SERTAD1,0.8843838033721764
GSE267552,BC10,TGFB1,1.0395568688518484
GSE267552,BC10,RPS19,0.8249455350461804
GSE267552,BC10,ARHGEF1,0.9356031917945072
GSE267552,BC10,RABAC1,0.912573125380849
GSE267552,BC10,FOSB,1.313530978415257
GSE267552,BC10,SNRPD2,0.9945271218112375
GSE267552,BC10,CALM3,0.8634410744068883
GSE267552,BC10,NOP53,0.9110044531307875
GSE267552,BC10,SELENOW,0.8707536693864478
GSE267552,BC10,EMP3,1.0365108361159538
GSE267552,BC10,PPP1R15A,1.1263920890165415
GSE267552,BC10,BAX,0.7938932875084426
GSE267552,BC10,FTL,1.0893623677842692
GSE267552,BC10,CD37,0.9882269292767377
GSE267552,BC10,RPL13A,0.9248622765010762
GSE267552,BC10,RPS11,1.0103391634093875
GSE267552,BC10,NKG7,1.2219816114581148
GSE267552,BC10,ZNF331,1.063861572378498
GSE267552,BC10,MYADM,0.8780836682741778
GSE267552,BC10,NDUFA3,0.991878449420506
GSE267552,BC10,RPS9,0.960291048896832
GSE267552,BC10,UBE2S,0.9924468882350256
GSE267552,BC10,RPS5,0.8973750908668386
GSE267552,BC10,SNRPB,0.8394883619268978
GSE267552,BC10,TMX4,0.7898866097408573
GSE267552,BC10,CST7,1.1726186046542604
GSE267552,BC10,APMAP,0.809919724938978
GSE267552,BC10,RALY,0.7736792117383295
GSE267552,BC10,EIF2S2,0.7891333922626861
GSE267552,BC10,ROMO1,0.8650549242326232
GSE267552,BC10,RBM39,0.9884116204526913
GSE267552,BC10,SCAND1,0.775285225109949
GSE267552,BC10,SAMHD1,0.8074605390497805
GSE267552,BC10,YWHAB,1.0094152095651758
GSE267552,BC10,STK4,0.9841478861821836
GSE267552,BC10,PREX1,0.8094703919139578
GSE267552,BC10,ZFAS1,0.9198266088035494
GSE267552,BC10,UBE2V1,0.8490756622081072
GSE267552,BC10,NFATC2,0.795713538842471
GSE267552,BC10,GNAS,0.9963253132040263
GSE267552,BC10,ATP5F1E,0.9044823321516325
GSE267552,BC10,PSMA7,0.9919747050059394
GSE267552,BC10,PPDPF,0.9735399516781633
GSE267552,BC10,LIME1,0.9551363944686118
GSE267552,BC10,SAMSN1,0.9679809289678055
GSE267552,BC10,ATP5PF,0.8655241773277285
GSE267552,BC10,SOD1,0.9757513976998393
GSE267552,BC10,SON,1.0049296764128386
GSE267552,BC10,ATP5PO,0.8228839445694973
GSE267552,BC10,MRPS6,0.822732787978661
GSE267552,BC10,HMGN1,0.9514680745814913
GSE267552,BC10,MX1,0.7827582457128317
GSE267552,BC10,ABCG1,0.48269200959473335
GSE267552,BC10,CSTB,0.8892038026724571
GSE267552,BC10,ITGB2,1.0542773199891864
GSE267552,BC10,PRMT2,0.8469878622389726
GSE267552,BC10,CHCHD10,0.7869472826482703
GSE267552,BC10,MIF,1.0238941498861884
GSE267552,BC10,EWSR1,0.84662280950371
GSE267552,BC10,UQCR10,0.930408255917341
GSE267552,BC10,PIK3IP1,0.9144218260528169
GSE267552,BC10,MYH9,1.0515271734289275
GSE267552,BC10,RAC2,0.98720591626786
GSE267552,BC10,LGALS1,1.0781802612349394
GSE267552,BC10,DDX17,0.9350744099106052
GSE267552,BC10,SUN2,0.9406329474486806
GSE267552,BC10,APOBEC3G,1.0263614975672817
GSE267552,BC10,RPL3,0.8976167039999315
GSE267552,BC10,ST13,0.8265843160904132
GSE267552,BC10,XRCC6,0.8227138224330024
GSE267552,BC10,SNU13,0.8830202970179281
GSE267552,BC10,SMDT1,0.8400035935853535
GSE267552,BC10,TSPO,0.8276068501950894
GSE267552,BC10,SLC25A6,1.0153587835715292
GSE267552,BC10,CD99,1.0001517920524172
GSE267552,BC10,SH3KBP1,0.9211148698706234
GSE267552,BC10,EIF1AX,0.7878745645947776
GSE267552,BC10,SAT1,1.035109305543259
GSE267552,BC10,DDX3X,0.9043269834683757
GSE267552,BC10,NDUFB11,0.8979657112828319
GSE267552,BC10,UXT,0.8578125973085767
GSE267552,BC10,RBM3,0.8973590764749445
GSE267552,BC10,WAS,0.8502509421657078
GSE267552,BC10,PLP2,0.9745737159522506
GSE267552,BC10,TSPYL2,1.0031165455512707
GSE267552,BC10,MSN,0.9788343408990152
GSE267552,BC10,IL2RG,1.0051451938593177
GSE267552,BC10,CXCR3,0.9121211987394974
GSE267552,BC10,ATRX,0.8569829249416515
GSE267552,BC10,COX7B,0.8738513676290164
GSE267552,BC10,PGK1,0.9737126576418244
GSE267552,BC10,ITM2A,1.0765121905997002
GSE267552,BC10,SH3BGRL,0.8472035398394805
GSE267552,BC10,RPL36A,0.9250918999415648
GSE267552,BC10,TSC22D3,1.3113820887587444
GSE267552,BC10,SLC25A5,0.9198457843224369
GSE267552,BC10,SEPTIN6,0.926336305976969
GSE267552,BC10,NDUFA1,0.9631734992384898
GSE267552,BC10,SH2D1A,0.9029707213365898
GSE267552,BC10,RBMX,0.8060204989818276
GSE267552,BC10,IDS,0.8959902839328868
GSE267552,BC10,NSDHL,0.16836672168076064
GSE267552,BC10,BCAP31,0.8050754127400687
GSE267552,BC10,SSR4,0.9613015502460287
GSE267552,BC10,FLNA,0.927625241668474
GSE267552,BC10,G6PD,0.4959916519930086
GSE267552,BC10,MT-ND1,1.1051859351761681
GSE267552,BC10,MT-ND2,1.1428060288245872
GSE267552,BC10,MT-CO1,1.0571284165910424
GSE267552,BC10,MT-CO2,1.1107924716223587
GSE267552,BC10,MT-ATP8,1.016899033832289
GSE267552,BC10,MT-ATP6,1.0878330953599118
GSE267552,BC10,MT-CO3,1.164962721611089
GSE267552,BC10,MT-ND3,1.163525209843498
GSE267552,BC10,MT-ND4L,1.1330541844206465
GSE267552,BC10,MT-ND4,1.0795128665927105
GSE267552,BC10,MT-ND5,1.065018223525937
GSE267552,BC10,MT-ND6,0.8065386468391287
GSE267552,BC10,MT-CYB,1.205519637690825
GSE267552,BC12,ISG15,0.8283942686133734
GSE267552,BC12,SSU72,0.7999195940101946
GSE267552,BC12,GNB1,0.8243059840025615
GSE267552,BC12,RPL22,0.9086953318554722
GSE267552,BC12,PARK7,0.9613952961207337
GSE267552,BC12,ENO1,0.9074857401703936
GSE267552,BC12,EFHD2,0.8038704313964409
GSE267552,BC12,CAPZB,0.9805197488621714
GSE267552,BC12,MICOS10,0.87601943470238
GSE267552,BC12,HP1BP3,0.916747783579991
GSE267552,BC12,CDC42,0.9892903951617452
GSE267552,BC12,PNRC2,0.790310731400209
GSE267552,BC12,SRSF10,0.8637660459137411
GSE267552,BC12,SRRM1,0.9447373037015001
GSE267552,BC12,RUNX3,0.8480852471007814
GSE267552,BC12,SYF2,0.8191270792789334
GSE267552,BC12,RSRP1,1.052076835664672
GSE267552,BC12,TMEM50A,0.9024823364471206
GSE267552,BC12,SH3BGRL3,0.9022365017250997
GSE267552,BC12,CD52,1.1031848910286897
GSE267552,BC12,ZNF683,1.010481398188083
GSE267552,BC12,HMGN2,1.000938807287225
GSE267552,BC12,IFI6,0.7977239733523033
GSE267552,BC12,DNAJC8,0.7969705934903845
GSE267552,BC12,ATP5IF1,0.948895206864994
GSE267552,BC12,EPB41,0.7764211844420389
GSE267552,BC12,AL137857.1,0.8170501640465363
GSE267552,BC12,LAPTM5,1.01255791796441
GSE267552,BC12,PTP4A2,1.006031088471547
GSE267552,BC12,KHDRBS1,0.9112903768605229
GSE267552,BC12,LCK,1.0040597610416986
GSE267552,BC12,RBBP4,0.7874438461859483
GSE267552,BC12,SFPQ,0.9973101776803523
GSE267552,BC12,THRAP3,0.8275958849216201
GSE267552,BC12,NDUFS5,0.9784767730600378
GSE267552,BC12,MACF1,0.8185706011639752
GSE267552,BC12,CAP1,0.9643092163787736
GSE267552,BC12,SMAP2,0.9238832414144434
GSE267552,BC12,YBX1,0.9928994027582809
GSE267552,BC12,PRDX1,0.847132835771357
GSE267552,BC12,UQCRH,0.916735163102906
GSE267552,BC12,CMPK1,0.7895370624160677
GSE267552,BC12,EPS15,0.7975626090543534
GSE267552,BC12,TUT4,0.7754611272941417
GSE267552,BC12,TMEM59,0.9064344840135427
GSE267552,BC12,DHCR24,0.07780022285347686
GSE267552,BC12,JUN,1.3679638360299047
GSE267552,BC12,JAK1,0.9970500245226053
GSE267552,BC12,PDE4B,0.8891913073871248
GSE267552,BC12,MIER1,0.7775270522094401
GSE267552,BC12,SERBP1,0.8825152436326156
GSE267552,BC12,SRSF11,0.90993777076384
GSE267552,BC12,ZRANB2,0.7894514527841506
GSE267552,BC12,PRKACB,0.8223411034574593
GSE267552,BC12,GNG5,0.9268108100039758
GSE267552,BC12,GTF2B,0.8158789545256242
GSE267552,BC12,GBP5,0.8680671828521898
GSE267552,BC12,RPL5,0.8602744496892025
GSE267552,BC12,PRPF38B,0.8166747566996811
GSE267552,BC12,PSMA5,0.7885529228456395
GSE267552,BC12,CD53,1.0019884711897389
GSE267552,BC12,DENND2D,0.8434469216112183
GSE267552,BC12,ATP5PB,0.7856478564767044
GSE267552,BC12,RAP1A,0.8084353690645426
GSE267552,BC12,CSDE1,0.9174416922194737
GSE267552,BC12,CD2,1.0429961737588307
GSE267552,BC12,TENT5C,0.8817239032855532
GSE267552,BC12,HMGCS2,1.0
GSE267552,BC12,RBM8A,0.9476557150393532
GSE267552,BC12,TXNIP,1.057388283574631
GSE267552,BC12,LINC01138,0.9739266661132396
GSE267552,BC12,MRPS21,0.8576286652477098
GSE267552,BC12,MCL1,1.106836966904936
GSE267552,BC12,ENSA,0.8020781744075631
GSE267552,BC12,CDC42SE1,0.8347129700558691
GSE267552,BC12,S100A10,1.1033421382063924
GSE267552,BC12,S100A11,1.0686573138771038
GSE267552,BC12,S100A6,1.0907533194140495
GSE267552,BC12,S100A4,1.2664682254336308
GSE267552,BC12,TPM3,1.0257653641510682
GSE267552,BC12,ADAR,0.8354528015346127
GSE267552,BC12,KRTCAP2,0.9672799509967351
GSE267552,BC12,FDPS,0.5348019497094636
GSE267552,BC12,SSR2,0.9850490590118242
GSE267552,BC12,SH2D2A,0.9060219868164491
GSE267552,BC12,PYHIN1,0.8461459327136549
GSE267552,BC12,IFI16,0.9423155159657811
GSE267552,BC12,TAGLN2,1.0676630099936169
GSE267552,BC12,CD48,0.9919255238123148
GSE267552,BC12,TSTD1,0.8456774844640484
GSE267552,BC12,ARHGAP30,0.7902482922746096
GSE267552,BC12,HSPA6,0.9591928734190708
GSE267552,BC12,HSD17B7,0.3906700920946026
GSE267552,BC12,CD247,0.9097144371726502
GSE267552,BC12,RCSD1,0.8269068605461094
GSE267552,BC12,XCL2,1.028752534599059
GSE267552,BC12,XCL1,0.9150278078351862
GSE267552,BC12,SELL,0.8775352757041041
GSE267552,BC12,PRRC2C,0.9589798074193709
GSE267552,BC12,PRDX6,0.7936154122093514
GSE267552,BC12,GAS5,0.844009506110903
GSE267552,BC12,RABGAP1L,0.8008523230563204
GSE267552,BC12,CACYBP,0.8300807809182414
GSE267552,BC12,ARPC5,0.90155503913163
GSE267552,BC12,TPR,0.8680316824135386
GSE267552,BC12,RGS1,1.2880229810482353
GSE267552,BC12,PTPRC,0.8184937257376823
GSE267552,BC12,BTG2,1.1145276025249442
GSE267552,BC12,NUCKS1,0.8752966103381074
GSE267552,BC12,FCMR,0.8621445819465016
GSE267552,BC12,CD46,0.7829733490018655
GSE267552,BC12,TRAF3IP3,0.8389329139014713
GSE267552,BC12,CAPN2,0.8030324279761434
GSE267552,BC12,SRP9,0.7873967312749423
GSE267552,BC12,H3F3A,1.0059354409355012
GSE267552,BC12,ARF1,0.9392633573582694
GSE267552,BC12,GUK1,0.9784331231176608
GSE267552,BC12,TOMM20,0.821758048841095
GSE267552,BC12,ARID4B,0.8333366247336997
GSE267552,BC12,LYST,0.874328847751213
GSE267552,BC12,HNRNPU,1.0071715289262306
GSE267552,BC12,LINC01871,0.9272856863957404
GSE267552,BC12,ID2,1.0515977133043872
GSE267552,BC12,YWHAQ,0.8638536788715918
GSE267552,BC12,PDIA6,0.7999330689030072
GSE267552,BC12,RHOB,0.7995954581783065
GSE267552,BC12,OST4,0.9951387401749153
GSE267552,BC12,YPEL5,0.8978632482230215
GSE267552,BC12,LBH,0.9443504634840799
GSE267552,BC12,SRSF7,1.0316287115396725
GSE267552,BC12,EML4,0.958764652716256
GSE267552,BC12,ZFP36L2,1.080832147923533
GSE267552,BC12,CALM2,1.0237680717157722
GSE267552,BC12,EPCAM,1.0
GSE267552,BC12,REL,0.8423368135047026
GSE267552,BC12,CCT4,0.8191510952694511
GSE267552,BC12,ACTR2,0.9427738635074895
GSE267552,BC12,AAK1,0.8048415724138069
GSE267552,BC12,PCBP1,0.9600858060081976
GSE267552,BC12,SNRPG,0.835235173938603
GSE267552,BC12,MOB1A,0.8044434278745678
GSE267552,BC12,TMSB10,0.8066510679948021
GSE267552,BC12,VAMP8,0.8799744901000199
GSE267552,BC12,GNLY,1.2615859618755878
GSE267552,BC12,CD8A,1.074644422551764
GSE267552,BC12,CD8B,1.1709591846492018
GSE267552,BC12,CYTOR,1.0055846140852922
GSE267552,BC12,DUSP2,1.4524184555517032
GSE267552,BC12,COX5B,0.9604883967544718
GSE267552,BC12,ZAP70,0.8585430462964074
GSE267552,BC12,MGAT4A,0.784778204343731
GSE267552,BC12,EIF5B,0.7783565821992776
GSE267552,BC12,RPL31,1.0015381826697403
GSE267552,BC12,GCC2,0.8882274778176936
GSE267552,BC12,ACTR3,0.9504785488325032
GSE267552,BC12,DDX18,0.8540767379229586
GSE267552,BC12,DBI,0.8604373255469333
GSE267552,BC12,GYPC,0.9864687447638869
GSE267552,BC12,MZT2B,0.963174256969871
GSE267552,BC12,UBXN4,0.9268175095092839
GSE267552,BC12,CXCR4,1.1155148434267341
GSE267552,BC12,ARHGAP15,0.7981528258136071
GSE267552,BC12,PRPF40A,0.7855007757240399
GSE267552,BC12,NR4A2,1.0779032689722863
GSE267552,BC12,CYTIP,1.0339130789350706
GSE267552,BC12,RBMS1,0.7738069399480758
GSE267552,BC12,PPIG,0.7885750212635181
GSE267552,BC12,WIPF1,1.0092410021208815
GSE267552,BC12,ATP5MC3,0.9025894636582301
GSE267552,BC12,HNRNPA3,0.9794529957827535
GSE267552,BC12,ITGA4,0.972970076440512
GSE267552,BC12,GLS,0.8581432624517675
GSE267552,BC12,STAT1,1.0150376693048928
GSE267552,BC12,STK17B,1.0281433309530856
GSE267552,BC12,ANKRD44,0.8761480378354337
GSE267552,BC12,SF3B1,0.945118973982351
GSE267552,BC12,HSPD1,0.9659285093293226
GSE267552,BC12,HSPE1,1.1350719176513702
GSE267552,BC12,BZW1,0.9000106263140117
GSE267552,BC12,CLK1,0.8663938548909141
GSE267552,BC12,CFLAR,0.8890736772427063
GSE267552,BC12,CTLA4,0.6114514681683332
GSE267552,BC12,EEF1B2,1.0065441745548984
GSE267552,BC12,XRCC5,0.8754022612163974
GSE267552,BC12,RPL37A,0.9428277406581388
GSE267552,BC12,ARPC2,1.0133016827612946
GSE267552,BC12,TUBA4A,1.0432396030814164
GSE267552,BC12,SP110,0.824190657968343
GSE267552,BC12,SP100,0.9843193828957627
GSE267552,BC12,ITM2C,1.1108254224819254
GSE267552,BC12,NCL,1.016920216277988
GSE267552,BC12,ARL4C,1.0421059674024276
GSE267552,BC12,LRRFIP1,0.9061990119148807
GSE267552,BC12,COPS9,0.807439573672922
GSE267552,BC12,PDCD1,0.6867241593761517
GSE267552,BC12,ARPC4,0.8436169569341474
GSE267552,BC12,BRK1,0.8267014709833526
GSE267552,BC12,OXNAD1,0.8552648877848777
GSE267552,BC12,RPL15,0.9270353431413477
GSE267552,BC12,EOMES,0.822514783708101
GSE267552,BC12,CMC1,0.8668069133433882
GSE267552,BC12,TGFBR2,0.9201349774595774
GSE267552,BC12,RPSA,0.9369733881342316
GSE267552,BC12,CXCR6,0.8820758669056032
GSE267552,BC12,TMA7,0.8854238869240425
GSE267552,BC12,SHISA5,0.8768009458519895
GSE267552,BC12,NDUFAF3,0.7779138353023519
GSE267552,BC12,RHOA,0.9839624932335396
GSE267552,BC12,GNAI2,0.9606425115215339
GSE267552,BC12,RPL29,0.7895562136847084
GSE267552,BC12,SPCS1,0.9147072646891989
GSE267552,BC12,SELENOK,0.9010015797552424
GSE267552,BC12,ARL6IP5,0.991892880896693
GSE267552,BC12,CGGBP1,0.8034776380053603
GSE267552,BC12,CLDND1,1.077351234899633
GSE267552,BC12,RPL24,0.7926636425938922
GSE267552,BC12,NFKBIZ,0.7896137111022836
GSE267552,BC12,CBLB,0.845269551777475
GSE267552,BC12,TRAT1,0.8820308287893963
GSE267552,BC12,CD96,0.9997430425245741
GSE267552,BC12,TIGIT,0.9228868284258621
GSE267552,BC12,COX17,0.8224680189702104
GSE267552,BC12,NDUFB4,0.8385346127680908
GSE267552,BC12,HCLS1,0.9630387185422821
GSE267552,BC12,RPN1,0.7981392445972638
GSE267552,BC12,CNBP,0.994214597165748
GSE267552,BC12,H1FX,1.157843941763823
GSE267552,BC12,CDV3,0.8813546089884051
GSE267552,BC12,ZBTB38,0.8681916490952535
GSE267552,BC12,RNF7,0.7822587511232458
GSE267552,BC12,U2SURP,0.8149204374518974
GSE267552,BC12,GYG1,0.8039549510273357
GSE267552,BC12,SERP1,0.9586147444687785
GSE267552,BC12,MBNL1,1.0083083822573609
GSE267552,BC12,CCNL1,0.8064103496488901
GSE267552,BC12,SEC62,0.9340942720816092
GSE267552,BC12,RPL22L1,0.8608903793155465
GSE267552,BC12,TRA2B,0.8642803009202144
GSE267552,BC12,EIF4A2,0.942801781558828
GSE267552,BC12,PPP1R2,0.9852020219759251
GSE267552,BC12,PAK2,0.8854768994711388
GSE267552,BC12,ATP5ME,0.9722018354011654
GSE267552,BC12,LYAR,0.9383199467795996
GSE267552,BC12,WDR1,0.8727458736140166
GSE267552,BC12,BOD1L1,0.8031223741068617
GSE267552,BC12,ARAP2,0.8797867170139401
GSE267552,BC12,RPL9,0.93111060895017
GSE267552,BC12,RHOH,0.9369190093454243
GSE267552,BC12,OCIAD1,0.7785497394551348
GSE267552,BC12,OCIAD2,0.8788290264051671
GSE267552,BC12,HOPX,0.8466994948439134
GSE267552,BC12,YTHDC1,0.7765998540213206
GSE267552,BC12,AREG,0.8493317680600976
GSE267552,BC12,G3BP2,0.8674021032650062
GSE267552,BC12,CCNI,0.9290672219756276
GSE267552,BC12,CXCL13,0.7900385875204166
GSE267552,BC12,HNRNPD,0.8627783576229876
GSE267552,BC12,HNRNPDL,1.0151259870610843
GSE267552,BC12,H2AFZ,1.0006431763456245
GSE267552,BC12,UBE2D3,0.9711555702852519
GSE267552,BC12,MCUB,0.7797430640712663
GSE267552,BC12,SNHG8,0.9424063143534818
GSE267552,BC12,C4orf3,0.9209956052781818
GSE267552,BC12,ANXA5,0.8881147667672451
GSE267552,BC12,HMGB2,0.9439974441780075
GSE267552,BC12,SUB1,0.9886779759320008
GSE267552,BC12,IL7R,1.5452822619601514
GSE267552,BC12,FYB1,1.041337667702295
GSE267552,BC12,PTGER4,0.9668939255881657
GSE267552,BC12,PRKAA1,0.54626038536738
GSE267552,BC12,EMB,0.9518215650901254
GSE267552,BC12,PARP8,0.9663497643184308
GSE267552,BC12,GZMK,1.5053430092040694
GSE267552,BC12,GZMA,1.2373228444372169
GSE267552,BC12,GPBP1,0.8213574357101718
GSE267552,BC12,KIF2A,0.8568426097520804
GSE267552,BC12,PIK3R1,1.109564174520291
GSE267552,BC12,BTF3,0.9812889504419714
GSE267552,BC12,NSA2,0.893816279053729
GSE267552,BC12,TBCA,0.8842569692705878
GSE267552,BC12,COX7C,0.9870232104772281
GSE267552,BC12,CCNH,1.0226437879026782
GSE267552,BC12,CAST,0.9022844252814978
GSE267552,BC12,LNPEP,0.8235234088928365
GSE267552,BC12,CAMK4,0.7907530433236238
GSE267552,BC12,REEP5,0.8951475175358776
GSE267552,BC12,TNFAIP8,0.8451806691563887
GSE267552,BC12,HINT1,1.030528576329449
GSE267552,BC12,CDC42SE2,0.8645187886316614
GSE267552,BC12,C5orf56,0.8203613404749637
GSE267552,BC12,IRF1,1.0570309529843414
GSE267552,BC12,UQCRQ,0.8789894812380075
GSE267552,BC12,TCF7,0.8137878985602037
GSE267552,BC12,SKP1,0.9834005808178229
GSE267552,BC12,UBE2B,0.7969331650061656
GSE267552,BC12,HNRNPA0,0.8433168657096041
GSE267552,BC12,MATR3,0.8970267558072956
GSE267552,BC12,PAIP2,0.8475021330515022
GSE267552,BC12,UBE2D2,0.9099692720515066
GSE267552,BC12,CD14,0.046051160039210795
GSE267552,BC12,IK,0.8001309901539888
GSE267552,BC12,NDFIP1,0.8762087694846297
GSE267552,BC12,NR3C1,0.8661304625249338
GSE267552,BC12,CD74,1.2756558258220914
GSE267552,BC12,ANXA6,0.9564632172039521
GSE267552,BC12,ITK,0.9048558737953089
GSE267552,BC12,MAT2B,0.789406630415363
GSE267552,BC12,LCP2,0.9864504059165669
GSE267552,BC12,NPM1,1.0194995963135711
GSE267552,BC12,DUSP1,1.4373105254906913
GSE267552,BC12,ATP6V0E1,0.956100672579341
GSE267552,BC12,HIGD2A,0.9744387103610959
GSE267552,BC12,PRELID1,0.8150951795672966
GSE267552,BC12,CANX,0.8422737427545913
GSE267552,BC12,SQSTM1,0.9543745746480774
GSE267552,BC12,RACK1,0.8256958590482504
GSE267552,BC12,SERPINB9,0.7842743583543885
GSE267552,BC12,PRPF4B,0.8354343973234944
GSE267552,BC12,TMEM14B,0.8035441660210627
GSE267552,BC12,NOL7,0.7830004272853118
GSE267552,BC12,DEK,0.9134802600140564
GSE267552,BC12,HIST1H4C,1.147268338290723
GSE267552,BC12,HIST1H1E,0.9775014688083707
GSE267552,BC12,HIST1H1D,0.9635238939527029
GSE267552,BC12,BTN3A2,0.7911268516446431
GSE267552,BC12,HLA-F,0.9852453710663837
GSE267552,BC12,PPP1R18,0.863754741118605
GSE267552,BC12,TUBB,0.8782101934795491
GSE267552,BC12,TNF,0.8158908644014419
GSE267552,BC12,LTB,1.0099453085853318
GSE267552,BC12,CSNK2B,0.8978342822226071
GSE267552,BC12,CLIC1,1.0274590903447511
GSE267552,BC12,HSPA1A,1.6966877181885467
GSE267552,BC12,HSPA1B,1.584303946657526
GSE267552,BC12,GPSM3,0.9631385019775704
GSE267552,BC12,HLA-DRA,0.9496292488862809
GSE267552,BC12,HLA-DRB5,0.9669557984367924
GSE267552,BC12,HLA-DRB1,1.2031141057044532
GSE267552,BC12,HLA-DQB1,0.7898114336582589
GSE267552,BC12,TAP2,0.8085715236268005
GSE267552,BC12,PSMB8,0.9628188444325743
GSE267552,BC12,PSMB9,1.0625901927115138
GSE267552,BC12,TAP1,0.8570144373801799
GSE267552,BC12,BRD2,0.9469986653957145
GSE267552,BC12,HLA-DPA1,1.1203991732244059
GSE267552,BC12,HLA-DPB1,1.0789915897039497
GSE267552,BC12,RPS18,0.7806122456010969
GSE267552,BC12,TAPBP,0.9328354045918921
GSE267552,BC12,CUTA,0.8645140812525787
GSE267552,BC12,DEF6,0.8486658403945947
GSE267552,BC12,RPL10A,0.9563225694534545
GSE267552,BC12,FKBP5,0.7970507400567469
GSE267552,BC12,SRSF3,0.818104617794148
GSE267552,BC12,TOMM6,0.8800029812865142
GSE267552,BC12,CCND3,0.8723733984365855
GSE267552,BC12,HSP90AB1,1.1828313782653206
GSE267552,BC12,PHF3,0.8564461397665679
GSE267552,BC12,COX7A2,0.9643416335028812
GSE267552,BC12,SNHG5,0.8286136576154881
GSE267552,BC12,PNRC1,0.9852421471149984
GSE267552,BC12,PNISR,0.8903861456863218
GSE267552,BC12,PRDM1,1.082762280627053
GSE267552,BC12,CRYBG1,0.9501957148507602
GSE267552,BC12,SNX3,0.7982455342233277
GSE267552,BC12,CD164,0.8455825260073102
GSE267552,BC12,FYN,1.0335695605859792
GSE267552,BC12,RWDD1,0.8120348538391239
GSE267552,BC12,SERINC1,0.8191924429433177
GSE267552,BC12,THEMIS,0.8363256847881805
GSE267552,BC12,SAMD3,0.9152303738439046
GSE267552,BC12,BCLAF1,0.8198346446379765
GSE267552,BC12,TNFAIP3,1.266848788798036
GSE267552,BC12,ABRACL,0.8811577463649818
GSE267552,BC12,CITED2,1.0197880880473942
GSE267552,BC12,SF3B5,0.7793341525048655
GSE267552,BC12,UTRN,0.8433647404861521
GSE267552,BC12,SYNE1,0.8058142526427297
GSE267552,BC12,DYNLT1,0.8261497255989075
GSE267552,BC12,SYTL3,0.8560214194173971
GSE267552,BC12,EZR,1.0461549454482522
GSE267552,BC12,TAGAP,1.1841128867201056
GSE267552,BC12,WTAP,0.8184366052675065
GSE267552,BC12,PSMB1,0.8812281663058734
GSE267552,BC12,RAC1,0.8210673764074553
GSE267552,BC12,NDUFA4,0.9769055411887301
GSE267552,BC12,TOMM7,0.9796978143713981
GSE267552,BC12,CYCS,0.8615625823355262
GSE267552,BC12,HNRNPA2B1,0.9780843789205119
GSE267552,BC12,CBX3,0.8744676064877459
GSE267552,BC12,TAX1BP1,0.8495727450901308
GSE267552,BC12,HERPUD2,0.8028346594636403
GSE267552,BC12,SEPTIN7,1.0043203156371585
GSE267552,BC12,AOAH,0.8280993493219903
GSE267552,BC12,TRG-AS1,0.8492492217498309
GSE267552,BC12,STK17A,1.0316278542350257
GSE267552,BC12,PPIA,0.979011354143354
GSE267552,BC12,H2AFV,0.8573693050919253
GSE267552,BC12,IKZF1,0.9671418315961637
GSE267552,BC12,SEC61G,0.8832989054832429
GSE267552,BC12,EGFR,1.0
GSE267552,BC12,CHCHD2,0.9811987534793915
GSE267552,BC12,SBDS,0.8373964386407733
GSE267552,BC12,MDH2,0.8091264597582515
GSE267552,BC12,HSPB1,0.9592024621578373
GSE267552,BC12,SRI,0.818605304528548
GSE267552,BC12,AKAP9,0.8009409141810026
GSE267552,BC12,SEM1,0.9163657144761096
GSE267552,BC12,ARPC1B,1.0281709240546395
GSE267552,BC12,ATP5MF,0.9167493989981944
GSE267552,BC12,LAMTOR4,0.9294471929999278
GSE267552,BC12,GNB2,0.8763660991913362
GSE267552,BC12,FIS1,0.7845573954541224
GSE267552,BC12,KMT2E,0.9490187876386699
GSE267552,BC12,LSM8,0.7849804556097149
GSE267552,BC12,ARF5,0.8345222368269339
GSE267552,BC12,ZC3HAV1,0.8237909015556761
GSE267552,BC12,NDUFB2,0.8644841622606001
GSE267552,BC12,TRBV7-6,0.8073297399077624
GSE267552,BC12,TRBV7-9,0.8275924561600273
GSE267552,BC12,TRBV27,0.7950944867439523
GSE267552,BC12,TRBC1,0.9540298970181625
GSE267552,BC12,TRBC2,1.1186277700174838
GSE267552,BC12,GSTK1,0.9850425507819733
GSE267552,BC12,ZYX,0.9180800672220425
GSE267552,BC12,GIMAP7,1.1110013131891778
GSE267552,BC12,GIMAP4,1.014524491845691
GSE267552,BC12,GIMAP5,0.901458304258146
GSE267552,BC12,PCM1,0.7939899889587263
GSE267552,BC12,DOK2,0.779288490585868
GSE267552,BC12,DUSP4,1.1221547934620046
GSE267552,BC12,SARAF,0.9307317887044287
GSE267552,BC12,LEPROTL1,1.0471826059036022
GSE267552,BC12,NSD3,0.776915419724825
GSE267552,BC12,TCEA1,0.9340003662670509
GSE267552,BC12,RPS20,1.0101654598608254
GSE267552,BC12,SDCBP,0.7877353671244196
GSE267552,BC12,PDE7A,0.8300990824224328
GSE267552,BC12,SNHG6,0.915536269369833
GSE267552,BC12,TRAM1,0.8205993865806588
GSE267552,BC12,RPL7,1.0188595252125006
GSE267552,BC12,RBIS,0.8204403629036788
GSE267552,BC12,UQCRB,1.0162061905714512
GSE267552,BC12,MTDH,0.8895658409241839
GSE267552,BC12,COX6C,0.9855370748395579
GSE267552,BC12,RNF19A,0.9633265213559625
GSE267552,BC12,PABPC1,1.0256412208785792
GSE267552,BC12,YWHAZ,0.9736632510208368
GSE267552,BC12,EIF3E,0.7884286512638731
GSE267552,BC12,EIF3H,0.9102017275383665
GSE267552,BC12,RAD21,0.8291999617825276
GSE267552,BC12,NDUFB9,0.8418114862611097
GSE267552,BC12,LINC00861,0.7791941135849106
GSE267552,BC12,FAM49B,0.7936936670518844
GSE267552,BC12,SLA,0.9332640495729514
GSE267552,BC12,LY6E,1.0980538843336987
GSE267552,BC12,EEF1D,0.9059930592428435
GSE267552,BC12,VPS28,0.9086177774655327
GSE267552,BC12,DOCK8,0.8500404952496429
GSE267552,BC12,SMARCA2,0.7886597522452757
GSE267552,BC12,VLDLR,0.030022638067825094
GSE267552,BC12,CD274,0.14694425357711483
GSE267552,BC12,PSIP1,0.8055182723704432
GSE267552,BC12,RPS6,0.9109609186908945
GSE267552,BC12,DNAJA1,1.1283064112304442
GSE267552,BC12,VCP,0.8468817201935729
GSE267552,BC12,TLN1,0.9046409193434457
GSE267552,BC12,GLIPR2,0.8017991002202292
GSE267552,BC12,TOMM5,0.7766943190700568
GSE267552,BC12,ANXA1,1.2581030098879704
GSE267552,BC12,OSTF1,0.7882430094173843
GSE267552,BC12,HNRNPK,0.9852287650229561
GSE267552,BC12,SEMA4D,0.7906457521477611
GSE267552,BC12,ANP32B,0.8982668745329604
GSE267552,BC12,SEC61B,0.9166077114273993
GSE267552,BC12,TXN,0.8448091414830287
GSE267552,BC12,PTBP3,0.7863373727375158
GSE267552,BC12,AKNA,0.8435644746095068
GSE267552,BC12,ATP6V1G1,0.9342513844192445
GSE267552,BC12,STOM,0.7893653157328737
GSE267552,BC12,RPL35,0.9171845090759198
GSE267552,BC12,ARPC5L,0.8174561141314683
GSE267552,BC12,HSPA5,1.0649945883637917
GSE267552,BC12,C9orf16,0.8844570897339415
GSE267552,BC12,SPTAN1,0.8448755459655906
GSE267552,BC12,SET,0.9806253624525301
GSE267552,BC12,C9orf78,0.847621458158951
GSE267552,BC12,FNBP1,0.8922416135223158
GSE267552,BC12,EDF1,0.9306131517400519
GSE267552,BC12,PAXX,0.9195010490972584
GSE267552,BC12,MRPL41,0.7757111200404297
GSE267552,BC12,KLF6,1.21770273111082
GSE267552,BC12,GDI2,0.8220846583184667
GSE267552,BC12,ATP5F1C,0.8150715418234855
GSE267552,BC12,CELF2,0.8955687954897955
GSE267552,BC12,OPTN,0.8425906119428924
GSE267552,BC12,FAM107B,0.9770496236303727
GSE267552,BC12,VIM,1.115652831918498
GSE267552,BC12,AL133415.1,0.9320371316978832
GSE267552,BC12,PIP4K2A,0.8919027888117766
GSE267552,BC12,APBB1IP,0.9088969053824664
GSE267552,BC12,EPC1,0.8593063535423129
GSE267552,BC12,ITGB1,1.0079430363163862
GSE267552,BC12,CREM,0.8502117661965625
GSE267552,BC12,HNRNPF,0.9167553519955652
GSE267552,BC12,DDX21,0.7870582590266971
GSE267552,BC12,SRGN,1.00384588380825
GSE267552,BC12,PRF1,0.9677574349236546
GSE267552,BC12,PSAP,0.8903489117166146
GSE267552,BC12,SPOCK2,0.9462380728503172
GSE267552,BC12,ANAPC16,0.9381007469120085
GSE267552,BC12,DDIT4,1.1897292779033548
GSE267552,BC12,VDAC2,0.7767889977991013
GSE267552,BC12,ANXA11,0.8672660915643335
GSE267552,BC12,GHITM,0.8419759499740797
GSE267552,BC12,PGAM1,0.839664451216347
GSE267552,BC12,NDUFB8,0.8887401482783335
GSE267552,BC12,OGA,0.8088808248060693
GSE267552,BC12,ATP5MD,0.9787050703425381
GSE267552,BC12,DUSP5,0.8312497663137732
GSE267552,BC12,PDCD4,1.0138506267440366
GSE267552,BC12,RGS10,0.9009186247285984
GSE267552,BC12,BUB3,0.8526275019731353
GSE267552,BC12,IFITM2,1.2012705459722013
GSE267552,BC12,IFITM1,1.1592652063140796
GSE267552,BC12,POLR2L,0.9424038552435654
GSE267552,BC12,CTSD,0.928620424756865
GSE267552,BC12,LSP1,1.021395975337234
GSE267552,BC12,CD81,0.94852443166419
GSE267552,BC12,NAP1L4,0.9298780393493195
GSE267552,BC12,RHOG,0.7860060134243736
GSE267552,BC12,TRIM22,0.9418717055204294
GSE267552,BC12,TAF10,0.9100260125669926
GSE267552,BC12,EIF3F,0.9432780625182225
GSE267552,BC12,RPL27A,1.0100449117784427
GSE267552,BC12,EIF4G2,0.9156973814988035
GSE267552,BC12,PSMA1,0.7944720366606717
GSE267552,BC12,C11orf58,0.9078945242032237
GSE267552,BC12,NUCB2,0.8484676402123408
GSE267552,BC12,LDHA,1.0460756687866335
GSE267552,BC12,EIF3M,0.7982925836304738
GSE267552,BC12,CD44,1.0478593635554336
GSE267552,BC12,UBE2L6,0.8766894038906905
GSE267552,BC12,SELENOH,0.8070186105567406
GSE267552,BC12,CD6,0.8573360342841059
GSE267552,BC12,CD5,0.8313253756612803
GSE267552,BC12,TMEM258,0.9406546990519106
GSE267552,BC12,FTH1,0.919211147459998
GSE267552,BC12,AHNAK,1.0766528027520366
GSE267552,BC12,EEF1G,1.0183902635310946
GSE267552,BC12,UBXN1,0.8749301422767859
GSE267552,BC12,SLC3A2,0.8210482888815779
GSE267552,BC12,PLAAT4,1.059301226856687
GSE267552,BC12,COX8A,0.9635622489001607
GSE267552,BC12,PPP1R14B,0.9907662179257852
GSE267552,BC12,TRMT112,0.9292172712153363
GSE267552,BC12,SF1,0.9396417226916679
GSE267552,BC12,NEAT1,1.00476900824033
GSE267552,BC12,MALAT1,0.7816783197838535
GSE267552,BC12,CFL1,0.9538603185371182
GSE267552,BC12,CTSW,1.1037052531472618
GSE267552,BC12,CCDC85B,0.8195892327860081
GSE267552,BC12,DRAP1,0.9759346955858483
GSE267552,BC12,SF3B2,0.8768061697053775
GSE267552,BC12,RAB1B,0.7827638632138938
GSE267552,BC12,POLD4,0.7821374475841985
GSE267552,BC12,PPP1CA,0.8831806004323342
GSE267552,BC12,TBC1D10C,0.8992577563496726
GSE267552,BC12,PTPRCAP,1.0157616933976137
GSE267552,BC12,CORO1B,1.0144318300525732
GSE267552,BC12,GSTP1,0.9538929724776088
GSE267552,BC12,DHCR7,0.2748363849203719
GSE267552,BC12,UCP2,0.9297479351486334
GSE267552,BC12,SPCS2,0.8481397729599919
GSE267552,BC12,RSF1,0.788458751065957
GSE267552,BC12,NDUFC2,0.8223835365047674
GSE267552,BC12,CTSC,0.9412837010906892
GSE267552,BC12,TAF1D,0.8151663939606367
GSE267552,BC12,BIRC3,0.8527972527703477
GSE267552,BC12,CASP4,0.7802073693592888
GSE267552,BC12,CARD16,0.8864789623898705
GSE267552,BC12,ATM,0.8341064622730238
GSE267552,BC12,NCAM1,0.08011225462250766
GSE267552,BC12,IL10RA,0.937800201886337
GSE267552,BC12,CD3E,0.8132419318287338
GSE267552,BC12,CD3D,1.0009749366251215
GSE267552,BC12,CD3G,1.0228170780608448
GSE267552,BC12,ATP5MG,1.0152340065437764
GSE267552,BC12,KMT2A,0.9221789788063792
GSE267552,BC12,DDX6,0.9113817541243089
GSE267552,BC12,CRTAM,0.9116898440739664
GSE267552,BC12,HSPA8,1.1973117152119013
GSE267552,BC12,ETS1,1.040044930511722
GSE267552,BC12,WNK1,0.8508345730595094
GSE267552,BC12,CCND2,0.7931662995780235
GSE267552,BC12,CD27,0.9416928438182585
GSE267552,BC12,GAPDH,0.981929974830577
GSE267552,BC12,LAG3,0.853704188717611
GSE267552,BC12,CD4,0.09319361148315157
GSE267552,BC12,TPI1,0.9943096722563575
GSE267552,BC12,C12orf57,1.0456235357065413
GSE267552,BC12,PTPN6,0.8011052801539379
GSE267552,BC12,SLC2A3,1.0615556430425372
GSE267552,BC12,KLRG1,0.8261420474973997
GSE267552,BC12,CLEC2D,0.9593375687115576
GSE267552,BC12,CD69,1.1787462856302193
GSE267552,BC12,CLEC2B,1.047261244933284
GSE267552,BC12,KLRD1,1.0031153924748242
GSE267552,BC12,KLRK1,1.0366731757143535
GSE267552,BC12,KLRC4,0.8333388803054477
GSE267552,BC12,KLRC2,0.8427749674658258
GSE267552,BC12,LINC02446,1.0197652786122793
GSE267552,BC12,CDKN1B,0.9697115166781497
GSE267552,BC12,ATF7IP,0.836726652304901
GSE267552,BC12,ARHGDIB,0.9264174270086998
GSE267552,BC12,LDHB,0.9899410130605107
GSE267552,BC12,RESF1,1.0683610849001468
GSE267552,BC12,SCAF11,0.8830771335284714
GSE267552,BC12,SLC38A1,0.7988290780820422
GSE267552,BC12,SLC38A2,0.8636942433085621
GSE267552,BC12,PCED1B,0.785013289035681
GSE267552,BC12,PCED1B-AS1,1.0323347940842467
GSE267552,BC12,TUBA1B,0.9054730428426887
GSE267552,BC12,TUBA1A,0.9618487344220567
GSE267552,BC12,TMBIM6,0.9986112410745673
GSE267552,BC12,LIMA1,0.4302771100264992
GSE267552,BC12,DAZAP2,0.9875411221082553
GSE267552,BC12,BIN2,0.8268453768397971
GSE267552,BC12,NR4A1,0.792380060386081
GSE267552,BC12,EIF4B,0.9122637495490138
GSE267552,BC12,PFDN5,0.9893534890419129
GSE267552,BC12,PRR13,0.923741183640653
GSE267552,BC12,ATP5MC2,1.0014444937790128
GSE267552,BC12,HNRNPA1,0.9939433894724956
GSE267552,BC12,BLOC1S1,0.8434568904355442
GSE267552,BC12,CD63,0.8363940476318342
GSE267552,BC12,PA2G4,0.8633632576192656
GSE267552,BC12,MYL6,0.9733773088850307
GSE267552,BC12,ATP5F1B,0.8925647474041518
GSE267552,BC12,PTGES3,0.9827619931814873
GSE267552,BC12,NACA,0.8432856379545003
GSE267552,BC12,ARHGAP9,0.8379424181663991
GSE267552,BC12,USP15,0.8166036625001482
GSE267552,BC12,TMBIM4,0.8404288801636918
GSE267552,BC12,IFNG,0.8003828001914152
GSE267552,BC12,RAP1B,0.923063284188355
GSE267552,BC12,GLIPR1,0.8809278725596887
GSE267552,BC12,NAP1L1,0.8446649899843526
GSE267552,BC12,PPP1R12A,0.8134455265848141
GSE267552,BC12,AC025164.1,0.7824677537021308
GSE267552,BC12,SLC25A3,0.8882051309975662
GSE267552,BC12,HSP90B1,1.0074552286990075
GSE267552,BC12,C12orf75,0.8097902479221037
GSE267552,BC12,ISCU,0.8559883644301755
GSE267552,BC12,SELPLG,0.9027144327254127
GSE267552,BC12,ARPC3,1.0055407201757571
GSE267552,BC12,ERP29,0.9291992416108302
GSE267552,BC12,PEBP1,0.8739961042936981
GSE267552,BC12,RPLP0,0.8398752396451544
GSE267552,BC12,COX6A1,0.9976952941551643
GSE267552,BC12,SRSF9,0.8229539191128655
GSE267552,BC12,DYNLL1,0.8868758909645578
GSE267552,BC12,OASL,0.8448197562754058
GSE267552,BC12,RSRC2,0.8258522286155028
GSE267552,BC12,ARL6IP4,0.8803838065626448
GSE267552,BC12,UBC,0.9685270903399988
GSE267552,BC12,RAN,0.95036656842173
GSE267552,BC12,MPHOSPH8,0.8634867908188752
GSE267552,BC12,SAP18,0.9353159451202493
GSE267552,BC12,MRPL57,0.7820843380786107
GSE267552,BC12,RPL21,0.9577028910197793
GSE267552,BC12,GTF3A,0.8609564559267443
GSE267552,BC12,POMP,0.7770822190263368
GSE267552,BC12,HMGB1,1.0158796954149318
GSE267552,BC12,ALOX5AP,1.0872198945880496
GSE267552,BC12,HSPH1,1.1159852892824158
GSE267552,BC12,N4BP2L2,0.8578267633466586
GSE267552,BC12,ELF1,0.9896243364290677
GSE267552,BC12,RGCC,1.201311423977062
GSE267552,BC12,TPT1,0.8580093819418091
GSE267552,BC12,LCP1,1.008906529435859
GSE267552,BC12,ITM2B,0.9418530484883186
GSE267552,BC12,COMMD6,1.0122298191668215
GSE267552,BC12,MYCBP2,0.816432459181907
GSE267552,BC12,GPR183,0.7954594595640396
GSE267552,BC12,ARGLU1,0.9233807519128936
GSE267552,BC12,LAMP1,0.7871590890802388
GSE267552,BC12,HNRNPC,0.9226814322743406
GSE267552,BC12,TRAC,0.8894148946766758
GSE267552,BC12,DAD1,0.9084340243935054
GSE267552,BC12,PABPN1,0.78392662726198
GSE267552,BC12,PSME1,1.0095072115361428
GSE267552,BC12,PSME2,1.0274853387113287
GSE267552,BC12,NEDD8,0.8835941434973424
GSE267552,BC12,GZMH,1.1275528452180856
GSE267552,BC12,GZMB,0.9046735627228222
GSE267552,BC12,SNX6,0.8326395085035415
GSE267552,BC12,FAM177A1,0.9096404431399783
GSE267552,BC12,PSMA6,0.8382252509418897
GSE267552,BC12,NFKBIA,1.2821366078319443
GSE267552,BC12,PNN,0.7957609149725798
GSE267552,BC12,RPL36AL,0.9548057913106544
GSE267552,BC12,ARF6,0.9137861812972788
GSE267552,BC12,GNG2,0.8896222143069135
GSE267552,BC12,RTRAF,0.7801529937313966
GSE267552,BC12,LGALS3,0.839094161605088
GSE267552,BC12,KTN1,0.9656887774815178
GSE267552,BC12,DHRS7,0.8971638448869832
GSE267552,BC12,PRKCH,0.9265574709297675
GSE267552,BC12,HIF1A,0.895693987756762
GSE267552,BC12,SYNE2,0.9977743096953534
GSE267552,BC12,CHURC1,0.8927479849342913
GSE267552,BC12,ZFP36L1,1.0779302488215987
GSE267552,BC12,SRSF5,0.9048456294084721
GSE267552,BC12,RBM25,0.870965051623061
GSE267552,BC12,TMED10,0.8163083492834581
GSE267552,BC12,FOS,1.4996614447826777
GSE267552,BC12,CALM1,0.9958894015562789
GSE267552,BC12,TC2N,0.8833641672735981
GSE267552,BC12,NDUFB1,0.8660055707064884
GSE267552,BC12,DDX24,1.038298775391827
GSE267552,BC12,PAPOLA,0.8054675061625244
GSE267552,BC12,BCL11B,0.8941332271098645
GSE267552,BC12,EVL,1.0340801277079932
GSE267552,BC12,PPP2R5C,0.9573315566595716
GSE267552,BC12,HSP90AA1,1.2807166006894894
GSE267552,BC12,EIF5,0.9115707286015483
GSE267552,BC12,ATP5MPL,0.8814307663697285
GSE267552,BC12,CRIP1,1.1811531427057251
GSE267552,BC12,SNRPN,0.7940760025329464
GSE267552,BC12,NSMCE3,0.7974649487444178
GSE267552,BC12,KLF13,0.7924777879453642
GSE267552,BC12,SRP14,0.9631448204781448
GSE267552,BC12,PDIA3,0.9943651296151413
GSE267552,BC12,SERF2,0.9152768039750077
GSE267552,BC12,EID1,0.8339919313249597
GSE267552,BC12,TMOD3,0.7830096807831045
GSE267552,BC12,VPS13C,0.8476263213093358
GSE267552,BC12,RPS27L,0.7764221456681833
GSE267552,BC12,RAB8B,0.7844239018089086
GSE267552,BC12,PPIB,1.0154106585810687
GSE267552,BC12,RPL4,1.0313156517175888
GSE267552,BC12,PKM,0.8979874229791145
GSE267552,BC12,CSK,0.8429012718255833
GSE267552,BC12,COX5A,0.8217953300532141
GSE267552,BC12,MORF4L1,0.9513707277837858
GSE267552,BC12,IL16,0.8555158096838372
GSE267552,BC12,RPS17,0.9457233585012448
GSE267552,BC12,AKAP13,0.9622396790166601
GSE267552,BC12,ISG20,1.0570978546086012
GSE267552,BC12,IDH2,0.8134268029972627
GSE267552,BC12,CIB1,0.9498204336744058
GSE267552,BC12,IQGAP1,0.9626280598748131
GSE267552,BC12,LINC01578,0.9910871180415323
GSE267552,BC12,UBE2I,0.8244074850984278
GSE267552,BC12,NDUFB10,0.8250553132385569
GSE267552,BC12,ATP6V0C,0.9674487655778505
GSE267552,BC12,SRRM2,0.9952466896877544
GSE267552,BC12,ELOB,0.9829072549646191
GSE267552,BC12,IL32,0.9736293199805603
GSE267552,BC12,SOCS1,1.0731914974761865
GSE267552,BC12,LITAF,0.9730524208789612
GSE267552,BC12,GSPT1,0.8303733972784513
GSE267552,BC12,ARL6IP1,0.9064897657076912
GSE267552,BC12,RBBP6,0.7934981057469007
GSE267552,BC12,CD19,0.014565155888850672
GSE267552,BC12,LAT,0.8706319234564757
GSE267552,BC12,ALDOA,0.9906157553885722
GSE267552,BC12,YPEL3,0.9192953603517645
GSE267552,BC12,CORO1A,1.022166874592056
GSE267552,BC12,SEPTIN1,0.9991531349573721
GSE267552,BC12,FUS,1.0141887234076061
GSE267552,BC12,RBL2,0.8723025489487598
GSE267552,BC12,MT2A,1.2001680548551619
GSE267552,BC12,HERPUD1,1.0741569856643147
GSE267552,BC12,CKLF,1.0026897121839184
GSE267552,BC12,CIAO2B,0.7979756558524633
GSE267552,BC12,PSMB10,0.9579918833068473
GSE267552,BC12,GABARAPL2,0.8843136107364491
GSE267552,BC12,TERF2IP,0.9717648865285269
GSE267552,BC12,COTL1,1.142106228317708
GSE267552,BC12,COX4I1,1.0012105482470823
GSE267552,BC12,MAP1LC3B,0.9403775359206065
GSE267552,BC12,CYBA,0.9560316825102723
GSE267552,BC12,APRT,0.9373603717591795
GSE267552,BC12,ANKRD11,0.8028993181713588
GSE267552,BC12,TCF25,0.8553295761922264
GSE267552,BC12,ITGAE,0.7506467558903221
GSE267552,BC12,PFN1,0.8626948471052966
GSE267552,BC12,RNASEK,0.9968553809310622
GSE267552,BC12,GABARAP,0.9769062576414194
GSE267552,BC12,EIF5A,0.827216448855372
GSE267552,BC12,ACAP1,0.8606653487050143
GSE267552,BC12,EIF4A1,0.9152665674764734
GSE267552,BC12,TRAPPC1,0.8825005588327229
GSE267552,BC12,VAMP2,0.9728642736865403
GSE267552,BC12,NCOR1,0.8925258672398853
GSE267552,BC12,UBB,1.078729082939659
GSE267552,BC12,SNHG29,1.016360425250444
GSE267552,BC12,WSB1,0.7834586997262463
GSE267552,BC12,RPL23A,0.8397582857097292
GSE267552,BC12,EVI2B,0.8927713416727496
GSE267552,BC12,SLFN5,0.8983378548826781
GSE267552,BC12,CCL5,0.8299922128503607
GSE267552,BC12,CCL4,1.6898571075621307
GSE267552,BC12,CCL4L2,1.2100799506135995
GSE267552,BC12,SYNRG,0.8210581802489637
GSE267552,BC12,PSMB3,0.836707222737427
GSE267552,BC12,RPL23,0.9856746757032854
GSE267552,BC12,ERBB2,0.06748726805832518
GSE267552,BC12,IKZF3,0.9355233216336537
GSE267552,BC12,KRT10,0.864804829752729
GSE267552,BC12,EIF1,0.8439132829465492
GSE267552,BC12,STAT3,0.8356691313697084
GSE267552,BC12,RPL27,1.00451269695912
GSE267552,BC12,SKAP1,0.9304904944952714
GSE267552,BC12,TOB1,0.8501404117149935
GSE267552,BC12,NME2,0.8793491166156582
GSE267552,BC12,LIMD2,1.0418474100511792
GSE267552,BC12,ERN1,0.7837318899707699
GSE267552,BC12,DDX5,0.9608471207424008
GSE267552,BC12,PITPNC1,0.7898238994641136
GSE267552,BC12,PRKAR1A,0.8088735918362905
GSE267552,BC12,RPL38,0.9661751288954137
GSE267552,BC12,SLC9A3R1,0.8913413984646336
GSE267552,BC12,FDXR,0.1566014873813288
GSE267552,BC12,ATP5PD,0.8036924530624658
GSE267552,BC12,JPT1,0.7759445031400188
GSE267552,BC12,SUMO2,0.9887833948871487
GSE267552,BC12,H3F3B,0.8979816737452732
GSE267552,BC12,UBALD2,0.8525651682382647
GSE267552,BC12,SRSF2,0.9135795138935195
GSE267552,BC12,SEPTIN9,0.9864506381391394
GSE267552,BC12,RNF213,1.0562371514291422
GSE267552,BC12,ACTG1,0.9827265160658649
GSE267552,BC12,P4HB,0.7967486176626695
GSE267552,BC12,ARHGDIA,0.8924417869244401
GSE267552,BC12,CD7,1.1606404094887244
GSE267552,BC12,METRNL,0.813977841494029
GSE267552,BC12,SMCHD1,1.0016185902768764
GSE267552,BC12,MYL12A,0.9715074210238903
GSE267552,BC12,MYL12B,1.009931685472518
GSE267552,BC12,NDUFV2,0.7904486409927256
GSE267552,BC12,ANKRD12,0.9743068639302208
GSE267552,BC12,ROCK1,0.8025791697282106
GSE267552,BC12,TTC39C,0.7926121896317267
GSE267552,BC12,ATP5F1A,0.7834465539003261
GSE267552,BC12,RPL17,0.9283702197345016
GSE267552,BC12,MBP,0.9380150175957337
GSE267552,BC12,GZMM,1.0063519038040225
GSE267552,BC12,BSG,0.7960840470061993
GSE267552,BC12,CNN2,0.9599898789190775
GSE267552,BC12,GPX4,0.9188693790127782
GSE267552,BC12,ATP5F1D,0.9399941772855129
GSE267552,BC12,CIRBP,0.9997353290657021
GSE267552,BC12,UQCR11,0.9933059650601505
GSE267552,BC12,ABHD17A,0.8353666894681044
GSE267552,BC12,OAZ1,0.9683243585115685
GSE267552,BC12,LSM7,0.8893843006018978
GSE267552,BC12,GADD45B,0.9965317434088756
GSE267552,BC12,TLE5,1.0079650420274393
GSE267552,BC12,EEF2,1.0224841832734504
GSE267552,BC12,MAP2K2,0.8058554042050466
GSE267552,BC12,NDUFA11,0.8976173304019558
GSE267552,BC12,TNFSF9,0.8252107725996191
GSE267552,BC12,PET100,0.8901981757915176
GSE267552,BC12,HNRNPM,0.8070011143324777
GSE267552,BC12,UBL5,1.0018079289895623
GSE267552,BC12,SHFL,0.7979571284567077
GSE267552,BC12,EIF3G,0.9137322928019955
GSE267552,BC12,ICAM3,0.8198455029051911
GSE267552,BC12,CDC37,0.8940656326453732
GSE267552,BC12,WDR83OS,0.892518934982136
GSE267552,BC12,TRIR,0.9582826170416225
GSE267552,BC12,JUNB,1.489134226111551
GSE267552,BC12,CALR,0.9738303089612447
GSE267552,BC12,IER2,1.130434376418992
GSE267552,BC12,C19orf53,0.864213869874202
GSE267552,BC12,ADGRE5,0.9085028127992569
GSE267552,BC12,DNAJB1,1.5603125547167807
GSE267552,BC12,TECR,0.8481430929781395
GSE267552,BC12,RASAL3,0.8268880815935323
GSE267552,BC12,KLF2,1.4520361844301823
GSE267552,BC12,BST2,0.9058943553110014
GSE267552,BC12,JUND,1.255617336831
GSE267552,BC12,FKBP8,0.8479913446983198
GSE267552,BC12,UBA52,0.915155379757261
GSE267552,BC12,REX1BD,0.8961380299995245
GSE267552,BC12,COPE,0.8444867840423457
GSE267552,BC12,NDUFA13,0.9723432347789948
GSE267552,BC12,LSM14A,0.8102786135874279
GSE267552,BC12,GPI,0.7947099928629203
GSE267552,BC12,FXYD5,1.0569354844135506
GSE267552,BC12,COX6B1,0.9955513160158688
GSE267552,BC12,HCST,0.9998120580733686
GSE267552,BC12,CAPNS1,0.7968264788128536
GSE267552,BC12,EIF3K,1.0036427530426453
GSE267552,BC12,ACTN4,0.8249747386479139
GSE267552,BC12,ECH1,0.8424397473857747
GSE267552,BC12,HNRNPL,0.9216632864693429
GSE267552,BC12,GMFG,1.0215850121145662
GSE267552,BC12,ZFP36,1.4366240833662873
GSE267552,BC12,RPS16,0.8901288554526984
GSE267552,BC12,SERTAD1,0.8516146004037813
GSE267552,BC12,TGFB1,1.0456429901445028
GSE267552,BC12,RPS19,0.8387746409285031
GSE267552,BC12,ARHGEF1,0.9444095934128676
GSE267552,BC12,RABAC1,0.9368901001960858
GSE267552,BC12,FOSB,0.9210519571128402
GSE267552,BC12,SNRPD2,0.9974508376759793
GSE267552,BC12,CALM3,0.888139720105467
GSE267552,BC12,NOP53,0.9070024982329431
GSE267552,BC12,SELENOW,0.887127287799249
GSE267552,BC12,EMP3,1.0573050875171592
GSE267552,BC12,PPP1R15A,1.0229573999892176
GSE267552,BC12,BAX,0.8063334283806527
GSE267552,BC12,FTL,1.0757547487643315
GSE267552,BC12,CD37,1.0058023017475841
GSE267552,BC12,RPL13A,0.950926838459451
GSE267552,BC12,RPS11,1.0164819053983989
GSE267552,BC12,NKG7,1.2233603338408976
GSE267552,BC12,ZNF331,1.0740469313771248
GSE267552,BC12,NDUFA3,0.9975744897614227
GSE267552,BC12,RPS9,0.9711490249456881
GSE267552,BC12,UBE2S,0.9008797943570235
GSE267552,BC12,RPS5,0.8960692125169877
GSE267552,BC12,SNRPB,0.8447893001651847
GSE267552,BC12,TMX4,0.8289251547658358
GSE267552,BC12,CST7,1.1264533251571185
GSE267552,BC12,APMAP,0.8263999966255724
GSE267552,BC12,RALY,0.7804642262806689
GSE267552,BC12,EIF2S2,0.8066309807989959
GSE267552,BC12,ROMO1,0.8860180281669
GSE267552,BC12,RBM39,0.9911292087822046
GSE267552,BC12,SCAND1,0.7886983628900293
GSE267552,BC12,SAMHD1,0.8171983545082144
GSE267552,BC12,YWHAB,1.0117297782140875
GSE267552,BC12,STK4,0.9837519542487945
GSE267552,BC12,PREX1,0.7935986935731479
GSE267552,BC12,ZFAS1,0.9097084096514685
GSE267552,BC12,UBE2V1,0.8721121943135692
GSE267552,BC12,NFATC2,0.8106968857435011
GSE267552,BC12,RBM38,0.7776036821223404
GSE267552,BC12,GNAS,1.0027266380305768
GSE267552,BC12,ATP5F1E,0.8850228837366841
GSE267552,BC12,PSMA7,0.9974374479086198
GSE267552,BC12,PPDPF,0.9787120571904481
GSE267552,BC12,LIME1,0.9702555540527157
GSE267552,BC12,SAMSN1,0.9487518167977799
GSE267552,BC12,ATP5PF,0.8844656041038732
GSE267552,BC12,SOD1,0.9945332543494765
GSE267552,BC12,SON,1.0087049647277566
GSE267552,BC12,ATP5PO,0.8318277340594544
GSE267552,BC12,MRPS6,0.8182732940963754
GSE267552,BC12,HMGN1,0.9824244963660049
GSE267552,BC12,MX1,0.8279537556583186
GSE267552,BC12,ABCG1,0.5184236501192045
GSE267552,BC12,CSTB,0.9126861315480661
GSE267552,BC12,ITGB2,1.0526016261194409
GSE267552,BC12,PRMT2,0.8358308065471273
GSE267552,BC12,CHCHD10,0.8039074035342961
GSE267552,BC12,MIF,1.0366913432912341
GSE267552,BC12,EWSR1,0.8607921704000794
GSE267552,BC12,UQCR10,0.9410253313732391
GSE267552,BC12,PIK3IP1,0.9144835135428783
GSE267552,BC12,MYH9,1.0619548588416978
GSE267552,BC12,RAC2,0.9911280517735909
GSE267552,BC12,LGALS1,1.059229290981016
GSE267552,BC12,DDX17,0.9503081591052781
GSE267552,BC12,SUN2,0.9563261153374433
GSE267552,BC12,APOBEC3G,1.035683337467145
GSE267552,BC12,RPL3,0.9115491169611154
GSE267552,BC12,ST13,0.8564878024651957
GSE267552,BC12,XRCC6,0.8407332985136375
GSE267552,BC12,SNU13,0.8900642544131111
GSE267552,BC12,SMDT1,0.8755826733986931
GSE267552,BC12,TSPO,0.840805189750689
GSE267552,BC12,SLC25A6,1.02342801276147
GSE267552,BC12,CD99,1.0102311141196663
GSE267552,BC12,SH3KBP1,0.9300407291531955
GSE267552,BC12,EIF1AX,0.7926448580472912
GSE267552,BC12,SAT1,0.9840836449746803
GSE267552,BC12,DDX3X,0.8550169218320066
GSE267552,BC12,NDUFB11,0.9084684506262761
GSE267552,BC12,UXT,0.8595881783554895
GSE267552,BC12,RBM3,0.8802754097548479
GSE267552,BC12,WAS,0.8600849433138901
GSE267552,BC12,PLP2,0.9943345427360554
GSE267552,BC12,TSPYL2,0.9724830390165614
GSE267552,BC12,MSN,0.9839739644938039
GSE267552,BC12,IL2RG,1.0032904878658724
GSE267552,BC12,CXCR3,0.92882779043224
GSE267552,BC12,ATRX,0.8625126166194252
GSE267552,BC12,COX7B,0.8871989736121215
GSE267552,BC12,PGK1,0.9899034180692909
GSE267552,BC12,ITM2A,1.0785972776100865
GSE267552,BC12,SH3BGRL,0.8580595692521428
GSE267552,BC12,RPL36A,0.9340700069482959
GSE267552,BC12,TSC22D3,1.2757624334256061
GSE267552,BC12,SLC25A5,0.9394955120763864
GSE267552,BC12,SEPTIN6,0.9368859761475455
GSE267552,BC12,NDUFA1,0.9707232033442565
GSE267552,BC12,SH2D1A,0.9325074288648871
GSE267552,BC12,RBMX,0.7937437912201976
GSE267552,BC12,IDS,0.8905137489057027
GSE267552,BC12,NSDHL,0.17458966555494335
GSE267552,BC12,BCAP31,0.8260261026328888
GSE267552,BC12,SSR4,0.9786072954749652
GSE267552,BC12,FLNA,0.9348379179248529
GSE267552,BC12,EMD,0.7919959437039862
GSE267552,BC12,G6PD,0.5098535812349199
GSE267552,BC12,MT-ND1,1.095823504458933
GSE267552,BC12,MT-ND2,1.1434147321887391
GSE267552,BC12,MT-CO1,1.1451291553798617
GSE267552,BC12,MT-CO2,1.1784154234473168
GSE267552,BC12,MT-ATP8,0.9881729818584731
GSE267552,BC12,MT-ATP6,1.0636936446028777
GSE267552,BC12,MT-CO3,1.2277671420343435
GSE267552,BC12,MT-ND3,1.1788706551679975
GSE267552,BC12,MT-ND4L,1.1483954577678044
GSE267552,BC12,MT-ND4,1.0642071554858887
GSE267552,BC12,MT-ND5,1.0619508817369885
GSE267552,BC12,MT-ND6,0.8177613469032284
GSE267552,BC12,MT-CYB,1.259214376326184
